NT_PC,NT_FS,NT_PFE,NT_WCE,NT_PSC,NT_PARV,ST_PC,ST_FS,ST_PFE,ST_WCE,ST_PSC,ST_PARV,RI_NT,RI_ST
-0.428786,0.005908,0.388246,0.200988,0.199893,0.337338,0.3186,0.193096,0.557573,0.206195,-0.358158,-0.045485,0.140048,0.387497
-0.041913,0.092935,0.272263,0.058048,-0.120254,0.397549,-0.110197,0.147422,0.694445,0.059203,-0.032865,0.144407,0.257918,0.258829
0.006465,-0.032163,0.394872,0.203028,-0.088886,0.282888,0.163188,0.380444,0.348785,0.161781,-0.197287,-0.049892,0.452996,0.200832
-0.281366,-0.211167,0.53867,0.087592,0.126881,0.464379,0.291691,0.295585,0.303929,0.111651,-0.265925,0.000573,0.433682,0.306821
0.150789,-0.231646,0.619267,0.058691,-0.23143,0.336121,0.164406,0.023923,0.607991,0.195532,-0.20888,-0.020179,0.503482,0.120307
-0.007224,-0.04487,0.345805,0.158003,-0.133737,0.375458,0.229216,0.194541,0.501817,0.084119,-0.178525,-0.164285,0.490557,0.235966
-0.142874,0.063291,0.15182,0.100229,0.003512,0.416446,0.269011,0.183267,0.47308,0.12051,-0.206863,-0.040953,0.393582,0.273264
-0.109384,0.096932,0.165269,0.077191,0.063027,0.547375,0.128865,-0.073018,0.545597,0.194128,0.095366,0.194787,0.423474,0.439443
-0.370317,0.050457,0.5138,0.111538,0.131018,0.476614,0.347526,0.115565,0.575945,0.098223,-0.323304,-0.059678,0.474043,0.149217
0.086049,-0.027209,0.381832,0.161791,-0.289674,0.521077,0.241202,0.142907,0.482926,0.153782,-0.250394,0.031702,0.640982,-0.002755
-0.220412,0.019157,0.35592,0.338526,-0.021572,0.295316,-0.117825,0.205294,0.632377,0.220622,-0.20345,-0.039376,0.328773,0.121787
0.177902,-0.147933,0.32129,0.233903,-0.012654,0.306854,0.179059,0.29895,0.359717,0.134117,-0.100804,0.029838,0.408121,0.340759
0.047881,-0.338841,0.445027,0.161242,0.017379,0.489082,-0.00475,0.029472,0.680438,0.129441,-0.142943,0.067144,0.316745,0.290695
0.137389,-0.034508,0.401257,0.153001,-0.188347,0.285817,0.214627,0.371246,0.290066,0.255887,-0.191796,-0.085998,0.422681,0.214051
0.351211,-0.139783,0.31596,0.145794,-0.186782,0.280628,0.165325,0.199221,0.605984,0.035005,-0.239701,0.10631,0.268008,0.411915
-0.046284,0.120906,0.165318,0.118796,0.016925,0.359162,0.066442,0.111361,0.750398,-0.029698,-0.179685,0.035166,0.331792,0.420128
-0.073708,-0.152827,0.490016,0.19881,0.00556,0.340844,0.031553,0.12635,0.720213,0.055,-0.326741,0.153088,0.177046,0.529879
-0.089716,-0.048445,0.445603,0.112237,-0.021105,0.298556,0.230217,0.255463,0.507781,0.118052,-0.215993,-0.037625,0.266779,0.42204
-0.005251,-0.08187,0.195364,0.022914,0.094166,0.47115,0.002001,0.318951,0.541574,0.101378,-0.159769,-0.040105,0.371062,0.410507
-0.047374,-0.309132,0.592833,0.139381,-0.10731,0.453769,0.137506,0.005578,0.674635,0.236751,-0.280496,-0.042578,0.410291,0.195652
-0.006978,-0.071254,0.429381,0.10685,-0.10178,0.479829,0.188194,0.352813,0.350378,0.164606,-0.288456,-0.045982,0.414926,0.082941
0.132114,-0.198472,0.381884,0.263074,-0.057249,0.339762,0.215793,0.328529,0.417792,0.218996,-0.268976,0.021532,0.381345,0.340862
-0.087072,-0.112998,0.422562,0.212653,-0.060669,0.38427,0.060606,-0.031229,0.721754,0.147723,-0.137687,-0.10939,0.416236,0.035553
-0.101706,-0.058367,0.405176,0.17706,-0.127223,0.45096,0.014432,0.352898,0.519362,0.04542,-0.199603,-0.032107,0.28098,0.254848
-0.059087,-0.11097,0.430375,0.001267,0.063306,0.496715,0.233517,0.132556,0.497659,0.162579,-0.167508,-0.11621,0.353547,0.200717
-0.024504,-0.021904,0.361343,0.112031,-0.227345,0.425894,-0.014862,-0.074219,0.796924,0.153171,-0.099249,0.058695,0.387859,0.140011
0.17254,-0.154054,0.515191,0.160327,-0.219864,0.241182,0.324041,0.043294,0.58049,0.138639,-0.294803,-0.097928,0.421634,0.201741
0.055525,0.024084,0.431342,0.180597,-0.16819,0.392854,0.439678,0.248006,0.608791,0.127182,-0.495649,-0.16991,0.64226,-0.064657
-0.027647,0.000521,0.199201,-0.025747,0.054683,0.459613,0.228341,0.294523,0.38658,0.070219,-0.213857,-0.045991,0.307894,0.247445
-0.044308,-0.019748,0.390963,0.094567,-0.061128,0.314965,0.172708,0.10862,0.581377,-0.029342,-0.187215,0.025364,0.320314,0.287085
0.018412,0.001977,0.260746,0.289191,-0.035829,0.325375,0.297209,0.338002,0.4651,0.151851,-0.390191,-0.08694,0.398556,0.136905
0.008351,-0.215943,0.308407,0.367449,0.176523,0.420473,0.194807,0.205101,0.395666,0.149463,-0.10129,-0.093694,0.442272,0.066952
0.239272,-0.132666,0.408509,0.122091,-0.086338,0.161289,0.481638,0.00506,0.400145,0.090627,-0.21065,-0.162261,0.283228,0.218391
-0.13282,-0.008462,0.434341,0.030578,0.021874,0.36014,0.142686,0.237273,0.364563,0.26012,-0.209353,-0.128109,0.411132,0.180997
-0.05325,-0.050093,0.31894,0.279042,-0.07425,0.41101,0.31632,-0.051809,0.805315,0.098272,-0.24556,-0.104104,0.293909,0.291626
0.17059,0.133356,0.273383,0.089622,-0.242015,0.315151,0.357026,-0.078827,0.686503,0.163216,-0.247162,-0.063405,0.466898,0.160809
0.002285,-0.15259,0.396784,0.195627,-0.066826,0.474102,-0.102515,0.364536,0.477341,0.254984,-0.194843,0.02214,0.361565,0.252362
0.03218,0.175231,0.287884,0.13987,-0.123183,0.269331,0.282989,0.085979,0.582183,0.07848,-0.254548,-0.103021,0.490265,0.260743
0.145211,-0.033604,0.165344,0.055445,-0.174602,0.498623,0.343596,0.02001,0.529242,0.02184,-0.334794,0.178946,0.359218,0.408742
-0.014912,0.086134,0.340719,0.236577,-0.088715,0.348281,-0.049356,0.119624,0.557865,0.311876,-0.115441,0.083642,0.582048,0.127792
-0.271491,-0.095206,0.449558,0.140555,0.118189,0.32677,0.144458,0.209369,0.496291,-0.070663,-0.17183,0.030796,0.25836,0.322893
-0.041601,-0.055861,0.473828,0.108203,-0.07669,0.285924,0.04419,0.179299,0.630469,0.038216,-0.148134,0.075344,0.224137,0.331338
0.10972,-0.125938,0.214342,0.168049,0.081167,0.379508,0.319474,0.310177,0.460731,0.075023,-0.394525,-0.040707,0.479039,0.238841
-0.19076,0.075087,0.177534,0.185561,0.098805,0.538481,0.253899,-0.117681,0.653575,0.308397,-0.250287,-0.056174,0.584192,0.151466
0.080804,-0.238184,0.377502,0.05971,-0.046078,0.462094,0.113369,0.313766,0.33756,0.19949,-0.131902,-0.074567,0.382178,0.146785
0.033461,-0.060005,0.320112,0.122215,-0.04161,0.490489,-0.000632,0.355902,0.442362,0.136521,-0.089754,-0.050703,0.530586,-0.047504
-0.049261,-0.150347,0.492005,0.124136,-0.106109,0.42462,0.291014,0.334426,0.340716,0.116758,-0.186464,-0.205499,0.55584,0.123134
0.163954,-0.233578,0.538729,0.247832,-0.106953,0.406522,0.170765,0.296899,0.317339,0.306268,-0.222646,-0.082886,0.594082,-0.049864
-0.085036,0.089283,0.363432,0.245386,-0.004504,0.077008,0.182877,0.032477,0.739585,0.122063,-0.16844,-0.11842,0.075744,0.499923
-0.161072,-0.028003,0.5133,0.034436,-0.00336,0.445463,0.06235,0.124009,0.440375,0.266923,-0.210202,-0.025248,0.512707,0.076309
0.10684,-0.077539,0.300323,0.142667,-0.090044,0.29883,0.3564,0.217885,0.49546,9.4e-05,-0.190816,-0.18984,0.276145,0.258403
0.122268,-0.199184,0.492512,0.03317,-0.086773,0.315696,0.195404,0.090222,0.689351,0.075711,-0.234261,-0.013316,0.261018,0.195657
0.08681,-0.106823,0.265461,0.085041,-0.077632,0.495901,0.283759,0.487969,0.348351,-0.020683,-0.376442,-0.136525,0.418803,0.357298
0.195552,-0.080966,0.290199,0.258248,-0.128046,0.367576,0.392242,0.150542,0.556383,-0.000575,-0.32142,0.022146,0.595413,0.119763
-0.147084,0.068702,0.427825,-0.011769,0.004289,0.472974,0.215776,0.117585,0.580635,0.173227,-0.142811,0.068111,0.437321,0.321801
0.046964,-0.134018,0.381993,0.16776,-0.065083,0.365026,0.104437,-0.203517,0.858051,0.108094,-0.16031,0.042558,0.375193,0.278498
-0.129848,-0.138346,0.39912,0.137419,0.120234,0.378079,0.178306,-0.062855,0.570578,0.179864,-0.123227,0.082283,0.297683,0.336063
-0.294239,0.027082,0.448296,0.047648,0.007156,0.502462,0.105822,0.061445,0.563436,0.263142,-0.18192,-0.032518,0.401034,0.258074
-0.021041,-0.169726,0.411596,0.278082,-0.006477,0.404367,0.152616,0.040414,0.523208,0.265959,-0.153926,-0.009055,0.489339,0.284557
0.127297,-0.013937,0.251915,0.205085,-0.104931,0.319488,0.113933,0.091336,0.664476,0.06687,-0.029832,0.017565,0.238148,0.218897
-0.07555,-0.016396,0.379995,0.214735,-0.03601,0.350451,0.188036,0.06453,0.38625,0.287337,-0.125904,0.007094,0.487923,0.181991
0.10678,-0.071611,0.279085,0.064821,0.019761,0.429986,0.379575,0.067973,0.598844,0.16153,-0.172396,-0.137935,0.542576,0.048585
-0.029931,0.00331,0.307614,0.111589,-0.100152,0.453321,0.153775,0.176629,0.567449,0.076355,-0.244039,0.019345,0.652054,0.263509
-0.143185,-0.030193,0.220963,0.139822,0.054371,0.591174,0.088499,0.025898,0.659157,0.181815,-0.162736,-0.086618,0.540005,0.113629
-0.048289,-0.134278,0.422021,0.162969,0.012858,0.520296,0.453309,0.315918,0.265388,0.032189,-0.31583,0.045383,0.469717,0.318129
0.093534,-0.135479,0.37328,0.05266,-0.085555,0.527468,0.363351,0.068197,0.554537,0.045419,-0.436592,-0.050822,0.578442,0.091956
0.06506,0.09265,0.376145,0.118753,-0.134817,0.411046,0.051788,0.330073,0.434842,0.178251,-0.149578,-0.010186,0.460049,0.086268
0.189032,-0.137997,0.326118,0.042727,-0.057307,0.405916,0.301989,0.386023,0.297429,-0.012286,-0.095422,-0.037348,0.50852,0.362085
-0.097406,-0.116098,0.278694,0.146088,0.209313,0.348994,0.289968,0.105407,0.392404,0.220627,-0.048466,-0.052118,0.365881,0.191895
0.125358,-0.221729,0.321306,0.225658,0.030809,0.24542,0.215831,0.057197,0.393687,0.388783,-0.232073,-0.10824,0.332157,0.110797
-0.176419,-0.231956,0.606947,0.157264,0.069122,0.323178,0.124598,0.019151,0.753359,0.133821,-0.273762,-0.04035,0.087488,0.361695
-0.121634,-0.128201,0.504909,0.154866,-0.007366,0.480879,0.225418,0.09848,0.583758,0.102086,-0.133494,-0.078725,0.499058,0.020788
-0.084674,-0.096658,0.464894,0.092565,0.029709,0.290198,0.242607,0.225413,0.509124,0.133826,-0.244183,-0.11413,0.191582,0.364422
-0.000576,-0.14597,0.449293,0.269305,-0.160501,0.356589,0.086159,0.21312,0.4991,0.226836,-0.242654,0.05579,0.433923,0.201696
-0.173358,-0.207845,0.411858,0.133824,0.268463,0.445686,0.061527,0.156539,0.587627,0.12583,-0.189193,0.09918,0.291873,0.353175
-0.175266,-0.01748,0.37336,0.059174,0.017807,0.477317,0.279687,0.071475,0.592848,0.052234,-0.188655,-0.08167,0.459701,0.106168
-0.115773,-0.195822,0.555748,0.213598,-0.089485,0.4255,0.142632,0.315479,0.407446,0.202242,-0.237655,-0.095321,0.484841,0.093445
0.228848,0.050442,0.169701,0.162661,-0.09995,0.350047,0.023237,0.025667,0.646577,0.237588,-0.068041,-0.06059,0.297586,0.006227
-0.205835,0.067992,0.230362,0.198744,0.066188,0.48087,0.178544,-0.060379,0.564506,0.111415,-0.087681,0.046567,0.542186,0.166379
-0.131925,-0.076418,0.348977,0.2092,0.058116,0.369974,0.351219,0.105079,0.389279,0.165751,-0.295061,-0.109827,0.450976,0.127177
-0.153438,0.189136,0.450201,0.121708,-0.043908,0.310113,0.100244,0.172149,0.652888,0.080838,-0.206584,0.019384,0.508043,0.244567
-0.083321,-0.220655,0.407553,0.124401,0.101197,0.457758,0.130222,-0.082149,0.710413,0.12913,-0.207299,0.116668,0.211883,0.34646
-0.05329,0.273461,0.286574,0.027698,-0.094043,0.313733,0.162186,0.130689,0.6602,0.013072,-0.258426,-0.019222,0.401514,0.206818
-0.101792,0.06373,0.298643,0.163261,0.120434,0.433412,0.124473,0.12208,0.710344,0.177642,-0.176872,-0.007754,0.307611,0.152929
0.230436,-0.135147,0.330071,0.192772,-0.157346,0.314524,0.116621,0.207299,0.492538,0.267198,-0.210178,-0.015537,0.411529,0.247314
0.153932,-0.016239,0.418868,-0.010738,-0.164428,0.412902,0.559574,0.112937,0.433011,-0.044511,-0.368716,-0.010043,0.478679,0.164573
-0.074687,0.026039,0.183185,0.132597,-0.020662,0.491246,0.078439,0.273703,0.428739,0.130834,-0.149087,0.054789,0.486618,0.231981
-0.051508,-0.125411,0.380549,0.151804,0.029546,0.402486,0.021738,0.148873,0.638029,0.12357,-0.168733,0.074645,0.318674,0.343281
0.027692,-0.265755,0.552956,0.226063,0.001316,0.29632,0.254474,-0.307983,0.922042,0.176142,-0.327378,0.031514,0.343976,0.355183
0.206725,-0.146034,0.431444,0.111256,-0.184483,0.353661,0.15661,-0.066734,0.620848,0.211259,-0.056576,-0.108407,0.496365,0.084801
-0.078305,-0.151172,0.328287,0.061559,0.097335,0.471028,0.17404,0.088523,0.603022,0.134602,-0.314094,-0.04413,0.448235,0.232634
-0.17421,0.184808,0.191006,0.221734,-0.05562,0.400822,0.073204,0.017017,0.764989,0.124017,-0.065788,0.007779,0.252074,0.44191
0.069148,-0.000128,0.472098,0.172571,-0.163546,0.387416,0.006595,0.20349,0.508216,0.102964,0.025447,0.045692,0.416041,0.120755
0.049758,-0.134073,0.363219,0.104023,-0.063066,0.396551,0.255724,-0.076592,0.731699,0.094917,-0.185888,-0.062031,0.272789,0.093615
-0.07886,-0.227337,0.486642,0.365917,0.03069,0.402014,0.022414,0.218412,0.514154,0.151979,-0.226181,-0.024049,0.409164,0.1702
0.06483,-0.076432,0.441072,0.122992,-0.16192,0.390505,0.10742,0.129806,0.627858,0.168021,-0.201292,-0.033986,0.394619,0.252713
0.102273,-0.249047,0.293486,0.2894,0.035074,0.324718,0.173293,0.340819,0.347281,0.272162,-0.165332,-0.05667,0.310688,0.271581
0.423748,0.165494,0.095056,-0.01689,-0.286223,0.418127,0.070809,0.023379,0.537635,0.389302,-0.077089,-0.075872,0.614394,0.016622
0.115975,-0.252574,0.419057,0.176732,-0.03159,0.20893,0.134027,0.319439,0.515569,0.060753,-0.254855,-0.053148,0.232493,0.309099
-0.074254,-0.212459,0.371415,0.270146,0.14907,0.438162,0.018283,0.056341,0.691921,0.109452,-0.133326,0.072632,0.311419,0.321237
-0.029446,-0.08798,0.395387,0.102178,-0.05162,0.328318,0.008772,0.332744,0.44141,0.206261,-0.189938,0.020125,0.315992,0.302488
-0.070773,-0.123048,0.353226,0.086538,0.112964,0.41221,0.240914,-0.039601,0.61598,0.119501,-0.284266,0.133906,0.290872,0.203929
0.051602,-0.013884,0.356473,0.091232,-0.022578,0.451934,0.251135,-0.103453,0.670522,0.042492,-0.199837,0.173639,0.46659,0.249772
-0.123865,-0.108175,0.524467,0.184144,0.050038,0.267852,0.138647,0.050807,0.608475,0.164658,-0.076894,-0.034682,0.311886,0.20141
-0.108256,0.163168,0.275362,0.101825,-0.075308,0.420448,0.299923,-0.054832,0.701868,0.129172,-0.210164,-0.126523,0.433012,0.073182
0.034453,0.105699,0.263746,0.211942,-0.082025,0.274533,-0.007362,0.281541,0.576264,0.173198,-0.198533,-0.082875,0.388701,0.203285
-0.18645,0.103986,0.266075,0.085027,0.034587,0.483967,0.227201,0.139674,0.523654,0.188185,-0.203866,-0.143342,0.452997,0.346857
0.150109,-0.003936,0.318951,0.166567,-0.039687,0.227893,-0.179954,0.050028,0.853451,0.168127,-0.038148,0.127609,0.260939,0.341626
-0.03408,-0.085246,0.245672,0.149627,-0.069332,0.45327,-0.101983,-0.145028,0.935118,-0.123306,-0.144435,0.150379,0.488993,0.174757
-0.069988,0.0627,0.340861,0.086337,-0.01561,0.376089,0.245502,0.045377,0.533203,0.110147,-0.1803,0.067054,0.298198,0.359659
0.033443,-0.248373,0.507497,0.170647,-0.093617,0.445324,-0.006507,-0.046235,0.787756,0.149177,-0.314599,0.096199,0.432577,0.17956
-0.036215,-0.262563,0.565752,0.262151,0.063252,0.301752,0.180076,0.07289,0.625901,0.131395,-0.25047,0.129137,0.206395,0.306609
0.203521,-0.03878,0.394036,0.124891,-0.205389,0.241059,0.337182,0.395925,0.305723,0.145654,-0.348764,-0.186411,0.331179,0.086229
0.050648,0.107605,0.336876,0.234259,-0.016144,0.2343,0.197972,0.266528,0.411086,0.246739,-0.210506,-0.07956,0.389191,0.281717
-0.100203,0.024626,0.302087,0.146276,-0.081026,0.54675,0.157842,0.243421,0.388343,0.224385,-0.178736,-0.043766,0.637533,0.136498
-0.07609,-0.196059,0.313358,0.041708,0.053007,0.524544,0.366751,0.070631,0.614943,0.032803,-0.22499,0.05773,0.23651,0.425875
-0.021439,0.205941,0.396038,0.024926,-0.177804,0.368825,0.248496,-0.060589,0.567235,0.300312,-0.128104,-0.151168,0.426684,0.223149
-0.146451,-0.190038,0.270598,0.154409,0.166207,0.624471,0.035118,-0.062993,0.836567,0.000781,-0.151381,0.225499,0.311509,0.5663
0.053812,-0.140888,0.533004,0.197051,-0.094566,0.281692,0.22891,0.341809,0.365774,0.072293,-0.247264,0.014639,0.302542,0.352537
0.058076,-0.155417,0.471243,0.19573,-0.24035,0.389719,0.230547,0.116994,0.534243,0.126278,-0.298198,-0.084248,0.414578,0.096677
0.323465,0.07257,0.316609,0.200131,-0.225207,0.173248,0.401894,0.037792,0.56658,0.134027,-0.168058,0.053255,0.234382,0.371311
0.0652,0.035533,0.385842,0.123827,-0.106962,0.291261,0.029813,0.091083,0.705983,0.105319,-0.186456,0.065672,0.303194,0.266753
-0.002995,0.074124,0.267446,0.110191,0.081753,0.294545,-0.028604,0.353998,0.590533,0.007151,-0.068808,0.118156,0.23678,0.497753
0.067159,0.077927,0.280725,0.052336,-0.092767,0.422469,0.174265,0.173204,0.531628,0.218824,-0.167845,-0.161883,0.471799,0.20836
0.103593,-0.135887,0.215516,0.214906,-0.046138,0.451067,0.302719,-0.044856,0.573958,0.133112,-0.212939,-0.009336,0.432174,0.203131
-0.020432,-0.008197,0.328854,0.114268,0.070805,0.435732,0.40618,0.178256,0.4298,0.13614,-0.298867,0.002833,0.35777,0.360814
0.023894,-0.049145,0.406026,0.121121,-0.073716,0.494265,-0.091519,0.340094,0.591712,0.13526,-0.229309,0.171358,0.370107,0.285348
-0.063424,-0.182298,0.379751,0.087107,0.115414,0.474292,0.204909,0.231015,0.593414,-0.022294,-0.214537,0.077702,0.406593,0.356529
0.045139,0.057403,0.27408,0.283413,-0.121908,0.292204,-0.103239,0.356857,0.631737,0.093395,-0.095474,0.054728,0.326877,0.224537
0.213471,-0.11865,0.321643,0.158956,-0.178105,0.26909,0.189107,0.358595,0.360594,0.069023,-0.245207,0.063022,0.331814,0.194662
0.044673,0.124922,0.333208,0.042583,-0.212531,0.337105,-0.069923,0.217466,0.679365,0.088567,-0.164767,0.015823,0.272216,0.288813
-0.027429,-0.12539,0.292153,0.145595,0.01318,0.444278,0.1421,0.250015,0.502747,0.080351,-0.303926,-0.149916,0.419988,0.151498
-0.16959,-0.040842,0.324829,0.106352,0.130661,0.410252,0.120567,0.257698,0.527714,0.033849,-0.238452,-0.049378,0.211241,0.351499
0.013436,0.22421,0.195047,0.090662,-0.180932,0.264132,0.099337,0.211751,0.574714,0.084848,-0.293647,-0.139731,0.407815,0.120417
0.060715,0.068261,0.314107,0.127031,-0.177656,0.335974,0.221854,0.178368,0.543496,0.060884,-0.206614,0.048453,0.346009,0.24053
-0.281448,-0.012773,0.278409,0.120865,0.159069,0.373728,0.236967,-0.150129,0.727842,0.213764,-0.13926,0.045116,0.32485,0.381138
-0.151993,-0.168627,0.393007,0.294255,-0.024781,0.380496,0.104862,0.080903,0.590977,0.152701,-0.292093,0.036321,0.412043,0.370317
-0.102071,0.099408,0.331618,0.112562,0.027661,0.353078,0.228575,0.121292,0.551606,0.172667,-0.166009,-0.099481,0.45436,0.276495
0.179644,-0.103359,0.256292,0.094273,-0.099637,0.457052,0.063519,-0.006181,0.771725,0.091267,-0.105782,0.11378,0.303538,0.429513
-0.007321,0.174865,0.320514,0.131964,-0.14407,0.323138,0.405492,-0.253319,0.629328,0.332121,-0.265526,-0.081285,0.425263,0.049171
0.327307,-0.2323,0.294343,0.128326,-0.17675,0.39917,0.324129,0.054947,0.505035,0.132421,-0.210871,-0.030494,0.415388,0.297234
-0.255021,0.089953,0.290703,0.05646,0.163316,0.500172,0.292991,0.011317,0.598891,0.073233,-0.25821,0.072501,0.448165,0.254142
0.081495,-0.124148,0.34953,0.136393,-0.063734,0.360208,0.08461,-0.083755,0.757712,0.078066,-0.208943,0.123833,0.267228,0.417554
0.194296,-0.110613,0.19698,0.168929,-0.056942,0.360293,0.262412,0.129445,0.618624,0.053002,-0.201853,0.015916,0.262048,0.427654
-0.086844,-0.2067,0.433085,0.095581,0.067587,0.515401,0.251581,0.031011,0.753718,-0.019871,-0.246535,-0.023669,0.387164,0.167424
0.087344,0.03321,0.18358,0.193164,-0.139409,0.319335,0.02954,0.163001,0.721221,0.006378,-0.113572,0.090096,0.213285,0.331655
0.060051,0.061626,0.36544,0.183309,-0.024663,0.245613,0.26418,0.342515,0.422608,0.053324,-0.300387,-0.0799,0.380083,0.195287
-0.140521,-0.080899,0.431747,0.184484,-0.048544,0.381016,0.060423,-0.017424,0.650596,0.113484,-0.077906,0.136496,0.375592,0.399859
0.124367,0.010974,0.260582,0.214701,-0.115341,0.273765,0.296634,-0.062059,0.551315,0.207734,-0.150721,-0.115033,0.265998,0.191448
0.344515,-0.05249,0.28718,0.095503,-0.180309,0.274954,0.223077,0.14777,0.667487,0.001129,-0.275018,-0.025848,0.427669,0.375476
0.136628,0.063889,0.225535,0.189799,-0.163765,0.312447,0.122643,0.130505,0.600125,0.110405,-0.099207,0.016581,0.380599,0.216874
0.008476,-0.044888,0.382062,0.130785,-0.074515,0.339163,0.246788,0.339358,0.393873,0.172574,-0.251229,0.025883,0.308466,0.352004
0.183679,-0.024737,0.280495,0.122603,-0.133213,0.473584,0.257765,0.227435,0.456866,0.105037,-0.131233,0.027388,0.573756,0.118805
-0.003026,-0.08913,0.406841,0.237601,-0.030669,0.347867,0.134115,0.298514,0.269062,0.259574,-0.199601,-0.137736,0.581455,0.039041
-0.314115,-0.047062,0.492431,0.217911,0.112978,0.27194,0.030409,0.522902,0.434855,0.080672,-0.274572,-0.107869,0.222616,0.303275
-0.059948,0.1296,0.217626,0.191491,-0.043395,0.263712,0.104635,0.138024,0.688928,0.056673,-0.242532,0.043001,0.068851,0.404747
0.02429,-0.08527,0.430239,0.335805,-0.051642,0.188693,-0.1011,0.076793,0.823629,0.122726,-0.139784,0.113502,0.090133,0.385044
-0.033851,0.128579,0.274512,0.140097,-0.15156,0.387303,0.38783,-0.118162,0.624,0.039494,-0.15258,-0.036469,0.357451,0.195818
-0.043245,-0.10928,0.244651,0.15282,0.059133,0.443152,-0.048964,0.367642,0.547755,-0.031106,-0.101714,0.080602,0.435516,0.370319
-0.038604,-0.266966,0.483576,0.211793,0.00874,0.489705,0.189603,-0.052642,0.576452,0.14059,-0.233749,0.025772,0.363239,0.252619
-0.156133,-0.051712,0.344549,0.20943,0.086095,0.489666,0.137075,0.228685,0.565216,0.102067,-0.220292,0.092174,0.351517,0.195829
0.034772,-0.075057,0.43784,0.203665,-0.167096,0.27334,0.026662,-0.0489,0.670068,0.206254,-0.082907,-0.046176,0.473625,0.20861
0.14696,-0.031084,0.371876,0.024531,-0.104554,0.312746,0.29122,-0.008947,0.661802,0.027978,-0.257927,0.044589,0.276781,0.190531
0.072488,-0.211541,0.408121,0.239086,0.043923,0.377743,0.001926,0.322,0.545745,0.156789,-0.1848,0.073261,0.274328,0.22678
0.105321,-0.224515,0.617105,0.151175,-0.127735,0.130521,0.110369,0.065969,0.666614,0.10975,-0.13468,-0.002679,0.126922,0.187889
-0.004141,-0.049306,0.460348,0.087237,0.00042,0.324163,0.086413,0.46122,0.414053,0.080988,-0.23615,0.023191,0.334856,0.558108
-0.195932,0.208804,0.283258,0.277611,0.072918,0.297893,0.163439,0.302887,0.568209,0.108093,-0.338638,-0.074199,0.253654,0.469918
0.154227,-0.059193,0.353526,0.056877,-0.080541,0.462671,0.15617,0.1486,0.380956,0.055294,-0.08758,0.091847,0.418152,0.053754
-0.163689,-0.012356,0.258864,0.159448,0.04742,0.498811,0.172857,0.159345,0.41135,0.191835,-0.153853,-0.078182,0.474296,0.236288
-0.250779,0.043569,0.444332,0.215094,0.1553,0.362411,0.422997,0.182839,0.330946,0.120809,-0.269202,-0.024114,0.310317,0.344461
-0.120042,0.099946,0.259151,0.072468,0.033182,0.373172,0.186474,0.228292,0.613162,-0.024692,-0.289748,0.112563,0.062098,0.53692
-0.268682,0.120168,0.249787,0.248062,0.048311,0.393361,0.093607,0.260493,0.496982,0.109348,-0.073777,-0.083394,0.406633,0.21298
-0.113165,0.271584,0.003855,0.183033,0.014326,0.383975,0.065632,0.16636,0.684701,0.147381,-0.256536,0.046921,0.387424,0.476258
-0.038515,-0.001212,0.468151,0.114293,-0.036957,0.320028,-0.044091,0.173055,0.762738,0.064727,-0.160296,-0.02833,0.387492,0.156873
-0.006522,0.11039,0.238587,0.211115,-0.179728,0.252106,0.139404,0.295803,0.360792,0.127146,-0.175084,-0.069897,0.389866,0.285065
-0.01656,0.207317,0.316589,0.181666,-0.139363,0.308216,0.241846,0.210293,0.559539,0.155619,-0.373757,-0.0268,0.365501,0.216637
0.010422,0.020476,0.299569,0.122467,-0.060777,0.454725,0.198943,0.326093,0.639,0.010845,-0.321396,-0.113186,0.417066,0.357354
-0.013273,-0.23798,0.531041,0.362789,-0.079018,0.321231,-0.10954,0.298447,0.567811,0.105034,-0.213253,0.079419,0.272527,0.137143
0.013926,0.018913,0.295634,0.08621,0.020136,0.420156,0.073896,0.347701,0.514901,0.19483,-0.258882,0.050008,0.427148,0.371641
0.008279,-0.184501,0.489618,0.104798,-0.116778,0.433388,0.20379,0.181375,0.399402,0.269693,-0.204652,-0.073487,0.489232,0.070644
0.002263,-0.053624,0.245517,0.155356,0.068558,0.48802,0.268403,0.26266,0.394884,0.149044,-0.293712,0.006295,0.409861,0.336747
0.114806,-0.134336,0.304802,0.152965,-0.044485,0.39699,0.217583,0.121518,0.453216,0.164321,-0.274477,0.039202,0.45358,0.270688
-0.186794,-0.392566,0.503217,0.252733,0.117635,0.417132,0.007847,0.273208,0.397496,0.182817,-0.175726,0.124008,0.254097,0.35732
0.079409,-0.126716,0.290926,0.105183,-0.081718,0.424491,0.207055,0.032784,0.676362,0.135227,-0.23821,0.018282,0.451765,0.163286
0.000767,-0.207013,0.487775,0.15256,-0.021356,0.262567,0.043878,0.059469,0.753328,0.084875,-0.165585,0.091286,0.135322,0.513049
0.132221,-0.121413,0.432388,0.137672,-0.099581,0.330187,0.258828,0.201985,0.60362,0.08704,-0.291849,-0.093206,0.335544,0.405261
0.001681,-0.095214,0.217597,0.297111,-0.109297,0.364526,0.122022,0.228961,0.578906,0.218406,-0.228707,-0.072994,0.256607,0.383978
0.101783,-0.148901,0.350204,0.137473,-0.063894,0.471089,-0.047935,0.064507,0.615589,0.202552,-0.004481,0.085193,0.49002,0.213711
0.14531,-0.315173,0.514112,0.074277,-0.009068,0.360787,0.204129,0.135683,0.597306,0.066288,-0.247645,-0.045337,0.428772,0.237847
0.139056,-0.246227,0.578531,0.020272,-0.110791,0.50856,0.003918,0.124817,0.736835,-0.017054,-0.059037,0.237458,0.370835,0.358607
0.122471,-0.076271,0.297085,0.112962,-0.071837,0.362719,0.386752,0.299833,0.321351,-0.020723,-0.376909,-0.095326,0.440841,0.08318
-0.212066,0.005236,0.336304,0.16822,0.107628,0.405501,0.155699,0.248662,0.527123,0.122562,-0.334887,-0.035382,0.32103,0.439147
0.15427,-0.108423,0.353012,0.224336,-0.034274,0.411193,0.110477,0.331766,0.402161,0.06855,-0.162742,0.01721,0.422565,0.232659
-0.141116,-0.042985,0.4002,0.176891,0.029407,0.438551,0.066572,0.10371,0.606648,0.129361,-0.195852,0.027521,0.364325,0.201407
-0.053511,-0.037205,0.460325,0.253556,0.003812,0.384654,0.066935,0.151914,0.639101,0.081028,-0.127859,0.001858,0.511353,0.25375
0.053253,0.125983,0.30093,0.139618,-0.151657,0.291654,0.169788,0.027129,0.566697,0.235314,-0.120116,0.010158,0.488629,0.093217
0.229257,-0.242172,0.45257,0.195264,-0.199436,0.33125,-0.058785,0.118832,0.530598,0.204539,-0.043099,-0.073666,0.547932,-0.04776
0.057658,0.132115,0.158837,0.184923,-0.035783,0.428903,0.172366,0.167727,0.583977,0.077647,-0.180135,0.132328,0.334269,0.382097
0.080326,-0.072047,0.402041,-0.02078,-0.202412,0.593623,0.136964,0.089916,0.58618,0.066905,-0.173663,0.125749,0.462887,0.266529
-0.236072,-0.201155,0.612569,0.059377,0.005213,0.304559,0.087622,0.376283,0.412415,0.038914,-0.317918,-0.043495,0.285741,0.288874
0.024299,-0.202711,0.409191,0.225201,-0.00817,0.462556,0.328549,-0.142682,0.565555,0.249275,-0.23569,-0.060909,0.476606,0.194114
0.12879,0.111604,0.288868,0.100944,-0.219136,0.37495,0.197038,0.247883,0.409881,0.111872,-0.103173,0.003801,0.513185,0.16995
0.186723,-0.116974,0.324048,0.158687,-0.161293,0.274521,0.269652,-0.094323,0.764862,0.156222,-0.287824,-0.220235,0.458547,0.057232
-0.066283,-0.040627,0.345954,0.160118,-0.021609,0.438711,0.11483,0.239555,0.556743,0.015998,-0.187397,0.065882,0.325019,0.389301
-0.105124,-0.075496,0.556976,0.013117,-0.081354,0.419837,0.329315,-0.080256,0.636006,0.16162,-0.206336,-0.053118,0.441934,0.124067
-0.063127,0.095506,0.360531,0.141119,-0.132523,0.355787,0.083001,0.148283,0.76906,0.005643,-0.215573,-0.020663,0.341551,0.307363
-0.066905,-0.085208,0.388588,0.09195,0.0568,0.413493,0.187369,0.144609,0.400514,0.247563,-0.218543,0.000418,0.415531,0.188953
-0.052079,0.023145,0.341847,0.173595,-0.098439,0.441074,0.101558,0.117961,0.534121,0.338574,-0.084207,-0.167742,0.46963,0.062136
0.034472,-0.060106,0.253915,0.178826,-0.018349,0.416541,0.070231,0.183069,0.616131,0.058557,-0.120731,0.099729,0.334342,0.426416
0.029971,0.008485,0.462343,0.076861,-0.023709,0.356267,0.218495,0.205261,0.481381,0.208652,-0.209756,-0.067539,0.459194,0.175648
0.175676,0.018288,0.370214,0.171165,-0.294216,0.287596,0.140564,0.213392,0.508756,0.113974,-0.232687,-0.030376,0.36025,0.263045
0.045372,0.004671,0.289136,0.181757,-0.141033,0.368922,0.104245,0.318854,0.433827,0.028007,-0.169991,-0.011227,0.382294,0.269426
-0.147003,-0.145408,0.41744,0.261085,0.053025,0.391545,0.033403,0.279356,0.495896,0.218968,-0.165509,-0.196027,0.437164,0.103094
-0.165987,-0.045622,0.370437,0.222333,0.075825,0.288106,0.203388,0.188863,0.548585,0.142388,-0.178848,-0.094619,0.274399,0.349518
0.081081,-0.062241,0.406412,0.169308,-0.090149,0.235953,0.146153,0.325365,0.633989,0.004092,-0.272998,-0.047825,0.314868,0.244332
0.014144,-0.206384,0.574849,0.152718,0.036712,0.262519,0.085527,0.153751,0.732426,0.085883,-0.284927,-0.001583,0.347182,0.26821
0.273329,0.084203,0.262746,0.131402,-0.167821,0.296313,0.234651,0.219126,0.493648,0.153804,-0.165628,-0.117528,0.474456,0.132288
-0.018726,0.011222,0.328394,0.019022,-0.063968,0.540676,0.223226,0.119471,0.527313,0.033186,-0.168747,0.017267,0.577484,0.215271
-0.110795,0.062643,0.32749,0.12436,-0.028901,0.333544,0.31756,-0.005816,0.555035,0.144594,-0.150723,-0.056504,0.369808,0.209772
-0.339776,0.018059,0.378944,0.135678,0.12617,0.478471,0.311201,0.188927,0.411274,0.007226,-0.221673,-0.020863,0.38577,0.253561
0.032713,-0.1367,0.323039,0.31135,0.081192,0.297333,0.041619,0.337275,0.46408,0.078023,-0.161381,0.084977,0.250115,0.467706
0.321072,-0.114839,0.397846,0.144493,-0.319198,0.281999,0.152605,0.081876,0.715754,0.162956,-0.271224,-0.091431,0.347119,0.19321
0.206739,0.017458,0.351828,0.154801,-0.297411,0.284893,0.27317,0.14826,0.500975,0.153402,-0.197306,-0.090147,0.447063,0.235354
0.009228,-0.109025,0.475321,0.124156,-0.081226,0.440103,0.156792,0.369448,0.434565,0.016504,-0.229473,-0.000158,0.466453,0.173462
-0.192193,-0.15065,0.636987,0.21594,0.013836,0.362791,-0.060495,0.131081,0.732566,0.221157,-0.18825,-0.056704,0.460966,0.148406
-0.179488,-0.124915,0.408728,0.205591,0.038676,0.337987,0.185055,0.106828,0.56683,0.216959,-0.271329,-0.135324,0.332744,0.121368
-0.032595,-0.062993,0.456395,-0.059303,-0.105821,0.401705,0.326662,0.139912,0.573681,0.090714,-0.283711,-0.087486,0.399871,0.229945
-0.264914,-0.144234,0.356567,0.176046,0.008195,0.420623,0.174115,0.19912,0.509447,0.157548,-0.115215,0.012281,0.233953,0.408975
0.022479,0.098351,0.217995,0.215417,-0.041348,0.39677,0.183344,0.267339,0.570675,-0.056303,-0.212116,-0.011866,0.356396,0.232546
-0.006018,-0.295076,0.281776,0.304019,0.163865,0.40679,0.192383,0.267871,0.432807,0.117986,-0.141668,0.042282,0.24031,0.469644
0.311911,-0.087142,0.561691,0.319086,-0.313238,0.098986,0.187874,0.38635,0.434076,0.188717,-0.329776,-0.125451,0.481005,0.008058
-0.008114,-0.084534,0.484046,0.134771,-0.185447,0.357384,-0.184414,-0.073426,0.965301,0.105667,-0.065675,0.185216,0.308194,0.353422
-0.108927,-0.128884,0.351156,0.106037,0.163687,0.467858,0.019351,0.514959,0.288495,0.171314,-0.217454,-0.061614,0.372707,0.268748
0.40672,-0.244132,0.205651,0.069604,-0.176574,0.47892,0.012653,0.426147,0.351738,0.167186,-0.152106,-0.090373,0.573348,0.033679
0.391476,0.012338,0.375484,0.22523,-0.32436,0.198081,0.197662,0.174665,0.674711,-0.027929,-0.330522,0.028688,0.395598,0.230989
-0.011145,0.008774,0.429097,0.13512,-0.003379,0.237541,0.34085,0.244407,0.419107,0.219004,-0.280504,-0.206417,0.355685,0.184586
0.065735,-0.034231,0.309417,0.202734,-0.063075,0.354182,0.046601,0.039174,0.56338,0.317375,0.104436,0.025742,0.43769,0.238767
0.03974,-0.205707,0.436971,0.15134,-0.02629,0.423395,0.394634,0.118081,0.480551,0.095933,-0.448198,0.051496,0.43416,0.14525
0.15472,-0.067714,0.270397,0.099484,-0.125857,0.50264,0.006194,0.359087,0.429611,0.133448,-0.130393,0.019888,0.458988,0.343328
0.131038,0.116595,0.27162,0.013541,-0.251118,0.299819,0.376192,0.039238,0.397902,0.16495,-0.186181,0.01157,0.461051,0.383491
0.057468,0.08819,0.276653,0.189443,-0.042483,0.339066,0.145234,0.260751,0.537928,0.052569,-0.215112,-0.027768,0.462882,0.169468
-0.274417,-0.160644,0.513794,0.114045,0.064819,0.565092,0.074843,0.316052,0.404191,0.157848,-0.141207,-0.041195,0.534905,0.168748
-0.12159,0.099555,0.400455,0.067183,-0.079782,0.360749,-0.017651,0.174183,0.574001,0.225537,-0.145415,0.075026,0.26626,0.301888
-0.132321,-0.01466,0.390066,0.065912,0.140968,0.325615,0.162149,0.153599,0.619728,0.093359,-0.174445,-0.036828,0.280083,0.424503
0.060981,0.010457,0.256937,0.088827,-0.152225,0.487374,-0.005571,0.038753,0.782695,0.106867,-0.099904,0.071295,0.442637,0.226111
0.162737,0.055061,0.437685,0.143443,-0.1894,0.229944,0.077768,0.159459,0.321445,0.28517,-0.001668,0.011348,0.489444,0.03505
-0.073338,-0.15379,0.313609,0.245666,0.128336,0.261061,0.334979,0.082514,0.548555,0.102242,-0.210248,0.087828,0.103112,0.613383
0.050323,0.152973,0.323234,0.009077,-0.013608,0.218627,0.288889,0.169802,0.402113,0.098251,-0.107839,-0.096176,0.334322,0.189502
-0.129604,-0.063904,0.288598,0.263632,-0.0656,0.390015,-0.016584,0.24846,0.644439,0.022192,-0.29203,0.021315,0.16248,0.303614
0.132963,-0.005478,0.282811,0.07291,-0.039572,0.290623,0.115819,0.25175,0.564693,0.153131,-0.306672,-0.067921,0.208745,0.310751
0.173285,-0.001792,0.144207,0.209803,-0.067155,0.333643,0.106179,0.12622,0.660046,0.065748,-0.161185,0.114218,0.144687,0.329377
-0.342958,0.053879,0.337018,0.138377,0.033492,0.396374,0.190288,0.007066,0.633631,0.148512,-0.128876,-0.06453,0.171851,0.335232
-0.123848,0.060757,0.271584,0.093598,0.026542,0.386451,0.243224,0.431786,0.256671,0.029852,-0.220295,0.022506,0.442066,0.34356
0.084165,0.033465,0.378516,0.177919,-0.126112,0.266885,-0.083114,0.382377,0.295771,0.164853,-0.048154,0.042373,0.50338,0.169392
0.373015,-0.006739,0.146996,0.157808,-0.140661,0.257788,0.143408,0.223583,0.578943,0.105274,-0.11258,-0.095006,0.302446,0.155693
-0.061708,-0.150813,0.482337,0.198868,-0.01455,0.421468,0.183306,0.370093,0.286106,0.177093,-0.137442,-0.080344,0.493739,0.119503
0.047724,0.029533,0.264367,0.033251,-0.061125,0.393564,0.33204,0.021743,0.506764,0.201261,-0.184271,-0.090793,0.342225,0.391883
0.159719,-0.181993,0.362908,0.082802,-0.06037,0.36248,0.426942,-0.080568,0.68552,-0.055824,-0.098566,-0.011727,0.225857,0.390147
-0.023255,-0.089514,0.372372,0.304741,0.031796,0.26297,0.011873,0.411143,0.450267,0.172436,-0.248517,-0.015717,0.377138,0.213189
-0.141325,0.012437,0.321205,0.143433,0.038742,0.351697,0.277331,0.22536,0.336629,0.147264,-0.137472,-0.126242,0.34408,0.184828
-0.180593,-0.077723,0.335432,0.147779,0.106189,0.329329,0.144471,0.096749,0.572376,0.329597,-0.121233,-0.122061,0.390053,0.254053
0.13513,-0.105056,0.221468,0.088048,-0.100601,0.382036,0.232544,0.184443,0.493767,0.165466,-0.26026,-0.18099,0.291616,0.388186
0.006694,-0.148469,0.643602,0.191588,-0.160718,0.302526,0.182061,-0.070356,0.639019,0.288533,-0.213683,-0.088565,0.663602,-0.110409
-0.107142,-0.012965,0.291115,0.232158,0.002823,0.408276,0.222587,0.065904,0.459831,0.230293,-0.19422,-0.05859,0.515177,0.188657
0.203169,0.053466,0.216567,0.207662,-0.075141,0.317348,0.269469,0.03179,0.733762,0.011271,-0.151652,-0.006975,0.448185,0.337097
-0.12485,0.049902,0.233041,0.309318,-0.132728,0.418282,0.167937,0.060195,0.679482,0.050471,-0.252968,0.027776,0.350002,0.263227
0.027704,-0.238912,0.431218,0.087163,-0.039555,0.504924,0.248354,0.043428,0.722258,0.166855,-0.218861,0.064923,0.350449,0.240541
0.147857,-0.011161,0.150159,0.219785,-0.132716,0.400975,0.1483,0.110949,0.567858,0.09781,-0.064035,0.223688,0.340694,0.355111
0.159407,0.063211,0.264738,0.166559,-0.101538,0.344877,0.118469,0.083036,0.631237,0.073506,-0.160317,0.098589,0.449189,0.210237
-0.019433,-0.1632,0.247368,0.117245,0.058644,0.483801,0.190025,0.150917,0.500073,0.077019,-0.048393,0.192517,0.297271,0.518939
0.103416,-0.12952,0.400245,0.226219,-0.147549,0.350253,0.020298,0.178782,0.530753,0.295055,-0.154563,-0.017879,0.458299,0.145021
-0.106358,-0.044062,0.175042,0.033439,0.055514,0.652689,0.110212,-0.297358,0.932962,0.161581,-0.12812,0.050969,0.374171,0.33962
-0.057557,-0.007875,0.352609,0.050441,-0.01901,0.291723,0.349339,0.289093,0.360965,0.135409,-0.299386,-0.09972,0.153725,0.284929
-0.020749,0.133513,0.354444,0.04174,-0.059998,0.302994,0.449546,0.152385,0.304828,0.089796,-0.157494,-0.084318,0.493214,0.230751
0.05787,0.102404,0.242851,0.189628,-0.033031,0.349672,0.139528,0.130384,0.638723,0.066868,-0.212563,0.027205,0.376496,0.344693
-0.283895,0.128171,0.366446,0.080908,0.163229,0.333667,0.106217,0.031488,0.656332,0.181424,-0.05361,-0.189686,0.295022,0.086005
0.027758,0.058739,0.279218,0.047687,-0.114858,0.374325,0.188621,0.289359,0.444902,0.034434,-0.170709,-0.035608,0.449037,0.331344
-0.178833,0.101176,0.129207,0.241283,0.083,0.382375,0.147289,0.122985,0.646371,0.081406,-0.230118,0.129727,0.201275,0.458929
-0.079371,-0.150377,0.234527,0.169228,0.053285,0.476331,0.288551,-0.148119,0.802254,0.03228,-0.337091,0.074537,0.322604,0.284545
-0.149002,-0.06548,0.438504,0.162612,-0.02515,0.422603,0.399203,-0.115874,0.802146,0.142433,-0.378145,-0.000688,0.362181,0.212435
0.239855,-0.024034,0.269583,0.192026,-0.206979,0.424224,0.311374,0.038279,0.613564,0.174294,-0.352776,-0.058453,0.568801,0.092429
0.203871,-0.044674,0.287193,0.02294,-0.090541,0.393724,0.330075,0.323298,0.43733,-0.051025,-0.199987,-0.023753,0.488226,0.312868
-0.003015,-0.133836,0.391677,0.224823,0.012061,0.277909,0.025908,0.118549,0.707991,0.118228,-0.171855,0.04071,0.217161,0.362438
0.132439,-0.101065,0.377563,0.255852,0.007447,0.284375,0.205718,0.022386,0.642195,0.129372,-0.139997,0.073024,0.434041,0.278633
-0.119233,0.001096,0.385722,0.118656,0.021577,0.267201,0.120199,0.427381,0.428799,0.027887,-0.248827,-0.020021,0.280712,0.274919
-0.070864,-0.062651,0.192793,0.229981,-0.008885,0.37344,0.010971,0.303074,0.656525,0.093304,-0.213579,-0.035244,0.367454,0.362553
-0.40908,-0.191681,0.664763,0.23203,0.065539,0.463261,0.128259,-0.003432,0.568079,0.302774,-0.17028,0.004469,0.346521,0.221408
-0.068,-0.138082,0.336644,0.270254,-0.011692,0.191778,0.027245,0.095186,0.617359,0.245097,-0.15251,-0.049166,0.093859,0.430704
0.093798,-0.041569,0.236385,0.231692,-0.153085,0.353622,0.128944,0.39916,0.499517,0.067601,-0.279597,-0.071364,0.276307,0.203385
0.065202,-0.051167,0.263218,0.167509,0.056161,0.301294,0.335691,0.013487,0.653596,0.037008,-0.184342,0.001103,0.262695,0.339564
-0.157207,-0.174775,0.478155,0.148714,0.016901,0.5356,0.151813,0.083328,0.665998,0.213918,-0.246193,0.055182,0.412773,0.373514
-0.052766,-0.089708,0.38906,0.092245,0.017518,0.388799,0.202297,0.315539,0.418025,0.062131,-0.214137,-0.081913,0.356144,0.08777
-0.16512,-0.148168,0.283813,0.264397,0.181085,0.369052,0.180465,-0.02953,0.560631,0.22915,-0.233366,-0.06412,0.200627,0.331151
-0.003181,-0.09872,0.370453,0.141722,2.6e-05,0.469977,0.245887,0.230969,0.453234,0.049704,-0.207503,-0.075764,0.315678,0.20629
-0.098506,-0.097494,0.437556,0.199316,0.005811,0.303161,0.146814,0.218844,0.48848,0.193281,-0.147027,-0.023024,0.209274,0.353561
-0.076555,-0.003518,0.290964,0.183535,0.000334,0.338789,0.069511,0.367273,0.48879,0.010431,-0.194445,0.128234,0.20411,0.3229
-0.115859,-0.000784,0.390859,0.13698,0.025481,0.420543,0.335539,0.161334,0.369011,0.3354,-0.257776,0.002314,0.587068,0.091904
0.12938,-0.090965,0.313867,0.207243,-0.156038,0.422129,0.135657,0.228754,0.450847,0.149328,-0.184236,0.038494,0.363864,0.310395
-0.10207,-0.188106,0.531534,0.186818,-0.055785,0.419873,-0.008145,0.223912,0.547255,0.153593,-0.276393,-0.046477,0.542776,0.099156
-0.101263,-0.080032,0.473168,0.076834,0.034791,0.36762,0.199179,-0.045204,0.651949,0.163459,-0.107632,-0.003312,0.422127,0.196483
-0.155028,-0.04784,0.603146,-0.061081,-0.083357,0.362968,0.16526,0.281096,0.395668,0.096678,-0.250019,-0.044531,0.444369,0.177646
-0.024071,-0.205155,0.392603,0.172309,0.149578,0.369325,0.281303,0.098875,0.631403,0.087002,-0.198787,0.062556,0.1746,0.339527
0.089682,-0.04096,0.170943,0.203018,-0.003953,0.565772,0.133585,0.002198,0.618326,0.162886,-0.106648,0.020566,0.523511,0.06891
0.246729,0.022127,0.360364,0.202459,-0.254266,0.252377,-0.031924,0.106236,0.535977,0.246793,0.060055,0.137796,0.354001,0.290566
-0.119039,-0.196899,0.491385,0.24783,0.013621,0.396062,-0.127707,0.12347,0.737129,0.166666,-0.038549,0.127098,0.342053,0.409332
-0.04007,-0.09576,0.345981,0.177067,0.03972,0.359704,0.132958,0.291038,0.474079,0.145552,-0.196331,-0.110442,0.369513,0.27891
-0.074343,-0.171676,0.530712,0.084647,-0.02259,0.29389,0.311452,-0.028429,0.664304,0.071633,-0.235899,-0.112382,0.417022,0.247498
0.046404,-0.184227,0.425422,0.138888,-0.112076,0.537003,0.31739,0.345298,0.306452,0.13301,-0.225316,-0.065525,0.491909,0.170558
-0.26048,0.074301,0.475574,0.027618,0.103838,0.510152,0.104048,0.268903,0.47041,0.181793,-0.182746,0.048354,0.511877,0.121764
-0.409424,0.114429,0.461478,0.136909,0.222217,0.334452,0.111276,0.231637,0.611103,0.015618,-0.206218,0.096135,0.210977,0.370139
-0.321256,-0.195803,0.662173,0.238402,0.087343,0.381578,-0.100713,-0.264539,1.091774,0.12505,-0.053635,0.07019,0.275114,0.251168
-0.159296,-0.158754,0.480824,0.206551,0.032962,0.335469,0.267546,0.132635,0.592117,-0.000309,-0.2996,-0.01075,0.312958,0.336987
-0.29438,0.008923,0.337022,0.07033,0.247908,0.336644,0.157223,0.334565,0.38719,-0.015307,-0.189459,-0.124074,0.276887,0.085702
-0.14508,-0.146462,0.329366,0.204243,0.129798,0.399507,0.431236,-0.069083,0.544835,0.048699,-0.2732,-0.03558,0.202104,0.348985
-0.152889,0.054759,0.32233,0.027944,0.068168,0.573917,0.160207,0.114319,0.584314,-0.005543,-0.22654,0.120044,0.47034,0.33789
0.105429,-0.135885,0.419335,0.199844,-0.169998,0.35745,-0.050453,0.180569,0.627266,0.105834,-0.146977,0.015438,0.500984,0.150717
0.164895,-0.006205,0.345675,0.291871,-0.233395,0.235304,0.166569,0.024576,0.642953,0.20438,-0.199103,0.052358,0.365757,0.289255
-0.095472,-0.140197,0.238812,0.185686,0.155539,0.532464,0.371374,0.253846,0.500799,0.044357,-0.26211,-0.156881,0.418378,0.204772
0.061822,0.136012,0.194396,0.068744,-0.008047,0.312691,0.268155,0.132037,0.585834,0.052852,-0.268523,-0.022287,0.196654,0.536164
-0.233044,0.131122,0.272305,0.179234,0.146914,0.398484,0.137163,0.293424,0.458617,0.183141,-0.169928,-0.035458,0.393262,0.262406
-0.157848,0.138312,0.234027,0.059116,-0.013172,0.563737,0.18198,0.146689,0.727113,-0.003542,-0.260049,0.136483,0.351678,0.368061
-0.173517,0.030095,0.299272,0.130044,0.125176,0.471934,0.059488,0.405757,0.428566,0.064076,-0.118731,0.121675,0.351936,0.426373
0.017207,0.053259,0.1809,0.070276,-0.123932,0.474852,0.135335,0.267734,0.453155,0.020823,-0.081315,0.139564,0.440999,0.434232
0.107868,-0.087043,0.324031,0.169578,-0.044513,0.322464,0.479928,0.177388,0.529252,0.09471,-0.413063,-0.111473,0.517724,0.226436
0.215888,-0.022445,0.275039,0.212846,-0.148471,0.145505,0.295533,0.092858,0.669765,0.073593,-0.248961,-0.103284,0.088796,0.229707
-0.078585,0.098845,0.304501,0.106681,-0.060253,0.379216,0.063805,0.134297,0.703475,0.098766,-0.259237,0.012034,0.402933,0.396843
-0.211352,-0.075057,0.52326,0.110063,0.074021,0.191326,0.286428,0.17272,0.280442,0.370851,-0.227929,-0.145856,0.206797,0.112385
-0.354902,-0.144761,0.450946,0.153002,0.308732,0.445414,0.116427,-0.005988,0.587821,0.271238,-0.101414,-0.065392,0.401201,0.136494
0.15023,0.004935,0.303505,0.171173,-0.106303,0.341945,0.189865,0.235951,0.411831,0.156187,-0.240042,-0.042381,0.438412,0.235127
-0.069442,0.126454,0.284203,0.209771,-0.083966,0.369648,0.177018,0.10216,0.702982,0.021081,-0.212703,0.122973,0.404078,0.242564
0.01509,-0.04952,0.42944,0.192043,-0.077034,0.335835,0.083917,0.387634,0.556427,-0.012077,-0.178361,0.025488,0.329822,0.079422
0.078291,-0.006568,0.338643,0.059299,0.008835,0.339307,0.225547,0.322851,0.387733,0.071065,-0.135134,-0.016108,0.348907,0.214804
-0.197728,-0.019971,0.285298,0.003897,0.148613,0.440763,0.088415,0.177125,0.577429,0.151061,-0.260401,0.001456,0.282542,0.333442
-0.231565,-0.210329,0.308286,0.378432,0.258136,0.224237,0.192856,0.372797,0.403809,0.080387,-0.289115,-0.028732,0.12513,0.528343
0.14827,-0.022363,0.330091,0.241263,-0.246537,0.362031,0.273407,0.203899,0.348435,0.310666,-0.248814,0.013301,0.483925,0.244194
0.034965,-0.005636,0.389402,0.113488,-0.11463,0.477641,0.213405,0.209004,0.385238,0.158132,-0.271089,-0.026119,0.54183,0.095974
0.023392,-0.060486,0.301722,0.170516,0.054395,0.307139,0.321418,0.338622,0.344067,0.073549,-0.236541,-0.127794,0.433832,0.160934
0.006403,-0.206064,0.637112,0.131804,-0.132959,0.370785,-0.023409,0.119337,0.677137,0.148209,-0.173084,-0.015772,0.443363,0.193187
-0.01573,-0.169075,0.568551,0.175835,-0.118079,0.377285,0.211775,-0.165848,0.669796,0.346517,-0.252923,-0.107478,0.493183,0.057973
0.044448,-0.080456,0.282973,0.113342,-0.027412,0.360241,0.355182,0.070264,0.490475,0.274671,-0.310254,-0.290525,0.585258,0.228565
-0.048754,-0.204738,0.427738,0.243489,0.024347,0.396107,0.152991,-0.300929,1.026799,0.019421,-0.2768,0.127553,0.350811,0.281935
-0.091024,-0.034839,0.208633,0.114814,0.1165,0.482274,0.083512,0.272619,0.496895,0.010988,-0.25828,0.045439,0.458543,0.330656
0.255021,0.013887,0.233716,0.1439,-0.239269,0.294838,0.269857,0.075954,0.575028,0.155512,-0.248549,-0.059989,0.447568,0.215402
-0.022677,-0.072611,0.254889,0.178801,-0.159112,0.464016,0.202895,0.371277,0.370049,0.192765,-0.175182,-0.20516,0.444395,0.210831
-0.05535,-0.194869,0.440057,0.211786,0.125197,0.427832,0.225843,0.293784,0.45079,0.156093,-0.389113,-0.005591,0.429215,0.229812
0.178839,-0.223829,0.399603,0.265858,-0.207484,0.349541,0.265698,0.132028,0.536776,0.108793,-0.291655,0.023385,0.422225,0.293253
0.283034,-0.099547,0.287496,0.234881,-0.20733,0.306231,-0.001531,0.065482,0.833641,0.057528,-0.234249,0.209544,0.164989,0.41657
0.007946,-0.122804,0.460467,0.16666,-0.027675,0.314829,0.022343,0.142895,0.514506,0.274149,-0.076537,-0.059778,0.401594,0.177194
-0.25341,-0.130732,0.469181,0.069903,0.160677,0.558094,-0.054419,0.345778,0.461762,0.071351,-0.166143,-0.020788,0.466621,0.249683
0.069079,-0.389115,0.652382,0.196508,-0.099566,0.273573,0.248214,-0.15641,0.833352,0.072912,-0.236376,-0.011873,0.098062,0.389643
0.108541,-0.159655,0.367096,0.066847,0.005565,0.450346,0.197433,0.013771,0.673215,0.066815,-0.156995,0.043674,0.496822,0.118897
0.19261,-0.332828,0.482141,0.128871,-0.173471,0.313139,0.403398,0.267144,0.47085,0.033468,-0.39641,-0.168244,0.414982,0.136924
0.02806,-0.078204,0.338603,0.179596,-0.046988,0.359177,-0.01755,0.219737,0.540527,0.239174,-0.114227,0.009288,0.342017,0.240851
-0.238105,-0.027,0.318141,0.27094,0.125572,0.389244,0.151799,0.011412,0.831645,0.131898,-0.427662,0.146824,0.231946,0.367679
-0.204084,-0.04951,0.405216,0.202938,0.134169,0.372777,0.033223,0.255624,0.629805,0.03026,-0.114099,0.07408,0.239611,0.420986
-0.108093,-0.09373,0.434194,0.118144,0.049089,0.445017,0.361019,0.301046,0.314558,0.079749,-0.178615,-0.008372,0.347524,0.297772
-0.075817,-0.14318,0.296201,0.163169,0.059953,0.448016,-0.050335,0.131406,0.545972,0.254607,-0.046806,-0.074321,0.470303,0.093901
0.288713,0.086757,0.386728,-0.00194,-0.18358,0.218096,0.181681,0.257849,0.535686,0.149159,-0.228815,-0.055092,0.469682,0.223806
0.097959,-0.074727,0.280855,0.189034,0.045743,0.412219,0.13307,0.512864,0.39005,0.040622,-0.196942,-0.122722,0.39536,0.19875
-0.059283,-0.164751,0.461764,0.149384,-0.109543,0.382804,0.199632,0.377288,0.273113,0.229399,-0.312949,-0.087065,0.385064,0.211563
0.317135,-0.1415,0.2746,0.056499,-0.177831,0.363183,0.096764,0.038437,0.716421,-0.158927,-0.098603,0.276216,0.228339,0.580776
-0.203376,0.036551,0.226729,0.042982,0.081298,0.45421,0.178694,0.168587,0.613972,0.055989,-0.269987,-0.02732,0.196357,0.362477
-0.027453,0.021579,0.371977,0.319259,0.047874,0.217083,-0.058309,0.217879,0.480198,0.253418,0.016213,0.038292,0.349202,0.238243
-0.021122,0.091122,0.35505,0.070616,-0.114053,0.41142,0.409267,0.189325,0.514735,0.018133,-0.377105,-0.011379,0.504147,0.101474
0.03573,0.026382,0.390998,0.025806,-0.011785,0.366926,0.226119,0.173657,0.419805,0.133225,-0.269094,0.038734,0.435252,0.208065
-0.260286,-0.092332,0.559599,0.170123,0.047945,0.353299,0.169952,0.087704,0.61089,0.248559,-0.274579,-0.073865,0.332779,0.12503
0.111325,0.191259,0.398777,-0.014457,-0.252723,0.261088,0.236794,-0.073143,0.753453,0.101693,-0.154513,-0.015612,0.362617,0.240747
0.000412,-0.073497,0.353867,0.303021,-0.096598,0.282911,-0.020143,0.288935,0.430505,0.260749,-0.220588,-0.110938,0.505378,-0.018757
-0.021415,-0.339985,0.453933,0.120843,0.091225,0.464584,0.172766,0.119648,0.597127,0.03269,-0.154439,0.022218,0.373317,0.394521
-0.025096,0.240485,0.102805,0.229117,-0.074119,0.288843,0.158139,0.26928,0.518455,0.075012,-0.220684,-0.033195,0.374298,0.204486
-0.163967,-0.152554,0.412992,0.243372,0.120768,0.446076,0.069976,0.409866,0.431856,0.04568,-0.255481,-0.031549,0.339251,0.312092
-0.159106,-0.11005,0.400891,0.137109,0.00391,0.488736,0.228813,0.09377,0.621142,0.115634,-0.209749,-0.010805,0.483044,0.235405
0.13063,-0.041428,0.413137,0.018672,-0.185628,0.437674,0.19418,0.123683,0.664664,0.133701,-0.296194,-0.092573,0.604172,-0.011132
0.083643,-0.062576,0.475654,0.261217,-0.108639,0.19058,0.005451,0.253814,0.512542,0.161901,-0.198268,0.081717,0.226322,0.306481
0.092242,-0.021221,0.301246,-0.007599,-0.126949,0.37017,0.139744,0.268354,0.458501,0.181782,-0.241344,-0.126697,0.595026,0.118297
0.268964,-0.13843,0.449609,-0.028026,-0.266813,0.517572,0.000428,0.422553,0.410413,0.11664,-0.207825,0.212334,0.553801,0.271637
-0.029315,-0.189012,0.275998,0.25048,-0.028091,0.504607,0.160891,0.33306,0.518662,-0.069928,-0.31815,-0.075608,0.427213,0.150663
0.049736,0.143361,0.213214,0.050062,-0.071261,0.421231,0.299134,0.141445,0.479318,0.21351,-0.161411,-0.223554,0.446751,0.163403
-0.279622,-0.021442,0.385522,0.124341,0.133142,0.533454,0.218031,0.194281,0.470116,0.138878,-0.165896,0.039302,0.430212,0.359586
0.085861,-0.083413,0.348538,0.075307,-0.17262,0.453676,-0.167797,0.219125,0.732975,0.08231,-0.158637,0.175533,0.222823,0.417279
-0.055298,-0.142354,0.366701,0.182814,0.11838,0.417855,0.202803,-1.2e-05,0.697412,0.125108,-0.195605,0.144066,0.241155,0.309604
-0.122473,0.130153,0.269998,0.169194,0.074862,0.313444,0.240834,-0.122127,0.606718,0.377273,-0.208175,-0.166711,0.341707,0.179554
-0.099252,-0.037023,0.522104,0.217149,-0.045794,0.319246,-0.002235,0.154653,0.642191,0.161004,-0.092832,0.149272,0.374697,0.288121
0.0503,-0.359911,0.382139,0.255146,-0.022836,0.384468,0.056203,0.002979,0.763679,0.095638,-0.140563,-0.043831,0.254391,0.305352
-0.226899,-0.001975,0.238172,0.195533,0.059115,0.547611,0.145189,0.380714,0.428633,0.113858,-0.19607,-0.072035,0.439503,0.184325
-0.09153,-0.099881,0.297188,0.083716,-0.020798,0.572114,0.061363,0.176641,0.611513,0.187065,-0.139297,-0.001897,0.493116,0.140577
0.099434,-0.199513,0.468264,0.232243,-0.168923,0.299547,0.045747,0.073152,0.708097,0.168007,-0.15531,-0.010791,0.189893,0.194271
0.128235,0.021108,0.263325,-0.02917,-0.13006,0.391601,0.226674,0.011097,0.639654,0.132294,-0.218767,0.007826,0.224926,0.322339
-0.08325,-0.032979,0.365287,0.138444,0.058361,0.356709,0.15557,0.301381,0.566907,0.055646,-0.11108,-0.020416,0.318684,0.191129
-0.179904,0.010415,0.341238,0.104118,0.122719,0.437175,0.095927,0.235547,0.663057,-0.010546,-0.275472,0.074951,0.296272,0.381353
-0.10827,-0.227269,0.438563,0.131845,0.164727,0.479193,0.181609,0.055413,0.642149,0.00484,-0.135875,0.091762,0.203861,0.502263
-0.087557,-0.185809,0.361612,0.254683,-0.014103,0.537374,0.099982,0.240584,0.384761,0.187835,-0.161474,-0.121204,0.528734,0.172861
-0.24486,-0.021798,0.395366,0.102217,0.087115,0.474156,-0.05194,0.211342,0.685563,0.05841,-0.137733,0.145598,0.345717,0.255814
-0.297995,0.011695,0.261472,0.0896,0.246996,0.42369,0.311735,-0.014378,0.715769,0.121319,-0.382968,0.140116,0.328428,0.503082
0.004325,-0.136867,0.400772,0.172134,-0.014199,0.390367,0.147708,0.362182,0.377562,0.250357,-0.213811,-0.19723,0.426382,0.107983
0.078802,-0.180722,0.318609,0.269619,-0.086459,0.34359,0.093839,0.298571,0.426718,0.229949,-0.183202,-0.08302,0.494144,0.226367
0.087053,-0.013566,0.221341,0.059555,-0.053326,0.488585,0.187229,0.120697,0.48803,0.222606,-0.160826,-0.102898,0.508186,0.003656
0.055222,-0.058597,0.217361,0.128673,-0.004145,0.483027,0.170898,0.438734,0.313814,0.10214,-0.23927,0.038318,0.335196,0.329844
0.116317,-0.13697,0.353464,0.117303,0.013727,0.400067,0.26294,0.356062,0.286656,0.12918,-0.20611,-0.091305,0.475853,0.219257
-0.344298,-0.292939,0.824648,0.036599,-0.040627,0.50431,-0.101243,0.061679,0.761783,0.140028,-0.159276,0.064853,0.387289,0.28157
-0.131104,-0.079777,0.470865,0.168952,0.000807,0.363408,0.269575,0.095186,0.58187,0.030684,-0.141257,-0.056586,0.248268,0.17202
0.07436,-0.134832,0.223711,0.253932,-0.109271,0.313165,-0.093789,0.37198,0.473166,0.031428,-0.081569,0.037729,0.348638,0.357537
-0.145494,-0.175451,0.355567,0.156047,0.075089,0.470239,0.16285,0.189119,0.462598,0.174012,-0.216399,-0.004612,0.410109,0.18878
-0.062647,0.078167,0.259656,0.201026,0.044852,0.348845,0.173391,0.214955,0.4973,0.114304,-0.179331,-0.027759,0.38548,0.253156
-0.085427,-0.103547,0.349577,0.130965,0.051569,0.417116,0.065828,0.144615,0.494234,0.20636,-0.170912,0.077087,0.222752,0.305826
0.061062,0.044507,0.285412,0.102877,-0.070538,0.314592,0.244078,0.049572,0.529777,0.100669,-0.225215,-0.024631,0.373872,0.227467
-0.097386,0.091337,0.364263,0.125633,-0.115203,0.455901,0.05659,0.074102,0.579427,0.314769,-0.079258,-0.015271,0.504064,0.063089
-0.010958,0.036094,0.276223,0.061255,-0.07094,0.456444,0.308257,0.051116,0.635659,0.017207,-0.164553,-0.098586,0.466262,0.149339
0.020865,-0.136002,0.262633,0.078061,0.039114,0.431625,0.194858,0.10881,0.43315,0.08824,-0.208649,0.229226,0.252441,0.440468
-0.041924,0.071384,0.327131,0.055483,-0.22082,0.363396,0.025005,-0.2172,0.780488,0.121909,-0.037617,0.023304,0.392483,0.236257
0.193124,-0.029963,0.574589,0.218464,-0.30184,0.259352,0.008218,0.168676,0.65751,0.149045,-0.112643,-0.059953,0.525207,0.098799
-0.082534,-0.156658,0.661864,0.130826,-0.069509,0.550818,-0.100645,-0.026022,0.74835,0.192365,-0.098857,0.059317,1.242146,-0.633398
0.158531,0.115072,0.186754,0.232519,-0.135141,0.331665,0.227628,0.1545,0.525101,0.240366,-0.224561,-0.049255,0.283355,0.161784
-0.013005,-0.006623,0.37364,0.156495,-0.045052,0.280895,0.165893,-0.124585,0.694298,0.17596,-0.27386,-0.168629,0.530176,0.098538
-0.017765,-0.025477,0.422516,0.1068,-0.050071,0.434156,0.232009,0.135402,0.585403,0.149544,-0.205827,-0.003885,0.488409,0.150709
-0.198502,-0.004554,0.205918,0.132486,0.06937,0.495845,0.191588,0.178714,0.55755,0.132324,-0.172507,0.093446,0.231874,0.49767
-0.106501,-0.266985,0.519684,0.098594,0.154001,0.371928,0.303411,0.142685,0.549592,0.078457,-0.223571,0.034784,0.316252,0.401977
-0.109076,0.146163,0.157099,0.132556,-0.016998,0.28039,0.191032,0.075492,0.633539,0.069351,-0.223457,-0.041459,0.159487,0.412992
0.048604,0.026408,0.324814,0.152646,-0.175112,0.309328,0.252071,0.170581,0.466473,0.174335,-0.197311,-0.013915,0.334446,0.241911
0.137262,-0.063047,0.381088,0.108775,-0.084191,0.415053,0.15553,0.170329,0.52466,0.169883,-0.215573,0.054476,0.566743,0.275296
-0.012886,-0.091903,0.303857,0.196366,0.084422,0.346488,0.210788,0.315871,0.5137,0.136628,-0.225308,-0.043422,0.268636,0.294374
0.014737,-0.105234,0.231714,0.228701,0.019858,0.415181,0.035993,0.358428,0.428273,0.196367,-0.249159,0.102941,0.425678,0.256247
-0.201866,-0.076949,0.423019,0.18686,0.067935,0.543392,0.157925,0.109174,0.640573,0.141677,-0.137102,0.011341,0.444332,0.281407
-0.121955,0.02082,0.2426,0.062595,-0.050839,0.430007,0.204899,0.185001,0.611357,-0.092254,-0.239026,-0.012455,0.324429,0.38396
0.132624,-0.113572,0.33661,0.188467,0.022675,0.374266,0.085201,0.232989,0.517652,0.119166,-0.069334,0.006095,0.30262,0.216288
0.086733,-0.114433,0.294411,0.04825,0.006403,0.359093,0.324223,0.214976,0.600379,-0.003271,-0.226238,-0.091412,0.188308,0.251735
-0.051608,0.1706,0.453043,0.062031,-0.096714,0.22903,0.327123,0.233586,0.469968,0.060773,-0.27009,-0.033063,0.387159,0.283842
0.159868,0.04815,0.301176,0.178169,-0.153301,0.089345,0.104388,-0.157723,0.864201,0.091723,-0.14499,-0.108641,0.288292,0.315899
-0.232618,-0.067743,0.467535,0.063382,0.123146,0.508861,0.164527,0.169174,0.484226,0.191497,-0.248319,-0.022877,0.4604,0.188223
-0.271,-0.045276,0.476986,0.219561,-0.100768,0.309187,0.145584,-0.131769,0.886938,0.207588,-0.328887,-0.13907,0.378517,0.245062
-0.095581,-0.116944,0.387423,0.234314,0.068872,0.33492,0.251799,0.219923,0.51426,0.089172,-0.267016,-0.013574,0.258373,0.289103
0.131642,0.093094,0.364499,0.173309,-0.219967,0.192631,0.146414,0.003991,0.757007,0.135898,-0.125461,-0.056249,0.398929,0.225424
-0.095261,-0.033193,0.302073,0.010766,-0.056865,0.567551,0.316442,-0.220037,0.818883,0.136118,-0.204642,-0.030013,0.379248,0.236009
-0.073684,-0.029383,0.343921,0.099859,0.013642,0.285696,0.202531,0.199806,0.45511,0.110109,-0.194953,-0.086398,0.197724,0.174584
0.023258,-0.086826,0.206673,0.217535,0.065717,0.448826,0.205305,-0.151236,0.746096,0.117536,-0.10264,0.143208,0.200503,0.38036
-0.048526,-0.185983,0.325098,0.178385,0.010854,0.355036,0.336827,0.391999,0.279042,0.095972,-0.248936,-0.118998,0.340139,0.34962
-0.143763,0.035517,0.248257,0.189627,-0.008654,0.413262,0.150954,0.203755,0.612947,0.077286,-0.190062,-0.03325,0.227553,0.210467
-0.10635,-0.026959,0.412858,0.127343,-0.047131,0.403572,0.354146,-0.039833,0.515008,0.201436,-0.213828,0.010221,0.494156,0.196739
-0.040138,-0.014066,0.393861,0.17432,0.007494,0.434266,0.24986,0.150928,0.443758,0.17443,-0.134661,-0.03103,0.575337,0.114149
0.201749,-0.27257,0.534528,0.112216,-0.259538,0.419013,0.083553,0.066683,0.770043,0.080235,-0.168378,0.010557,0.479296,0.159864
0.173554,0.066935,0.370798,0.141675,-0.090837,0.300071,0.089821,0.193835,0.626958,0.065101,-0.188639,0.051894,0.537843,0.19127
0.136442,-0.079412,0.346758,0.156201,-0.11907,0.386068,0.21163,0.455022,0.294755,0.089317,-0.211013,-0.086523,0.561458,0.07419
-0.110593,-0.125941,0.453159,0.130002,-0.100989,0.434669,0.272383,0.120534,0.386724,0.277649,-0.235678,-0.07758,0.46144,0.204497
-0.003258,-0.067731,0.34989,0.106669,-0.119057,0.404956,0.083836,0.285234,0.463565,0.140747,-0.13493,0.016302,0.409436,0.107239
0.185107,-0.155111,0.353375,0.199014,-0.12678,0.386432,0.09616,-0.034952,0.811012,0.12652,-0.218384,0.052041,0.279414,0.268086
-0.086597,-0.126393,0.293836,0.236485,0.169716,0.381519,0.04787,0.069358,0.746727,0.103442,-0.206783,0.085084,0.129826,0.430369
0.089336,-0.11394,0.285672,0.057444,-0.173179,0.434097,0.283669,0.290708,0.346367,0.107483,-0.145802,-0.162469,0.483905,0.143134
0.000493,-0.024167,0.305244,0.228656,-0.046645,0.291774,0.141616,0.226281,0.534625,0.156085,-0.254465,-0.14096,0.334544,0.06629
-0.309039,0.141389,0.387962,0.144621,0.20516,0.240164,0.133261,0.330514,0.47032,0.206937,-0.284861,-0.153156,0.357426,0.030806
0.04802,-0.236481,0.366212,0.226153,-0.042273,0.482453,0.005782,0.171923,0.498652,0.261065,-0.058944,0.024785,0.477254,0.194977
-0.120277,0.142494,0.323054,0.156837,-0.054914,0.370928,0.220361,0.129117,0.534147,0.103455,-0.108594,0.11921,0.248144,0.218432
0.009228,-0.152516,0.26849,0.102015,0.043313,0.487189,0.278201,0.253447,0.308762,0.255434,-0.461603,-0.037889,0.538263,0.200491
-0.064832,-0.03455,0.530077,0.169175,-0.13118,0.309247,0.177652,0.321062,0.526966,0.063731,-0.347136,-0.123836,0.524843,0.186979
-0.030586,0.267959,0.310574,-0.004002,-0.125518,0.46596,0.295734,0.085729,0.505418,0.147529,-0.337245,0.024862,0.49439,0.099409
0.165621,-0.039521,0.267791,0.204393,-0.095596,0.350148,0.454577,0.184315,0.285251,0.241811,-0.276727,-0.226616,0.584706,-0.048089
0.239748,-0.196228,0.353347,0.101565,-0.170149,0.351827,0.340901,-0.0898,0.656557,0.10822,-0.313764,-0.06199,0.424285,0.14784
-0.01246,-0.120205,0.348646,0.174484,-0.064387,0.404087,0.215941,-0.015787,0.545306,0.184355,-0.157445,0.062877,0.348051,0.234667
0.240617,0.199795,0.236888,0.018018,-0.220265,0.309756,0.370708,0.415953,0.397794,0.038431,-0.30198,-0.10696,0.472583,0.222115
0.073911,-0.067614,0.443188,0.199449,-0.175339,0.357098,0.023671,0.28942,0.533047,0.078571,-0.089594,0.028937,0.456574,0.32523
0.088026,0.11015,0.379144,0.07414,-0.165183,0.353578,-0.063447,0.360152,0.494386,0.025685,-0.122833,0.096193,0.519754,0.304058
0.231633,-0.048792,0.273661,0.022805,-0.150977,0.391225,0.259666,0.265622,0.468247,0.22485,-0.250271,-0.115475,0.514555,0.191775
0.038862,-0.073369,0.39827,0.166424,-0.053476,0.393009,0.387763,0.298369,0.388121,0.182806,-0.435106,-0.130134,0.475686,0.016761
-0.032522,0.063225,0.371074,0.071479,0.022257,0.347666,0.260929,0.228358,0.611597,0.119638,-0.318799,-0.085075,0.462956,0.234666
0.050798,-0.164505,0.362669,0.13712,-0.127145,0.408383,0.112953,0.284223,0.47525,0.120518,-0.174113,-0.053306,0.318554,0.327875
0.269514,-0.003196,0.19005,0.110172,-0.143778,0.313287,0.177423,0.375571,0.490739,-0.055377,-0.154806,-0.031021,0.432226,0.42752
-0.133261,-0.321498,0.369455,0.15975,0.194921,0.446604,0.240628,0.19244,0.496001,0.1827,-0.43782,0.01582,0.310437,0.414485
-0.013038,-0.08915,0.350438,0.216379,0.006104,0.384726,0.021628,0.335069,0.548423,0.175955,-0.234434,-0.068474,0.459707,0.251753
-0.007576,-0.057805,0.375904,0.09519,-0.003213,0.439681,0.068171,0.310837,0.431162,0.059879,-0.151534,-0.002982,0.500734,0.095332
-0.017822,0.178895,0.262059,0.21562,-0.122491,0.241612,0.236872,0.10328,0.410046,0.300949,-0.098653,-0.046871,0.39306,0.240821
0.05666,0.055602,0.093668,0.037533,-0.133631,0.606887,0.387988,-0.06751,0.539096,-0.009204,-0.099308,0.054644,0.537964,0.205938
-0.17596,-0.016968,0.461768,0.253285,0.051911,0.194671,0.154241,0.046174,0.610763,0.257122,-0.136671,-0.091256,0.186391,0.16537
0.125294,-0.036861,0.336679,0.184431,0.01698,0.433146,0.05194,0.176906,0.394569,0.313879,-0.001638,-0.000833,0.608338,-0.166836
0.05068,-0.102493,0.369222,0.218916,-0.03174,0.329251,0.052719,0.100948,0.615489,0.202794,-0.068468,0.069174,0.28283,0.339208
-0.063307,-0.056405,0.525742,0.202569,-0.019637,0.346291,0.056112,0.212211,0.532864,0.302643,-0.139086,0.061373,0.461018,0.129547
-0.052604,-0.142024,0.336238,0.227885,0.057664,0.425764,0.19543,0.067274,0.647981,0.118576,-0.102731,-0.029254,0.448586,0.157077
-0.244266,0.046968,0.418925,0.150486,0.205122,0.251777,0.303991,-0.026911,0.664676,0.169522,-0.382855,-0.064275,0.315246,0.186725
-0.146004,0.205874,0.347974,0.125733,-0.076992,0.34732,0.249588,0.098067,0.732929,0.12254,-0.300465,-0.078231,0.445424,0.15292
-0.092359,0.048884,0.417959,0.157334,-0.168228,0.173666,0.237497,0.224391,0.574323,0.004985,-0.201499,-0.085642,0.242074,0.26663
-0.184695,-0.105096,0.31355,0.241073,0.016724,0.409682,0.075652,0.184415,0.503992,0.054506,-0.13327,0.03042,0.244013,0.274758
-0.133984,0.009356,0.303308,0.185879,0.05035,0.401238,0.201906,-0.148335,0.691001,0.196375,-0.167519,-0.069651,0.517953,0.101389
-0.109644,-0.231816,0.560425,0.170548,0.014211,0.336731,-0.000174,0.165007,0.508442,0.201454,-0.275088,0.021032,0.43874,0.193261
-0.325967,0.039442,0.246536,0.133365,0.207229,0.41829,0.316141,0.061014,0.440417,0.225196,-0.281238,0.000941,0.314182,0.383436
0.046483,-0.021407,0.325337,0.192345,-0.124438,0.400622,-0.052411,-0.035506,0.858898,0.081996,-0.098883,0.053184,0.43045,0.173539
0.079167,-0.017665,0.465274,-0.00438,-0.130893,0.283968,0.301401,0.31016,0.454991,-0.036627,-0.363692,0.024381,0.33469,0.418862
0.079935,0.030581,0.197361,0.108154,-0.241357,0.415166,0.127184,0.060891,0.691113,0.164164,-0.14687,-0.012974,0.382985,0.324657
-0.17364,0.158121,0.435059,-0.038593,0.026779,0.332705,0.160075,0.140155,0.631023,0.102769,-0.138821,0.050876,0.225295,0.42486
-0.278387,-0.095903,0.389353,0.02008,0.216372,0.526215,0.167859,0.161739,0.535975,0.089624,-0.205412,0.106768,0.340865,0.447364
0.073374,-0.045998,0.21635,0.343666,-0.10607,0.378394,0.285788,-0.206032,0.848924,0.054331,-0.114656,0.059094,0.486291,0.269157
-0.11137,-0.366537,0.460303,0.192111,0.172184,0.38005,0.287545,0.021426,0.773175,0.165438,-0.324375,-0.090128,0.312938,0.246939
-0.234957,0.058861,0.401771,0.052585,0.119793,0.397288,0.021941,0.281064,0.586345,0.157404,-0.206947,-0.004285,0.404327,0.290097
0.011916,0.050574,0.191055,0.028911,-0.033088,0.353768,0.341367,0.152778,0.420278,0.216345,-0.199071,0.024803,0.30137,0.300972
-0.031525,-0.052677,0.355561,0.152518,0.052887,0.293787,0.27573,0.266448,0.488542,0.063006,-0.305225,0.038997,0.22793,0.337496
0.097925,0.02695,0.443957,0.03445,-0.162724,0.303491,0.384665,0.16696,0.402116,0.151049,-0.238625,-0.045023,0.346372,0.281635
-0.063223,-0.111381,0.476435,0.103536,-0.014945,0.35433,0.188998,0.336558,0.341339,0.099005,-0.161436,-0.14898,0.37294,0.10966
0.01951,0.016738,0.319486,0.133621,-0.000637,0.28359,-0.058544,0.087768,0.660921,0.203905,0.011617,0.07186,0.220636,0.196893
-0.094268,-0.137432,0.273505,0.350981,0.07026,0.338786,-0.053441,0.299164,0.495206,0.123352,-0.160068,0.182371,0.345952,0.4406
-0.105608,-0.175148,0.306577,0.164214,0.038552,0.449797,0.151994,-0.028713,0.622631,0.227783,-0.179926,-0.017752,0.342274,0.178196
0.042628,-0.12239,0.262718,0.131927,0.034359,0.388929,-0.034825,0.535869,0.361047,0.044682,-0.101758,0.033232,0.391694,0.335313
0.073197,0.015131,0.262872,0.108501,-0.130369,0.439513,0.109217,0.090716,0.660699,0.09641,-0.137963,-0.019231,0.410111,0.14845
-0.292112,-0.117206,0.439474,0.181104,0.170766,0.401875,0.26638,0.391996,0.441747,-0.018907,-0.371668,-0.084989,0.245334,0.249383
-0.2646,0.078799,0.468323,0.009621,-0.040642,0.298853,0.153548,0.255932,0.462487,0.089305,-0.182034,-0.11308,0.277676,0.237492
0.430593,-0.216066,0.306706,0.112319,-0.170153,0.329636,0.417606,-0.02824,0.461339,0.103502,-0.249592,0.104861,0.356484,0.267378
-0.295578,0.140764,0.240187,0.182783,0.127519,0.363001,0.130296,0.12318,0.718043,0.094625,-0.153453,-0.156672,0.376239,0.246548
-0.055924,-0.085308,0.456479,0.131913,0.072911,0.262852,0.10455,0.103506,0.552869,0.089472,-0.168245,0.084448,0.287223,0.255253
-0.109664,0.200033,0.295998,0.228384,-0.274116,0.326196,0.050334,0.155031,0.594929,0.242813,-0.206485,-0.067209,0.464629,0.183469
-0.137003,0.045239,0.404329,0.13444,-0.02957,0.363175,-0.053601,0.150261,0.680223,0.118058,-0.101223,0.023364,0.273515,0.26688
-0.13938,-0.183204,0.410064,0.130796,0.067968,0.446058,0.053108,0.446923,0.379205,0.055385,-0.247081,-0.082196,0.384011,0.241889
-0.129348,0.026617,0.471358,0.169801,-0.081634,0.298977,-0.059109,0.144774,0.667255,0.175744,-0.062148,-0.016787,0.167587,0.339741
-0.096521,0.097452,0.255054,0.055656,-0.011122,0.398919,0.220906,0.31094,0.395174,0.091435,-0.3296,-0.140759,0.559424,0.036055
0.108311,-0.032094,0.215343,-0.098598,-0.050431,0.446843,0.368205,0.139431,0.547137,-0.033668,-0.209743,-0.053886,0.234079,0.47782
0.220128,-0.282573,0.394123,0.110572,-0.004593,0.439196,0.279115,0.136769,0.415782,0.325033,-0.188447,-0.07975,0.429498,0.231374
0.083439,-0.048075,0.382429,0.056876,-0.162047,0.290097,0.44761,0.170081,0.477405,0.155173,-0.370019,-0.179193,0.408797,0.205682
-0.1194,-0.36851,0.546155,0.219095,0.082964,0.488567,0.021164,0.032992,0.664939,0.175358,-0.167502,0.092419,0.333826,0.3335
0.245417,-0.013599,0.087974,0.256742,-0.19204,0.336159,0.523184,0.293591,0.471404,-0.003492,-0.360784,-0.169842,0.360504,0.300225
0.019632,-0.253526,0.593832,0.113496,-0.109695,0.215999,0.140846,-0.000988,0.747893,0.229065,-0.237692,-0.126851,0.2637,0.354911
-0.135292,-0.317885,0.488266,0.247906,-0.087356,0.376994,-0.028409,0.028322,0.811612,0.175354,-0.138964,-0.089612,0.236699,0.100692
0.037956,-0.124213,0.263195,0.055046,-0.076357,0.519246,0.210604,0.170523,0.513829,0.274159,-0.162517,-0.054584,0.308993,0.215918
0.024003,0.065035,0.324781,0.083508,-0.164752,0.365638,0.116054,0.065865,0.78469,0.164934,-0.263833,0.143013,0.362174,0.326125
0.229096,-0.122994,0.307189,0.138938,-0.166226,0.340171,0.215218,0.200147,0.497943,0.046526,-0.241993,0.060262,0.326432,0.237437
-0.142984,-0.07631,0.428664,-0.008547,0.014981,0.424462,0.466709,0.065177,0.384791,0.170789,-0.225278,-0.209479,0.438667,0.124079
-0.172661,0.052335,0.389842,0.09487,0.076822,0.378109,0.192248,0.154931,0.504724,0.057452,-0.285903,-0.022384,0.481692,0.305658
-0.082136,0.111362,0.287875,0.054287,0.023378,0.293671,0.157771,0.242295,0.673382,-0.003209,-0.258782,0.014596,0.279529,0.305769
-0.089005,-0.102888,0.382141,0.268515,-0.029193,0.398245,0.106096,-0.017804,0.669057,0.255742,-0.132234,-0.018858,0.278536,0.230655
0.11559,-0.123099,0.408906,0.080086,0.030166,0.332904,0.216422,0.357913,0.437604,-0.031733,-0.230708,-0.061712,0.399771,0.296953
0.092084,0.11301,0.346111,0.222367,-0.201743,0.253349,0.355823,0.136635,0.586216,0.140102,-0.308799,-0.029652,0.421994,0.313445
-0.129565,-0.0915,0.411284,0.06688,0.121747,0.480507,0.254262,0.097114,0.521978,0.145412,-0.152273,0.008926,0.337666,0.252051
0.065229,0.067122,0.284252,0.160796,-0.190068,0.482124,0.042156,0.250659,0.527694,0.248852,-0.242836,0.001962,0.418068,0.112103
0.190433,-0.13502,0.406358,0.216466,-0.140425,0.263282,-0.179979,0.083735,0.810925,0.10838,-0.000255,0.024191,0.31685,0.27463
-0.244801,-0.205484,0.455757,0.155345,0.110761,0.556025,0.164736,-0.247404,0.699216,0.318909,-0.188822,0.102367,0.288446,0.131975
-0.178251,0.115609,0.260437,0.097758,-0.009836,0.379553,0.407232,0.157181,0.379734,0.074794,-0.124516,-0.209675,0.3165,0.140659
-0.022769,-0.189407,0.510322,0.133185,-0.073896,0.398249,0.058068,0.355785,0.46655,0.09992,-0.239115,-0.103351,0.517871,0.116286
-0.138432,-0.108158,0.533276,0.126653,0.027678,0.412854,0.168493,0.308512,0.518113,0.081144,-0.193009,-0.000906,0.355631,0.287554
0.138405,-0.210155,0.488123,0.105845,-0.162496,0.392365,0.209057,0.101841,0.470934,0.209443,-0.290707,0.050498,0.490034,0.105366
0.210429,-0.160862,0.433267,0.152249,-0.192316,0.240401,-0.029974,0.263187,0.558093,0.174315,-0.167124,-0.065314,0.228107,0.032318
0.034938,0.081733,0.198471,0.116292,-0.005203,0.360331,0.109926,0.200734,0.577565,0.171719,-0.170185,-0.030387,0.320142,0.324705
0.060917,-0.135056,0.298176,0.289806,-0.082092,0.337339,0.050081,0.245881,0.571571,0.165506,-0.219944,0.025777,0.258068,0.287902
0.113491,-0.268169,0.300637,0.249992,0.016967,0.435978,0.336198,0.05616,0.624438,0.083121,-0.155116,-0.110683,0.107428,0.302902
-0.058823,-0.086632,0.471113,0.081667,0.026436,0.30778,0.231819,0.184873,0.510453,0.124997,-0.300216,-0.133818,0.499773,0.162478
-0.360834,-0.162937,0.370094,0.27671,0.166005,0.538673,0.119029,0.193503,0.61725,0.098636,-0.224709,0.014164,0.168157,0.403246
0.209586,0.149977,0.198202,0.003821,-0.245996,0.318103,0.292072,0.004624,0.568956,0.151797,-0.15668,0.073045,0.169303,0.633268
-0.105587,0.136966,0.187598,0.088868,0.083152,0.458839,0.33242,0.153346,0.415839,0.167144,-0.127909,-0.010721,0.415027,0.275371
0.179307,0.060455,0.354736,0.019788,-0.153008,0.246193,0.217701,0.176382,0.553667,0.041601,-0.125873,0.054914,0.22971,0.438699
-0.032994,-0.298203,0.677621,0.124359,-0.105424,0.392603,0.362924,0.058764,0.623195,0.020028,-0.2363,-0.148526,0.282019,0.08165
0.094356,-0.348784,0.497121,0.250057,0.086592,0.415581,0.118506,0.202432,0.61099,0.171399,-0.216589,0.036812,0.235932,0.311814
0.073593,0.012012,0.30655,0.070418,-0.093235,0.4224,0.25529,0.238713,0.512922,0.010739,-0.238316,0.018137,0.341537,0.309088
-0.036248,-0.205144,0.450741,0.108386,0.087155,0.440119,0.252624,0.234021,0.446356,0.207871,-0.266071,-0.118132,0.37205,0.03141
0.034448,-0.125943,0.199999,0.160875,0.060016,0.492269,0.067402,0.348724,0.498278,0.061188,-0.253943,0.136582,0.347512,0.429614
0.041519,-0.114735,0.411529,0.04977,-0.040505,0.492101,0.097879,0.058596,0.611106,0.159884,-0.097435,0.098253,0.39097,0.214819
0.298148,-0.073935,0.222558,0.230113,-0.147374,0.15247,0.286298,0.200588,0.62132,-0.026816,-0.34933,-0.04186,0.15317,0.394756
0.025049,-0.071782,0.292999,0.211225,-0.087188,0.465922,0.237911,0.383809,0.372201,0.045572,-0.324744,-0.01065,0.449974,0.312847
0.208956,0.230024,0.118193,0.10399,-0.196651,0.324054,0.131104,0.124489,0.696604,-0.117787,-0.141689,0.114062,0.383086,0.240347
0.238875,0.24157,0.276724,0.233451,-0.33792,0.279754,0.075466,0.375564,0.418252,0.248769,-0.224187,0.018671,0.333179,0.277439
0.044198,3e-05,0.144951,0.233987,-0.162268,0.432639,0.14438,0.200598,0.426996,0.068337,-0.199205,0.04069,0.349631,0.22161
-0.120695,-0.227978,0.335478,0.239176,0.152621,0.409876,0.134531,0.200798,0.558873,0.095311,-0.165761,0.06635,0.309589,0.386213
0.135597,-0.045828,0.214281,0.165982,-0.105592,0.278917,0.379148,0.278917,0.273221,0.235176,-0.079641,-0.233694,0.403796,0.188611
0.208148,0.01703,0.227057,0.315736,-0.124993,0.159449,0.199787,0.220338,0.652947,0.066776,-0.213982,-0.039061,0.172139,0.327451
0.090999,-0.220914,0.383782,0.16433,-0.048876,0.431171,0.158985,0.22071,0.399621,0.229601,-0.254305,0.021822,0.414384,0.172266
0.061348,0.083904,0.324974,0.008145,-0.203498,0.353542,0.356227,0.083986,0.483155,0.325191,-0.193519,-0.283728,0.356242,0.124209
-0.318794,0.037259,0.422717,0.07689,0.052208,0.445295,0.204248,0.20538,0.537309,0.219161,-0.276631,-0.153662,0.299378,0.300667
-0.117456,0.038421,0.281561,0.2093,0.032669,0.405973,0.212414,0.12507,0.552148,0.121779,-0.262809,-0.104034,0.556096,0.091894
0.340491,-0.128505,0.326089,0.032848,-0.292889,0.311447,0.320339,0.224498,0.467907,0.023429,-0.279608,-0.078857,0.384219,0.263607
-0.01269,-0.194249,0.557111,0.205154,-0.136992,0.371892,-0.138511,-0.08449,0.825071,0.293576,-0.145384,0.005802,0.403199,0.099179
-0.140238,0.068929,0.253905,0.065997,0.157592,0.444175,-0.001272,0.409146,0.483833,-0.031887,-0.077471,0.005621,0.43821,0.225601
-0.106958,-0.178366,0.466948,0.145122,-0.118062,0.46845,0.16256,0.107194,0.690906,0.092695,-0.288338,0.09644,0.367983,0.421967
0.017792,-0.226655,0.28848,0.203346,0.070731,0.554704,0.187606,-0.068289,0.612343,0.135408,-0.154693,0.0287,0.541971,0.119912
0.0357,0.059655,0.355513,0.249291,-0.207809,0.381606,0.190122,0.061159,0.484576,0.184563,-0.19385,0.110852,0.523878,0.228677
-0.226362,-0.146661,0.283423,0.22595,0.148994,0.301386,0.175728,0.175619,0.553055,0.255526,-0.260004,-0.130788,0.262396,0.323574
0.140306,-0.006914,0.393068,0.065794,-0.097103,0.284884,0.222342,0.270985,0.456604,0.001463,-0.207109,0.085283,0.346787,0.373803
0.042444,0.057112,0.240159,0.033306,0.000386,0.503881,0.32299,0.133077,0.646962,0.030423,-0.303363,0.008727,0.54472,0.132611
0.034866,0.01103,0.17386,0.116936,-0.059693,0.455642,0.247583,0.178201,0.591872,0.118035,-0.288056,-0.188639,0.452736,0.109177
-0.04797,-0.091546,0.27378,0.113293,-0.027956,0.46082,0.139338,0.15691,0.503583,0.181807,-0.196667,-0.140326,0.489318,0.156981
0.075735,-0.019979,0.487073,0.262569,-0.125105,0.248515,0.152316,-0.037558,0.565366,0.287512,-0.04206,-0.038591,0.459654,0.112134
0.215686,0.061355,0.220325,0.095377,-0.181376,0.288426,0.227308,0.225676,0.584878,0.138592,-0.326454,-0.037783,0.22565,0.326159
-0.332988,0.07688,0.23889,0.194521,0.197794,0.384478,0.186622,0.091654,0.51041,0.231361,-0.251589,-0.055731,0.419495,0.218393
-0.073888,-0.00404,0.427998,0.164924,-0.094838,0.31764,-0.043642,0.296889,0.669646,0.107586,-0.25217,0.040143,0.267323,0.249156
0.052586,-0.085086,0.414916,0.224613,-0.135205,0.311838,0.091699,0.230902,0.525607,0.183264,-0.231044,-0.001183,0.324124,0.25245
0.01368,-0.13948,0.514734,0.230167,-0.030033,0.190061,-0.045419,0.110621,0.66946,0.146609,-0.126572,0.140006,0.108449,0.543534
-0.124639,0.066906,0.399489,0.128272,-0.030027,0.369615,0.277015,0.066642,0.58933,0.151258,-0.235267,0.001373,0.365068,0.222731
0.100542,-0.165776,0.28072,0.144053,0.024355,0.474004,0.251109,0.121741,0.455025,0.185205,-0.23125,-0.058808,0.425756,0.205596
-0.09287,0.000329,0.222527,0.107161,-0.008893,0.445326,0.20996,0.103173,0.569822,0.067726,-0.233698,0.085485,0.344496,0.414135
-0.147504,-0.140035,0.420063,0.079793,0.143881,0.560597,0.099763,0.014592,0.572869,0.1648,-0.160333,0.040689,0.483563,0.238371
0.142762,0.028113,0.198057,0.156912,-0.103699,0.319484,0.110892,0.2304,0.730185,-0.062933,-0.110538,0.023543,0.148614,0.334635
-0.181759,-0.181854,0.360148,0.071578,0.161043,0.448425,0.204909,0.282272,0.461683,0.043776,-0.244409,-0.013091,0.326991,0.252212
-0.145754,0.120885,0.401014,0.01169,-0.029735,0.359847,0.064444,0.303269,0.529984,0.154343,-0.261675,-0.039992,0.392472,0.183657
-0.097516,-0.406725,0.619216,0.320041,0.005127,0.573605,0.146244,0.017311,0.64226,0.215357,-0.129633,0.025288,0.437377,0.069692
-0.171019,-0.032924,0.469179,0.023947,-0.016045,0.436331,0.127076,0.435138,0.385021,0.084265,-0.202875,-0.084078,0.43111,0.152103
-0.118579,0.035821,0.347538,-0.024415,-0.083187,0.576294,0.24604,0.031901,0.577288,0.135973,-0.097398,0.022835,0.545365,0.342639
-0.089747,0.021493,0.215106,0.120367,0.108236,0.486964,0.207312,0.185017,0.398244,0.072242,-0.072519,0.119244,0.400338,0.322902
-0.043561,-0.024777,0.244597,0.108609,-0.00016,0.541262,0.355919,0.084919,0.746754,-0.073893,-0.319409,0.07226,0.233419,0.22842
0.062108,-0.087667,0.3868,0.207834,-0.117115,0.319551,0.154497,0.058346,0.52938,0.267598,-0.227159,-0.00759,0.407983,0.097525
0.007825,-0.272265,0.279666,0.194324,0.141414,0.526079,0.253244,0.199303,0.397138,0.180504,-0.308512,0.067537,0.245697,0.270099
-0.039246,-0.089635,0.460499,0.13672,-0.080551,0.24891,0.131204,-0.023981,0.726854,0.095402,-0.100612,-0.067872,0.255351,0.042507
0.050058,-0.138465,0.354428,0.088716,-0.056391,0.445707,-0.044731,0.051903,0.788114,0.183642,-0.135988,0.092376,0.263849,0.443796
-0.311033,-0.183099,0.555791,0.205807,0.125037,0.392156,-0.006346,0.26062,0.61685,0.153335,-0.252763,0.036878,0.335695,0.216732
0.094549,-0.071448,0.298774,0.083754,-0.052174,0.446701,0.229833,0.027236,0.539609,0.141122,-0.187247,-0.045605,0.486655,0.127047
0.15308,-0.180696,0.373812,0.2475,-0.186734,0.289816,0.122208,0.169998,0.565427,0.125834,-0.225277,-0.035021,0.346671,0.230169
0.000165,-0.071178,0.263162,0.14351,-0.067947,0.367081,0.013916,0.125273,0.637122,0.22584,-0.131217,-0.038064,0.240715,0.370902
-0.103577,0.033484,0.30083,0.093458,-0.007017,0.328557,0.390346,-0.116507,0.725437,0.113439,-0.296869,-0.070889,0.390027,0.374062
-0.104541,-0.215745,0.422468,0.133293,0.097164,0.430077,-0.056745,0.129987,0.656014,0.164081,-0.217109,0.091071,0.129078,0.435716
0.05833,-0.227501,0.444537,0.124863,-0.13301,0.558966,0.184096,0.329925,0.257675,0.159696,-0.131594,0.041171,0.473282,0.140386
-0.091305,-0.044486,0.39696,0.193903,-0.057431,0.32021,0.270782,0.122804,0.424104,0.207458,-0.1555,-0.136421,0.412519,0.040603
0.111568,-0.059111,0.420988,0.079517,-0.134515,0.459171,0.13029,0.114262,0.662618,0.249716,-0.254846,0.087983,0.469324,0.310872
-0.046829,-0.094174,0.216788,0.290801,0.115885,0.453796,0.178263,0.224491,0.471936,0.119176,-0.35894,-0.057998,0.501375,0.18595
-0.02912,0.149939,0.226031,-0.007125,-0.021467,0.364933,0.377885,0.086551,0.531682,0.056447,-0.280889,0.04407,0.308126,0.399089
0.009739,0.002962,0.216374,0.170812,-0.062458,0.470513,0.303461,0.16814,0.40434,0.131097,-0.194991,-0.086735,0.520433,0.10999
0.0581,0.024983,0.424861,0.084879,-0.247058,0.447488,0.411754,0.058109,0.608637,0.098486,-0.43844,-0.007972,0.595938,0.005512
-0.009969,-0.027139,0.363325,0.150455,0.092676,0.353017,0.195454,0.088517,0.57098,0.143891,-0.165727,-0.00846,0.325286,0.260959
0.092146,-0.060894,0.2135,0.247417,0.017955,0.309113,0.077579,0.18954,0.444601,0.208894,-0.06681,-0.137852,0.496306,0.028068
-0.089447,-0.273767,0.442814,0.303589,0.109144,0.35961,0.145623,0.342785,0.490542,0.040006,-0.252639,-0.049365,0.341464,0.253085
-0.121223,0.074768,0.243609,0.08722,0.066161,0.352777,0.162979,0.094078,0.589137,0.246852,-0.211063,-0.050933,0.386361,0.407709
-0.047331,0.051251,0.472559,0.171392,-0.140087,0.374176,0.278147,0.263635,0.459792,0.168678,-0.27886,-0.205144,0.64914,-0.113743
-0.072218,0.027003,0.204468,0.127072,-0.02849,0.491673,0.194181,-0.085517,0.852674,0.139458,-0.223526,0.012069,0.310373,0.296505
0.095055,-0.064698,0.211175,0.23205,-0.13602,0.355463,-0.012748,0.054473,0.526962,0.222442,0.002487,0.028513,0.305056,0.176467
-0.136281,-0.063191,0.328296,0.111852,0.039784,0.490522,0.301171,0.269863,0.576584,-0.046813,-0.281228,-0.051134,0.401389,0.221078
0.253072,0.073723,0.226734,0.093888,-0.131973,0.214037,0.13974,0.230209,0.411992,0.180121,-0.12997,-0.10962,0.359619,0.008268
0.136391,-0.021432,0.437971,0.171086,-0.261605,0.277965,0.156815,0.096393,0.612014,0.102091,-0.200582,-0.043749,0.398249,0.26771
0.056559,-0.090455,0.470596,0.061678,-0.128795,0.435251,0.118445,0.090855,0.703102,0.034719,-0.162586,0.058483,0.610534,0.24302
-0.111017,0.07353,0.388924,0.164846,-0.089744,0.362707,0.068836,0.027445,0.618386,0.207821,-0.15495,-0.020531,0.461133,0.239264
-0.029931,-0.104336,0.21635,0.252411,-0.030424,0.477312,0.316299,0.273391,0.50754,-0.026808,-0.303298,-0.177644,0.46395,0.247833
-0.105832,-0.145323,0.256685,0.255471,-0.047351,0.535159,0.032438,0.183645,0.510408,0.193402,-0.087323,-0.016326,0.447417,0.293879
0.107719,-0.016821,0.206745,0.178082,-0.097974,0.365518,0.385279,0.161384,0.409184,0.232822,-0.327474,-0.015494,0.451024,0.306435
-0.122621,-0.133937,0.684836,0.057747,-0.044947,0.314909,-0.115638,0.240503,0.442197,0.171283,-0.054078,0.045738,0.553337,0.075122
0.025578,-0.052886,0.450413,0.084964,-0.127962,0.367545,0.322237,0.2055,0.427198,0.073475,-0.318895,-0.099556,0.433018,0.063591
-0.089863,-0.094701,0.306672,0.109526,0.035599,0.44154,0.335551,-0.080831,0.675254,0.177503,-0.193285,-0.104514,0.312525,0.263743
-0.139134,-0.09797,0.362759,0.016293,0.118711,0.457079,0.201841,-0.05946,0.630833,0.193613,-0.060365,-0.05307,0.379385,0.188924
-0.127017,-0.053303,0.360401,0.230809,-0.073807,0.376022,0.230235,0.114609,0.400163,0.289211,-0.218892,-0.070332,0.3945,0.154821
0.051874,-0.040241,0.241078,0.065759,-0.01462,0.248517,0.279901,0.045988,0.619406,0.026072,-0.217894,-0.117247,0.152764,0.280103
0.155402,-0.226925,0.598809,0.112683,-0.180016,0.31275,0.142944,0.040381,0.551028,0.243622,-0.264842,-0.135212,0.575693,0.005682
-0.140718,-0.048209,0.530786,0.184454,0.018778,0.273741,-0.004529,-0.091257,0.698524,0.273096,-0.049955,-0.024929,0.309988,0.05922
0.134418,-0.204748,0.266225,0.082402,-0.020103,0.559072,0.145179,0.075985,0.529554,0.090124,-0.178369,0.050099,0.574312,0.095648
-0.043655,-0.192288,0.380988,0.253691,0.06181,0.32303,-0.212972,0.482588,0.495637,0.109294,-0.051619,2.2e-05,0.32954,0.24147
-0.329066,0.271542,0.173664,-0.033577,0.159277,0.416139,0.249854,0.208034,0.457876,0.188059,-0.206896,-0.002675,0.150064,0.515283
0.05269,-0.057441,0.319709,0.150682,-0.057564,0.457198,0.042156,0.240254,0.532471,0.32239,-0.150805,-0.091337,0.36435,0.210614
-0.018753,-0.068931,0.428049,0.061414,0.044182,0.227564,0.303694,0.253382,0.401817,0.263178,-0.23961,-0.247793,0.253883,0.34251
0.128527,0.0321,0.407256,0.243098,-0.109215,0.310702,0.298828,0.061464,0.482928,0.150295,-0.196363,-0.005723,0.642643,-0.03582
-0.200314,0.273452,0.295164,0.089869,-0.067503,0.329431,0.067434,0.211229,0.475111,0.222189,-0.175852,0.048186,0.262761,0.280476
0.055245,-0.151472,0.505388,0.207442,-0.080431,0.297797,0.086901,0.242206,0.607999,0.083815,-0.245071,0.022109,0.296047,0.374998
-0.028012,-0.105379,0.211744,0.13145,0.097916,0.372294,0.173852,0.045232,0.548913,0.189189,-0.179139,-0.037954,0.236611,0.258497
0.020977,-0.118054,0.258389,0.19639,0.051181,0.357077,0.223918,0.180208,0.439268,0.212206,-0.231972,-0.229095,0.335756,0.16137
0.315376,0.023934,0.152719,-0.049985,-0.182279,0.399118,-0.345328,0.138665,0.656174,0.316014,0.154762,0.063174,0.405292,0.150303
0.163433,-0.160725,0.336958,0.052634,-0.054852,0.444786,0.202676,0.339021,0.480058,0.094226,-0.249977,-0.056089,0.283871,0.239707
0.072527,-0.094983,0.320481,0.101694,-0.02044,0.419297,0.301436,0.114695,0.524518,0.02851,-0.202701,0.006438,0.426946,0.273448
-0.165021,0.036509,0.178795,0.146746,0.00671,0.366709,0.125415,0.191599,0.648471,-0.026688,-0.17091,0.081755,0.243486,0.484249
-0.011973,-0.325875,0.42696,0.286005,0.032071,0.304125,0.147947,-0.168026,0.835367,0.111258,-0.230708,0.059365,0.143647,0.455848
0.171235,-0.079294,0.348476,0.189574,-0.10595,0.290256,0.203031,0.134251,0.633322,0.151874,-0.276023,-0.040544,0.258912,0.345514
-0.077789,0.028564,0.389503,0.184527,-0.015848,0.377774,0.275743,-0.159316,0.826776,0.152521,-0.297778,0.024412,0.380614,0.258505
-0.163937,-0.142617,0.49454,0.008047,0.001543,0.465004,0.397616,0.087405,0.469167,0.023332,-0.240927,-0.092283,0.410098,0.187645
0.129728,-0.232574,0.264146,0.197359,-0.096103,0.230855,0.101851,0.247273,0.481276,0.209234,-0.194781,-0.013602,0.177296,0.398247
-0.21631,0.008427,0.410022,0.146885,0.139606,0.417972,-0.04049,0.234392,0.604513,0.149388,-0.060844,0.101118,0.323835,0.326501
0.065887,0.041568,0.156883,0.181377,-0.092012,0.33554,0.386289,0.067776,0.547801,0.220285,-0.340189,-0.094374,0.364282,0.162932
0.110595,-0.080778,0.432263,0.264233,-0.155989,0.185046,0.282306,0.216966,0.643949,0.09593,-0.303827,0.096204,0.201942,0.404202
-0.068173,-0.146549,0.399017,0.085923,0.189906,0.38411,0.111498,0.159743,0.619234,0.05926,-0.17861,0.061204,0.372494,0.19743
0.076504,-0.012564,0.442914,0.121746,-0.168523,0.305532,0.178105,0.208037,0.504995,0.195384,-0.203463,0.060222,0.419965,0.220281
-0.259798,-0.186439,0.54859,0.08213,-0.004339,0.476399,0.198224,0.1899,0.687383,0.095853,-0.328311,-0.124355,0.349231,0.349286
-0.126616,0.051655,0.347379,0.232428,-0.116261,0.409485,-0.215766,0.234415,0.690794,0.195026,-0.12065,0.116267,0.374636,0.265603
-0.192982,0.093558,0.324767,0.208363,-0.014327,0.381343,0.041813,-0.104679,0.811894,0.182487,-0.07734,-0.146241,0.398809,0.106082
-0.153057,-0.215048,0.380057,0.225538,0.248032,0.396816,0.361743,0.277645,0.275781,0.084499,-0.219051,-0.048066,0.279647,0.403984
0.134006,-0.096946,0.548206,0.030634,-0.147996,0.342407,0.118907,0.003837,0.583699,0.130589,0.018334,-0.045937,0.461527,0.00137
0.018462,0.053005,0.17429,0.027254,0.018609,0.398227,0.149722,0.190939,0.498316,0.111008,-0.19385,0.003945,0.362084,0.304441
0.020566,-0.129556,0.345166,0.186305,0.052362,0.368253,-0.162945,0.167892,0.728572,0.157578,-0.121335,0.070846,0.292034,0.339419
-0.173959,-0.122171,0.462051,0.143769,0.118309,0.342989,0.272422,0.367367,0.369238,0.073233,-0.291397,-0.066751,0.29386,0.351082
0.084111,-0.07968,0.469647,0.285763,-0.105681,0.281351,-0.102512,-0.047875,0.961211,0.070339,-0.211182,0.20399,0.272097,0.291605
0.114192,-0.082706,0.323316,0.234887,-0.098296,0.334943,0.052598,0.206088,0.557793,0.060335,-0.162486,0.091088,0.323821,0.170982
-0.241278,-0.119533,0.462193,0.241428,0.053854,0.378767,0.013463,-0.005781,0.6103,0.333398,-0.193463,-0.030188,0.401567,0.241411
-0.303669,-0.017814,0.364685,0.142977,0.201748,0.390041,0.055782,0.176594,0.617807,0.087813,-0.195278,0.033701,0.188529,0.426147
0.234832,-0.064557,0.219658,0.076235,-0.153252,0.449333,0.246052,0.055684,0.586219,0.157516,-0.140826,-0.101579,0.442321,0.152763
0.154338,-0.134961,0.387073,0.145617,0.011541,0.24858,0.033856,0.239148,0.485206,0.127067,-0.089389,0.001938,0.385344,0.240924
0.225287,0.091882,0.129443,0.202882,-0.116173,0.347144,0.32409,-0.017946,0.597929,0.170168,-0.181004,-0.002464,0.453926,0.288456
-0.08887,-0.104512,0.33453,0.169285,-0.071164,0.395628,0.08985,0.272231,0.435794,0.112423,-0.131045,0.007576,0.278505,0.409842
0.024595,-0.062152,0.410982,0.126386,-0.166079,0.311275,0.109217,0.242427,0.550582,0.062607,-0.223009,0.04742,0.281676,0.300313
0.3836,-0.027085,0.383582,0.214247,-0.356564,0.29722,0.41508,0.010024,0.638224,0.09768,-0.308841,0.016878,0.438624,0.194894
0.130949,0.018184,0.274918,0.128216,-0.115587,0.333644,0.197801,0.175735,0.679268,0.11375,-0.28058,0.061505,0.36382,0.312363
-0.15332,-0.235458,0.598623,0.231454,0.066118,0.380097,0.307282,0.259562,0.322788,0.119865,-0.181948,-0.04487,0.280751,0.284995
-0.262085,-0.13897,0.464907,0.279945,-0.011399,0.359762,0.278443,0.038956,0.687559,0.249768,-0.395324,-0.087861,0.271925,0.163572
0.13155,-0.014536,0.335927,0.164986,-0.126912,0.418408,0.167407,0.338503,0.224127,0.235779,-0.19548,-0.055629,0.70766,0.069869
-0.053806,0.014694,0.259095,0.148208,0.079009,0.470606,0.196686,0.147034,0.471222,0.24625,-0.209163,0.008265,0.442184,0.125401
0.201898,0.055552,0.383099,0.022532,-0.274597,0.313646,0.363188,-0.130805,0.629999,0.183726,-0.253411,-0.129272,0.591157,-0.079474
-0.010956,-0.200639,0.364359,0.178385,-0.006805,0.535369,0.135416,0.271545,0.340662,0.081906,-0.175275,0.047527,0.458132,0.20763
-0.065677,-0.132788,0.445648,0.260085,0.08487,0.374174,0.035113,0.280421,0.688371,0.019836,-0.279274,0.012514,0.23275,0.371767
-0.065788,0.144947,0.345906,0.098154,-0.07779,0.274337,0.078432,0.105095,0.630678,0.271774,-0.146912,-0.049421,0.306828,0.245191
-0.235709,0.172109,0.189628,0.163753,0.152685,0.387415,0.162914,0.255141,0.517677,0.120113,-0.284688,0.103427,0.143919,0.447741
-0.030622,0.029831,0.261985,0.013889,0.140212,0.380753,0.009792,0.199142,0.621559,0.074909,-0.136513,0.158736,0.145431,0.450571
0.19036,-0.091909,0.433703,0.00078,-0.166141,0.373769,0.13027,0.178181,0.672525,0.064676,-0.24789,-0.04747,0.478368,0.151992
-0.111205,-0.090694,0.423625,0.08365,0.05846,0.366016,0.169242,0.291557,0.362056,0.15416,-0.299033,-0.0377,0.447817,0.254724
0.069265,-0.250828,0.721613,0.109182,-0.10729,0.285881,0.141695,0.094534,0.578901,0.046175,-0.203051,0.046134,0.528728,0.12949
-0.112711,0.170793,0.068028,0.131876,-0.024594,0.465951,0.095888,0.118044,0.60989,0.146046,-0.261313,0.232249,0.127268,0.440707
0.040608,0.03642,0.392479,0.152598,-0.183308,0.280174,0.048141,0.272499,0.638126,-0.030111,-0.200748,0.034608,0.368542,0.243009
-0.132871,0.020374,0.25397,0.081893,-0.000502,0.609231,-0.116359,0.053282,0.823306,0.126334,-0.161049,0.217806,0.472898,0.450123
-0.114128,-0.044272,0.262075,0.216799,0.03926,0.445731,0.044728,0.295028,0.546562,0.136319,-0.26975,0.016649,0.279386,0.399543
0.121946,-0.114936,0.228268,0.230836,-0.090556,0.235739,0.229557,0.040854,0.500529,0.194524,-0.237164,-0.094457,0.279059,0.069219
-0.243273,-0.171591,0.255244,0.270948,0.256054,0.427929,0.082266,0.158424,0.488214,0.353493,-0.175253,0.037161,0.200546,0.360849
0.007093,-0.141497,0.283053,0.105496,0.045097,0.537687,0.015267,0.333264,0.461926,0.069723,-0.146928,0.059431,0.350796,0.109436
0.013768,-0.026774,0.60163,0.18782,-0.239118,0.2394,0.167029,0.186102,0.703945,0.060476,-0.421897,-0.025046,0.401056,0.152143
0.082804,-0.205461,0.312196,0.209936,-0.051482,0.379054,0.215347,0.204462,0.483778,0.135364,-0.311831,-0.002082,0.225878,0.248275
-0.01397,-0.177729,0.442291,0.229613,-0.010196,0.467113,0.10427,0.328059,0.238126,0.246817,-0.136502,-0.081385,0.597719,-0.022925
-0.025797,0.108099,0.043909,0.188395,0.034761,0.404557,0.238356,0.097428,0.607767,0.011438,-0.13358,0.014344,0.288297,0.390991
-0.172083,-0.310871,0.599317,0.131986,0.009534,0.470317,0.110072,0.104014,0.689003,-0.006137,-0.242168,-0.011999,0.415882,0.083121
-0.186254,-0.066148,0.5262,0.095528,0.094006,0.391411,0.264529,0.149677,0.404983,0.201439,-0.25569,-0.044041,0.391959,-0.033347
0.093705,0.093931,0.284845,0.148052,-0.178598,0.268495,0.457803,0.012885,0.669746,0.167184,-0.412702,-0.139518,0.426712,0.042372
-0.186636,-0.016126,0.468058,0.143781,-0.007071,0.42687,0.019085,0.479163,0.360302,0.139544,-0.086725,0.064926,0.401393,0.22257
0.005583,-0.145717,0.351121,0.121487,0.01716,0.276877,0.137768,0.344857,0.302364,0.231236,-0.1067,-0.00023,0.185639,0.319094
-0.019507,-0.043174,0.279768,0.102909,0.043911,0.412819,0.06824,0.220522,0.490886,0.274393,-0.187597,-0.069048,0.328722,0.1247
-0.021553,-0.131056,0.559765,0.069677,-0.161138,0.470335,0.17112,0.397674,0.321155,0.156095,-0.25049,-0.174538,0.406467,0.107056
0.048008,-0.014771,0.218934,0.166364,0.076507,0.411864,-0.016163,0.344235,0.455175,0.296089,-0.147988,-0.03572,0.419679,0.314178
0.274595,-0.19236,0.236103,0.168871,-0.099659,0.403425,-0.134262,0.11485,0.586925,0.080285,0.091692,0.298253,0.214951,0.528947
-0.153953,-0.222723,0.554364,0.158568,0.082903,0.458389,0.098833,0.224118,0.352168,0.16281,-0.105268,0.066112,0.356119,0.26668
0.024258,-0.012441,0.3594,0.159124,0.009719,0.315254,0.068811,0.306127,0.442243,0.191649,-0.160426,0.013349,0.406376,0.254893
0.103604,0.155086,0.283367,0.060797,-0.155843,0.382346,0.066252,0.235489,0.429646,0.149775,-0.234984,0.066909,0.392941,0.12408
-0.251574,0.04813,0.22945,0.254639,0.068082,0.4708,0.311736,0.124313,0.588493,0.15132,-0.26412,-0.081558,0.422333,0.228068
0.055956,0.013471,0.160166,0.254072,0.104022,0.157241,0.139335,0.279518,0.524884,0.097321,-0.250236,-0.087272,0.115927,0.247497
0.033701,-0.061851,0.441718,0.132484,-0.208913,0.247915,0.383402,-0.068401,0.663395,0.144032,-0.241254,-0.076188,0.344501,0.236757
-0.043581,-0.067065,0.380198,0.110771,-0.028616,0.471233,0.273733,0.310825,0.388821,0.067865,-0.193639,0.043253,0.497598,0.316505
-0.163041,-0.096458,0.570346,0.172001,0.005412,0.354637,-0.151073,0.0842,0.852065,0.179348,-0.051718,0.090273,0.301698,0.295708
0.012618,0.272205,0.32578,0.10293,-0.094152,0.210825,0.345202,0.185543,0.365248,0.163932,-0.227323,-0.064733,0.465905,0.162152
-0.272506,0.195614,0.198039,0.087623,0.155062,0.433907,0.323263,0.021311,0.549896,0.165751,-0.165851,0.039494,0.25169,0.34917
0.233127,-0.020808,0.328071,0.013566,-0.248374,0.386574,0.04062,0.295468,0.584504,0.15714,-0.075781,-0.096387,0.405031,0.224124
0.145431,-0.053299,0.312677,0.157815,-0.127655,0.450521,0.292877,0.162862,0.406577,0.203423,-0.117407,-0.21821,0.604155,-0.049846
-0.230729,-0.036594,0.367495,0.285112,0.106881,0.462495,-0.127108,0.122662,0.721844,0.178554,-0.117877,0.171062,0.340318,0.241275
0.416811,-0.101397,0.299697,0.232499,-0.23378,0.219603,0.18076,0.252953,0.623808,0.048547,-0.368232,-0.018399,0.454296,0.263455
-0.239793,0.031978,0.227004,0.219525,0.134821,0.422198,0.253697,0.030243,0.496975,0.296416,-0.236403,0.022712,0.393382,0.203429
-0.101468,0.041754,0.300953,0.207027,-0.043814,0.314438,-0.089123,0.066097,0.752805,0.271917,-0.17185,-0.028174,0.285309,0.158235
0.074521,-0.07653,0.355222,0.103729,-0.13914,0.308506,-0.051122,-0.036226,0.799509,0.1266,-0.109948,0.007144,0.297513,0.221129
-0.224065,0.140505,0.404576,0.042184,0.064575,0.352327,-0.035157,0.041958,0.853585,0.03941,-0.158456,0.052459,0.30766,0.224807
-0.110253,-0.060506,0.493171,0.012695,-0.041453,0.35254,0.166522,0.326732,0.455401,-0.055786,-0.180257,0.073516,0.280767,0.505908
-0.082412,-0.271104,0.687947,0.123193,-0.164882,0.507293,0.247343,0.035418,0.612273,0.306561,-0.248805,-0.152853,0.435856,0.030254
0.040086,0.065305,0.239045,0.133646,-0.057187,0.404219,0.312505,0.117583,0.54384,0.095962,-0.178676,-0.039404,0.305718,0.243677
-0.097521,-0.16166,0.332608,0.122219,0.074095,0.43144,0.268833,0.33225,0.372538,0.145503,-0.181747,0.018341,0.305704,0.270214
0.168549,-0.147841,0.175472,0.168143,0.012402,0.462482,0.263104,0.159456,0.393073,0.207466,-0.186644,-0.023452,0.320567,0.257174
0.222227,-0.081033,0.297371,0.0601,-0.141646,0.314819,-0.006186,0.330736,0.375381,0.119543,-0.131407,-0.021446,0.43913,0.306659
0.096124,-0.018205,0.469214,0.124692,-0.156465,0.215827,0.16095,0.220476,0.403979,0.312209,-0.186031,-0.143843,0.448739,0.059421
0.075327,-0.089141,0.379571,0.155993,-0.24556,0.358723,0.123559,-0.109437,0.786843,0.252837,-0.177877,-0.064838,0.294445,0.144872
0.137826,-0.095656,0.354595,0.099565,-0.134089,0.399259,0.440077,0.033438,0.458783,0.217697,-0.283014,-0.133409,0.444687,0.354022
-0.052076,-0.132244,0.347956,0.190178,-0.037379,0.450394,0.29167,0.054882,0.404992,0.323806,-0.170494,-0.121335,0.637515,-0.061681
-0.020489,0.063451,0.344487,0.144042,-0.089782,0.316925,0.306924,0.059541,0.592398,0.244162,-0.205402,-0.108997,0.4163,0.054938
-0.119314,-0.119091,0.401032,0.166398,0.068027,0.312032,-0.060539,0.204354,0.63716,0.180147,-0.141072,0.058446,0.213518,0.347333
0.176621,-0.176361,0.405493,0.163823,-0.075139,0.248118,0.115969,0.258423,0.417335,0.157158,-0.152815,-0.093862,0.232924,0.132135
-0.027464,-0.080968,0.487447,0.104148,-0.159429,0.41183,0.355628,0.202936,0.360134,0.196837,-0.1468,-0.048015,0.59348,0.100811
-0.04819,0.132218,0.29763,0.037961,-0.035552,0.378855,0.216269,0.031923,0.727963,0.114969,-0.236086,-0.155759,0.404401,0.278265
-0.135659,0.19022,0.200645,0.178126,-0.056885,0.319085,0.054279,0.168465,0.595256,0.031615,-0.16161,0.067001,0.30091,0.228738
-0.092134,-0.170803,0.425806,0.275669,0.201573,0.317773,0.028234,0.136864,0.656608,0.139024,-0.28382,-0.077049,0.306842,0.236181
-0.048753,0.219698,0.166547,0.131171,0.003374,0.234911,0.304069,0.19259,0.485312,0.159854,-0.146491,-0.081755,0.19069,0.524107
-0.190258,0.090748,0.212045,0.257562,0.004853,0.349425,0.125524,0.024663,0.704732,0.055074,-0.119626,-0.045506,0.36939,0.241448
0.106506,0.236297,0.40074,0.002706,-0.185627,0.288895,0.228047,0.280283,0.435165,0.15202,-0.211419,-0.049492,0.56674,-0.011767
0.224851,-0.087419,0.295008,0.223669,-0.132951,0.294246,0.183213,0.121867,0.439734,0.152529,-0.076675,0.119097,0.311786,0.269552
-0.100667,0.213572,0.530008,0.030467,-0.054111,0.160494,0.176032,0.193736,0.461672,0.191047,-0.139776,-0.094428,0.364976,0.251534
-0.176515,-0.062211,0.354373,0.208089,0.069409,0.406591,0.392537,0.17894,0.557545,0.066765,-0.254494,-0.144454,0.350439,0.15148
0.067376,0.070837,0.158439,0.097565,0.075099,0.43143,0.386504,0.172447,0.405443,0.157006,-0.304462,-0.056976,0.546985,0.254365
0.179629,-0.058915,0.304087,0.048513,-0.058299,0.349225,0.059723,0.320506,0.478111,0.124894,-0.195569,-0.020711,0.481449,0.30912
0.004184,0.040533,0.300565,0.135323,-0.084762,0.25244,0.069118,0.247946,0.580296,0.120346,-0.112434,-0.055556,0.07153,0.353109
-0.170743,-0.056062,0.314418,0.211226,0.101256,0.39916,0.067994,-0.075272,0.690502,0.297712,-0.124395,-0.063258,0.389206,0.230812
0.013545,-0.173843,0.492855,0.086558,-0.032396,0.393329,0.296787,0.217157,0.472829,0.089129,-0.302697,-0.177375,0.379839,0.137032
0.202059,-0.325076,0.236291,0.136303,-0.012507,0.501491,0.252892,0.170553,0.403567,0.091833,-0.072455,0.175052,0.341673,0.397115
0.132205,-0.069903,0.363647,0.105055,-0.171428,0.295491,0.151351,0.0642,0.737683,0.090518,-0.296457,-0.064457,0.343822,0.308525
-0.121558,0.124476,0.389297,-0.014927,-0.118244,0.445685,0.053985,0.247074,0.602666,0.103676,-0.132241,-0.058933,0.503921,0.143666
-0.061229,0.000422,0.302272,0.112216,0.00474,0.550464,0.206315,0.195039,0.561841,0.094521,-0.221182,0.054033,0.442449,0.331834
-0.135067,-0.0949,0.302172,0.24174,0.045953,0.43978,0.094161,0.314059,0.377474,0.209032,-0.09937,-0.02854,0.351438,0.209272
0.222873,-0.23187,0.312208,0.197309,-0.020641,0.230124,0.212075,0.154275,0.498891,0.067524,-0.208532,-0.029945,0.257519,0.257107
0.216869,-0.213453,0.504072,0.149422,-0.214509,0.313203,0.022862,0.291343,0.533703,0.06352,-0.14853,0.122561,0.186566,0.372272
-0.00851,-0.123239,0.438708,0.135611,-0.089944,0.388629,0.017809,0.021892,0.789075,0.104333,-0.229189,0.096655,0.337803,0.268614
-0.121306,-0.236207,0.519546,0.189935,0.193282,0.320299,0.026735,0.387521,0.605848,-0.023191,-0.271664,0.028279,0.253221,0.345824
-0.074143,-0.121697,0.411044,0.205603,-0.047974,0.373245,0.066946,0.309534,0.394067,0.25119,-0.281382,0.053484,0.34986,0.219452
0.008877,-0.188341,0.414831,0.123836,-0.035786,0.49492,0.257525,0.293957,0.459195,0.077832,-0.361327,-0.032892,0.357524,0.250492
0.1795,0.03643,0.207305,0.193308,-0.250834,0.401986,-0.054607,0.428919,0.58517,0.005616,-0.182727,0.143365,0.268501,0.33062
0.341118,-0.178463,0.483765,0.152213,-0.358863,0.404994,0.166787,0.361619,0.410372,0.13102,-0.342356,0.043387,0.545483,0.097064
-0.064523,0.122548,0.34957,0.111622,0.018459,0.373416,0.226448,0.33974,0.357233,0.211936,-0.23876,-0.160427,0.485179,0.01662
0.246355,-0.151473,0.389552,0.138789,-0.104972,0.311363,0.159239,0.271038,0.406757,0.182761,-0.131782,-0.095622,0.505527,0.116576
-0.265705,-0.030036,0.428043,0.224228,0.148392,0.318645,0.10515,-0.111988,0.791628,0.154845,-0.10576,-0.031637,0.251448,0.129935
-0.092,-0.12557,0.186902,0.222597,0.038458,0.597449,0.191323,0.014222,0.560533,0.237838,-0.185667,-0.139669,0.498932,0.181303
0.023735,-0.171746,0.43699,0.168346,-0.048218,0.376913,0.165703,0.400036,0.410686,0.013064,-0.350984,-0.038298,0.347696,0.346197
-0.267059,-0.141757,0.410948,0.228857,0.077098,0.474168,-0.047796,0.07812,0.659105,0.168711,-0.0924,0.008575,0.429742,0.18567
0.145859,-0.045281,0.48538,0.04485,-0.161725,0.3739,0.047852,-0.11995,0.799869,0.235319,-0.052562,-0.104005,0.422753,0.176584
-0.112815,-0.066213,0.382636,0.257058,0.071763,0.281326,0.188338,0.115372,0.584787,0.053478,-0.156918,0.102734,0.145984,0.360218
0.011131,-0.0029,0.323892,0.186343,0.078262,0.217253,0.090404,0.239582,0.485976,0.19335,-0.040939,0.025645,0.160962,0.454197
-0.065437,-0.371991,0.576862,0.160067,-0.014473,0.488087,0.159448,0.152555,0.472307,0.120905,-0.274781,-0.015822,0.355589,0.309298
-0.032648,0.113182,0.424253,-0.006666,-0.109612,0.405981,-0.129602,0.206492,0.657104,0.036775,-0.051561,0.024623,0.428807,0.075828
0.014615,0.213472,0.258063,-0.002333,-0.193063,0.370201,0.30947,-0.164732,0.846956,0.098821,-0.21008,-0.050809,0.476358,0.249389
-0.009402,-0.097011,0.418832,0.274342,-0.177373,0.292021,0.069773,0.031385,0.70869,0.254408,-0.125355,-0.032401,0.315333,0.287942
-0.134285,-0.081003,0.282731,0.274956,0.015626,0.40128,0.276164,0.143534,0.394555,0.29273,-0.28847,-0.13451,0.45732,0.132502
0.1006,-0.072038,0.427264,0.135817,-0.118578,0.322198,0.01625,0.151808,0.733606,0.184914,-0.220989,-0.090811,0.289187,0.2715
-0.238762,0.135349,0.236177,0.160918,0.04009,0.446191,0.307961,0.112295,0.502444,0.128146,-0.195304,0.030253,0.330694,0.338792
-0.178376,0.016883,0.584821,0.203109,-0.122712,0.343217,-0.070501,0.12632,0.612541,0.370963,-0.094834,-0.006352,0.468458,0.166955
-0.204166,-0.102171,0.403986,0.123256,0.231175,0.401804,0.075905,0.243484,0.356339,0.133074,-0.099589,0.137958,0.319932,0.385417
0.04682,0.028924,0.30048,0.152364,-0.129899,0.332694,0.110448,0.2787,0.454061,0.173399,-0.233652,-0.051196,0.372508,0.197415
-0.111648,-0.009086,0.322034,0.251359,-0.074773,0.37451,0.322229,-0.051295,0.491016,0.334641,-0.219843,-0.060352,0.384159,0.255462
0.070044,-0.091441,0.282208,0.224347,0.006833,0.379362,0.401067,0.249061,0.313533,0.028946,-0.187749,-0.014947,0.447689,0.248059
-0.197499,0.000367,0.351628,0.105752,-0.073947,0.488646,-0.059759,0.326476,0.549972,0.175723,-0.204408,-0.025531,0.368334,0.173502
-0.202157,0.120081,0.260223,0.159021,0.111868,0.346071,0.1126,0.07479,0.441723,0.258922,-0.132038,0.020818,0.255381,0.312682
-0.145065,0.009336,0.550372,0.141137,-0.041531,0.358504,0.044599,0.279048,0.390261,0.187786,-0.178631,-0.038017,0.527269,-0.00832
0.144822,0.043267,0.374932,0.091464,-0.131714,0.204002,-0.097985,0.172144,0.692135,0.105298,-0.052232,0.133107,0.315713,0.371201
0.141737,-0.000639,0.363769,0.167833,-0.156358,0.22377,0.216476,-0.015646,0.801177,-0.007574,-0.213619,0.018568,0.287479,0.238999
0.091564,-0.223718,0.409098,0.038526,0.03077,0.399893,0.340327,0.134412,0.55395,0.084524,-0.201224,-0.079743,0.217257,0.232967
-0.12069,-0.129339,0.367956,0.225651,0.057956,0.485828,0.144373,0.385999,0.503526,0.050997,-0.250388,-0.094742,0.408179,0.334402
-0.522965,0.10883,0.536343,0.007477,0.266996,0.425346,0.053351,0.230105,0.468273,0.13038,-0.139658,0.095887,0.272036,0.410209
-0.146428,0.015598,0.272686,0.249131,-0.046591,0.463935,0.309277,0.185017,0.507734,0.126387,-0.154437,-0.187837,0.420729,0.052942
-0.166409,-0.039271,0.43251,0.086518,0.098797,0.42816,0.05469,0.398615,0.517789,0.12444,-0.135618,-0.088566,0.393363,0.29313
-0.043307,-0.015168,0.559307,0.104696,-0.060953,0.348487,-0.185546,0.081637,0.682659,0.167572,0.021672,0.171559,0.433275,0.245608
0.013759,-0.07168,0.412741,0.1471,-0.058506,0.321485,-0.154644,0.361077,0.456088,0.118315,-0.004893,0.209841,0.220297,0.425256
-0.189877,0.022161,0.447763,0.115186,0.037576,0.336856,0.014975,0.005619,0.664741,0.2164,-0.063097,-0.031434,0.227116,0.209387
-0.241064,-0.075758,0.412194,0.158423,0.155641,0.436748,0.090601,0.310473,0.388029,0.097225,-0.11053,-0.076682,0.424058,0.224977
0.041763,-0.087028,0.359658,0.027145,0.027762,0.415747,0.210678,0.219551,0.467348,0.148694,-0.200476,0.06364,0.207287,0.446336
-0.002854,-0.015588,0.347928,0.192943,-0.07494,0.310799,0.07955,0.137015,0.772055,0.095234,-0.219998,-0.015255,0.304682,0.274724
-0.12965,-0.157798,0.44619,0.330175,0.017415,0.272597,0.15039,-0.008783,0.686787,0.186608,-0.340012,-0.038984,0.240401,0.318497
-0.135183,-0.181229,0.295766,0.153481,0.090874,0.519319,0.270946,0.238636,0.46124,0.158803,-0.180443,0.04693,0.347104,0.338124
-0.210961,0.026251,0.368578,0.130163,0.176811,0.316643,0.252318,0.229934,0.444161,-0.037689,-0.102254,-0.019465,0.377444,0.328263
0.035933,-0.241634,0.418338,0.164158,0.033353,0.538646,0.308416,-0.0052,0.630499,0.161035,-0.193134,0.037339,0.509915,0.03884
0.010217,-0.132229,0.469235,0.001142,-0.104683,0.47275,0.248365,-0.053661,0.723516,0.015305,-0.180576,-0.019312,0.402887,0.204544
-0.23141,0.078461,0.106231,0.186844,0.183835,0.490922,0.164758,0.079587,0.628038,0.072183,-0.090225,0.074309,0.184702,0.453032
0.004008,-0.07582,0.394468,0.13389,-0.136256,0.395518,0.084044,-0.095097,0.821163,0.137424,-0.275288,-0.001649,0.421235,0.188508
-0.117471,-0.102128,0.516151,0.129108,0.03139,0.379873,0.087791,0.397056,0.393987,0.144881,-0.188333,0.044418,0.292367,0.259
0.166358,-0.153431,0.26549,0.128641,-0.031618,0.422416,0.218064,-0.008405,0.701388,0.217867,-0.173293,-0.006811,0.250704,0.314046
0.161245,-0.03903,0.355821,0.048482,-0.124772,0.422197,-0.020588,0.072942,0.734991,0.119473,-0.101242,0.13784,0.282891,0.397654
0.06928,0.141548,0.19143,0.058428,-0.217267,0.552828,0.411963,0.106481,0.516999,0.19021,-0.272201,-0.130436,0.509184,0.089866
-0.19517,0.056032,0.212659,0.177329,-0.020734,0.326124,0.353051,0.331447,0.341085,0.246879,-0.318852,-0.054221,0.18147,0.359803
-0.017418,-0.150745,0.387387,0.303807,-0.064646,0.299085,-0.049328,0.168477,0.648122,0.129007,-0.222685,0.105799,0.241763,0.323669
-0.103228,0.074211,0.301253,0.15819,0.086752,0.303911,0.252703,0.216198,0.458076,0.175545,-0.250034,0.033982,0.242182,0.40887
-0.017262,0.152809,0.324084,0.141723,-0.063357,0.322627,0.034164,0.262881,0.465368,0.158592,-0.152315,-0.039507,0.574061,0.037099
-0.110114,0.172083,0.325295,0.141643,-0.09597,0.291041,0.296113,-0.136319,0.620567,0.269946,-0.186926,-0.11644,0.513581,0.207035
0.118414,0.058194,0.346955,0.17398,-0.139304,0.277593,-0.087332,-0.013357,0.808705,0.14204,-0.029051,0.124737,0.326529,0.292321
-0.149251,0.058136,0.446006,0.037161,0.003667,0.378745,0.097933,0.199569,0.546472,0.110133,-0.249538,0.073298,0.211495,0.364941
0.093701,-0.169035,0.422528,0.177692,-0.175741,0.493597,-0.11892,-0.026521,0.764239,0.223282,-0.019105,0.053999,0.545617,-1.2e-05
0.075101,0.110687,0.385111,-0.030332,-0.13186,0.396432,-0.012203,0.33236,0.46463,0.129836,-0.067147,0.01352,0.422032,0.236695
-0.16445,0.024996,0.369513,0.182424,0.122681,0.25262,0.088934,0.118362,0.675137,0.177434,-0.256102,0.050647,0.012527,0.611285
0.151957,-0.021626,0.207963,0.224521,-0.171829,0.373291,0.352097,0.297118,0.409989,0.063302,-0.214112,-0.07375,0.420597,0.257837
0.22343,-0.085636,0.435633,0.177593,-0.209225,0.429965,0.163102,0.19237,0.498308,0.174658,-0.197706,0.158564,0.505327,0.101833
-0.009238,-0.22994,0.535923,0.121416,-0.004627,0.322872,0.164748,0.315936,0.279482,0.325736,-0.241178,-0.153533,0.415825,0.035386
0.041923,-0.20097,0.255673,0.206349,0.052234,0.559575,0.149621,0.111951,0.538945,0.093491,-0.178224,0.085493,0.457317,0.332649
-0.076344,-0.048113,0.333085,0.28712,0.094153,0.205015,-0.194736,0.18944,0.69516,0.155478,-0.041925,0.01194,0.226171,0.287787
-0.242352,-0.271372,0.30936,0.302323,0.327109,0.430102,0.188321,0.213779,0.619671,0.149725,-0.260673,-0.127675,0.242343,0.353945
0.050018,0.116186,0.392897,0.198601,-0.321672,0.221037,0.272801,0.033602,0.449186,0.321382,-0.182114,-0.151204,0.466697,0.142293
-0.209336,-0.035354,0.41566,0.125231,0.003332,0.496362,-0.157728,0.300172,0.647388,0.032379,-0.05013,0.154658,0.454476,0.386581
-0.184968,0.01703,0.331154,0.103858,0.059103,0.506615,0.036199,0.289791,0.590978,0.060362,-0.238421,-0.031776,0.50919,0.182823
-0.034977,-0.119253,0.347096,0.152174,0.04794,0.439575,0.266695,0.261347,0.409272,0.188445,-0.2181,-0.107174,0.527456,0.07236
0.058492,-0.122971,0.286541,0.192563,-0.004817,0.392393,0.194347,-0.007118,0.693507,0.128847,-0.238451,0.116439,0.214261,0.430805
0.085425,-0.169579,0.209498,0.224758,-0.039954,0.414657,0.189424,0.253563,0.349571,0.135106,-0.214545,-0.080232,0.314418,0.083328
-0.027263,-0.051903,0.471356,0.043016,-0.050475,0.340364,0.005094,0.3769,0.388625,0.13282,-0.146015,0.046046,0.300296,0.393298
0.11948,-0.320948,0.548848,0.260494,-0.061436,0.170807,0.249782,0.227943,0.451258,0.170929,-0.316405,-0.154357,0.303327,0.115101
0.114937,-0.234874,0.348013,0.268886,0.032387,0.384445,0.231628,-0.085354,0.727601,0.105727,-0.202434,0.109392,0.340759,0.312775
-0.05128,0.144667,0.421872,0.049361,-0.236491,0.370354,0.111519,0.140491,0.688531,0.165684,-0.252466,-0.111281,0.468527,0.192224
-0.060299,-0.161973,0.254157,0.204787,0.054682,0.475252,0.176092,0.224077,0.466823,0.135772,-0.154556,-0.046572,0.362782,0.303565
0.083031,-0.277961,0.44184,0.119145,-0.041648,0.382909,0.530839,0.033047,0.641445,0.04948,-0.479381,-0.014609,0.345445,0.288455
-0.076263,-0.519114,0.770643,0.185312,-0.030136,0.387516,0.020651,-0.284147,0.930362,0.140178,-0.076708,0.03805,0.345055,0.234038
-0.027133,-0.165364,0.428095,0.158801,-0.110656,0.344639,0.193953,0.04873,0.528917,0.248917,-0.093396,-0.102226,0.440734,0.172403
0.274157,-0.113835,0.359695,0.152359,-0.174713,0.344933,0.339765,0.099721,0.548158,0.039508,-0.255845,-0.021924,0.359395,0.169919
0.009905,-0.084348,0.484029,0.082157,-0.135294,0.435369,0.440335,0.105676,0.299536,0.239282,-0.31482,-0.123696,0.390183,0.144122
-0.104842,0.009725,0.39957,0.180232,0.089676,0.14287,0.159256,0.257532,0.333852,0.161798,-0.212119,-0.03399,0.190899,0.351836
0.001248,-0.174257,0.379995,0.0788,0.043494,0.432004,0.077536,0.227129,0.537242,0.084807,-0.214363,0.069602,0.347129,0.337051
-0.261702,-0.069779,0.39204,0.081168,0.237284,0.504245,0.086018,0.209275,0.619619,0.075476,-0.251099,0.056852,0.264628,0.560888
-0.076428,-0.133656,0.493866,0.049546,-0.135209,0.433528,0.009146,-0.009923,0.660497,0.203023,-0.169518,0.029316,0.458162,0.264843
-0.044424,0.035136,0.287834,0.203132,0.094092,0.35585,-0.056285,0.26655,0.502856,0.125459,-0.103354,0.054518,0.283535,0.34191
-0.210701,0.155903,0.245442,0.046375,-0.015728,0.441089,0.12491,0.168537,0.708306,-0.021618,-0.353509,0.150742,0.338335,0.297253
0.022737,-0.072383,0.255363,0.135986,0.004161,0.44898,0.15663,0.021504,0.729821,0.05906,-0.179286,-0.056013,0.54055,0.082693
-0.118722,0.028996,0.347386,0.119875,-0.060176,0.44178,0.117222,0.361296,0.458659,0.017455,-0.130469,0.074398,0.471004,0.290228
-0.268609,-0.225277,0.658246,0.20554,0.111948,0.395931,-0.152119,0.23621,0.560364,0.207847,-0.100305,-0.004119,0.349922,0.131222
0.11498,-0.021287,0.238036,0.148373,-0.161771,0.470491,0.034675,0.246436,0.531716,0.091267,-0.221935,0.026971,0.492663,0.258091
0.005212,-0.088088,0.473393,2e-06,-0.034986,0.451654,0.198956,0.035076,0.558567,0.271806,-0.183393,-0.110305,0.465955,0.161468
-0.366948,0.099397,0.416526,0.183895,0.050616,0.397315,0.057272,0.170947,0.537379,0.306922,-0.189543,-0.052697,0.299331,0.314514
-0.150328,0.127275,0.333372,0.08764,-0.098034,0.48962,0.087347,0.101605,0.358347,0.384725,-0.006971,-0.116897,0.546401,-0.021188
0.064355,-0.183167,0.418588,0.168217,-0.053697,0.481983,0.176239,0.04218,0.534855,0.275532,-0.144786,0.004376,0.485159,0.126905
-0.236254,-0.207748,0.434457,0.143355,0.1891,0.558647,-0.067892,0.175777,0.61344,0.086496,-0.092962,0.134664,0.337253,0.270167
0.073365,0.080317,0.210349,0.162559,-0.120398,0.366535,-0.117212,0.180446,0.719494,0.12094,-0.020462,0.067679,0.437038,0.192956
-0.094672,0.031888,0.420191,0.052614,-0.043518,0.284812,0.219179,0.116238,0.545283,0.184567,-0.278995,-0.074722,0.302237,0.351443
-0.214888,-0.120256,0.369145,0.207887,0.123585,0.43718,0.103552,-0.043828,0.727753,0.22215,-0.235253,0.032591,0.287227,0.352165
-0.102998,0.033728,0.251781,0.203345,0.169894,0.36209,0.115393,0.204387,0.575635,-0.052463,-0.071896,0.035844,0.35881,0.319336
0.259351,-0.294122,0.447659,0.066632,-0.163351,0.419958,0.097751,0.239124,0.502974,0.080392,-0.199725,0.024673,0.446701,0.2021
-0.021325,-0.20165,0.562855,0.008441,-0.187115,0.45765,0.114021,-0.026377,0.713317,0.131302,-0.113732,-0.033162,0.416761,0.397219
0.004129,-0.004901,0.258209,0.233533,-0.062702,0.314868,0.105092,0.315347,0.410487,0.197855,-0.091424,-0.006487,0.276645,0.258749
0.154101,-0.00806,0.231558,0.126823,-0.17672,0.432889,0.040851,0.233696,0.55922,0.204756,-0.155033,-0.030878,0.397117,0.233605
0.017034,0.129855,0.372961,0.188583,-0.214999,0.217534,0.297605,0.027351,0.603604,0.125392,-0.156669,0.00575,0.334183,0.334955
0.045925,-0.101902,0.281271,0.200397,0.064778,0.363054,0.118837,0.171643,0.62034,0.178088,-0.126994,0.068202,0.250092,0.312278
-0.155618,-0.006333,0.339018,0.097883,-0.006408,0.418451,0.078607,0.098779,0.589,0.163164,-0.227191,0.099336,0.337933,0.360526
0.097555,-0.19703,0.534422,0.115174,-0.059303,0.313053,0.143583,0.140362,0.377423,0.293504,-0.165549,-0.094213,0.465694,-0.046301
-0.016949,0.173367,0.234415,0.057228,-0.201826,0.508182,0.184622,0.128853,0.544,0.048387,-0.158484,0.235651,0.409723,0.46172
-0.195235,0.175073,0.382909,0.043986,0.012157,0.377347,0.081467,0.059417,0.560936,0.141519,-0.014229,-0.061621,0.450622,-0.016244
0.183408,0.126811,0.323513,0.075445,-0.334024,0.260852,0.471709,0.102494,0.412499,0.120922,-0.294688,-0.112462,0.442378,0.175552
-0.13614,-0.15496,0.637272,0.247712,0.005189,0.377089,0.08944,0.090556,0.536251,0.205679,-0.110813,0.05574,0.494184,0.091746
0.100518,-0.007092,0.389289,0.154074,-0.139029,0.305356,0.334699,0.285172,0.424497,0.061984,-0.281266,-0.137315,0.477643,-0.071351
0.269055,-0.220737,0.392833,0.128975,-0.207777,0.381021,0.260007,-0.057582,0.643831,0.103173,-0.261784,-0.018736,0.539496,0.098397
-0.210874,-0.124449,0.34524,0.228495,0.099592,0.397823,0.130462,0.364166,0.348577,0.111962,-0.172581,-0.062694,0.379797,0.16937
0.137356,-0.005355,0.341475,0.227914,0.01009,0.176611,0.192062,0.359658,0.452938,0.131469,-0.244003,-0.068829,0.410199,0.214784
0.313736,-0.001906,0.137583,0.121497,-0.23587,0.38214,0.38168,0.018506,0.555194,0.132934,-0.212694,-0.094396,0.420597,0.146928
-0.04348,-0.209377,0.410789,0.030891,0.066333,0.433585,0.325612,-0.137823,0.738099,0.128512,-0.314288,0.021017,0.314049,0.249572
-0.165723,0.033604,0.252261,0.183085,0.088515,0.363402,0.221253,0.08815,0.638179,0.120773,-0.350704,0.034996,0.209316,0.243892
0.068709,-0.021072,0.255184,0.075253,0.048098,0.359661,0.097349,0.44175,0.547022,0.028242,-0.293862,0.047085,0.160567,0.58973
-0.094168,-0.023148,0.286108,0.162472,0.02453,0.471174,0.292216,0.396617,0.366933,0.022757,-0.310579,-0.017246,0.383774,0.175539
0.071255,-0.123767,0.475701,0.178238,-0.084939,0.40725,0.02485,-0.084245,0.746607,0.201127,-0.138028,-0.012262,0.574391,-0.00117
0.144635,-0.106924,0.389204,0.19005,-0.233129,0.30993,-0.166817,0.151398,0.786225,0.236526,-0.105576,0.047885,0.353841,0.299418
-0.067785,-0.137599,0.243096,0.143409,-0.034197,0.476389,0.108625,0.270275,0.446381,0.074383,-0.142977,0.088341,0.19856,0.507347
-0.001917,-0.072899,0.44104,0.13541,-0.192283,0.464254,0.200248,0.265352,0.448048,0.044896,-0.185797,0.033942,0.448733,0.029234
0.066103,-0.118286,0.460732,0.2185,-0.054345,0.229196,0.006596,0.152229,0.69519,0.035058,-0.052215,0.06182,0.206771,0.24408
-0.152336,-0.024773,0.307742,0.090738,-0.051805,0.381697,0.138063,0.3306,0.516239,0.122033,-0.259692,-0.127193,0.434104,0.201434
-0.141841,0.08738,0.346573,-0.01673,-0.034345,0.411639,-0.139178,0.14723,0.741402,0.034001,-0.104075,0.177249,0.152892,0.500292
0.146012,-0.123389,0.254152,0.017077,-0.021266,0.620852,-0.000411,0.128902,0.712839,0.071568,-0.134092,0.236033,0.330419,0.390043
0.230934,-0.096384,0.416839,0.125359,-0.227825,0.217804,0.1629,0.160135,0.650886,0.04889,-0.269309,0.085024,0.115967,0.427892
0.077901,-0.189819,0.435509,0.12992,-0.052374,0.375289,0.004813,0.100546,0.703584,0.157612,-0.110817,2.4e-05,0.225552,0.385407
0.013667,0.099775,0.161038,0.119605,-0.110042,0.340403,0.200245,-0.046861,0.65482,0.141071,-0.171207,-0.003614,0.326191,0.230003
-0.004877,0.17157,0.244736,0.00834,-0.147426,0.428597,0.138464,0.139002,0.672622,0.062283,-0.139131,0.0222,0.351053,0.352283
-0.034091,-0.176756,0.454497,0.172891,0.034207,0.497603,0.128527,0.293767,0.376761,0.128455,-0.114952,-0.013816,0.538301,0.156466
-0.0938,-0.073085,0.512202,0.205001,-0.187251,0.311762,-0.180328,0.165055,0.627621,0.317166,-0.129581,0.038999,0.33532,0.100661
-0.308155,0.064126,0.358695,0.121422,0.009209,0.352929,0.076238,0.340342,0.368881,0.140938,-0.304791,-0.147473,0.404072,0.185038
0.026537,-0.123518,0.315969,0.143953,-0.004045,0.426409,-0.011396,0.36331,0.595039,0.044692,-0.210409,-0.007573,0.346575,0.362256
-0.430253,-0.199902,0.988276,0.006363,0.144042,0.345251,0.162846,0.01103,0.671169,0.14304,-0.282116,0.022442,0.261022,0.224203
-0.075934,0.055394,0.190315,0.257687,0.033177,0.318594,0.299276,0.082967,0.630029,0.107791,-0.313716,-0.087909,0.34235,0.136571
-0.006897,-0.11881,0.377411,0.29042,-0.060516,0.194755,0.359512,0.243376,0.489735,0.072116,-0.297383,-0.199257,0.143154,0.295537
-0.281076,0.170452,0.461028,0.206748,-0.083904,0.339828,-0.047187,0.371062,0.530997,0.26553,-0.2465,-0.062742,0.447914,0.136755
-0.022743,-0.162015,0.342006,0.239401,-0.021044,0.372753,0.053157,0.222162,0.642057,0.056402,-0.284326,0.027252,0.252008,0.292294
0.11813,-0.067097,0.296367,0.15405,-0.064033,0.260343,0.300937,0.37265,0.242526,0.153189,-0.315264,-0.088565,0.229431,0.201125
-0.222951,0.151403,0.284299,0.061412,0.06709,0.391752,0.009487,0.068772,0.649202,0.124951,-0.157187,0.035111,0.34116,0.318465
-0.04032,-0.047694,0.332603,0.201098,0.058802,0.280695,0.115004,0.145844,0.591621,0.038878,-0.201042,-0.01801,0.255158,0.172298
-0.006157,-0.069993,0.465247,0.080669,-0.252052,0.480847,-0.052229,0.213332,0.719643,0.127705,-0.212847,0.046648,0.355407,0.284219
0.050307,-0.073092,0.298079,0.097206,-0.048413,0.413256,0.030529,0.3666,0.454696,0.217164,-0.187691,-0.068784,0.352691,0.352716
0.018347,-0.0226,0.439506,0.046456,-0.116729,0.38975,0.045798,0.344208,0.512279,0.108061,-0.213878,0.002925,0.419405,0.300601
-0.109365,0.059302,0.342657,0.086279,-0.01183,0.282164,0.133043,0.361089,0.449844,0.13522,-0.199808,-0.190814,0.424216,0.248273
0.041007,-0.029221,0.105459,0.180067,0.045039,0.389111,0.255385,0.144217,0.384099,0.166894,-0.289817,-0.051783,0.406167,0.253134
0.027636,0.045011,0.402969,0.15452,-0.181924,0.279985,0.314514,0.121538,0.487811,0.179197,-0.252862,-0.083134,0.483562,0.048438
0.415232,-0.077518,0.384922,0.16804,-0.317812,0.257587,0.45741,0.40567,0.17351,0.081362,-0.319549,-0.194357,0.664799,-0.013669
0.019361,-0.189148,0.293945,0.014061,-0.005956,0.563899,0.185065,0.29127,0.62955,0.001858,-0.257599,0.044413,0.344214,0.432223
-0.133914,-0.079848,0.494842,0.311066,-0.007072,0.325334,0.046536,0.168861,0.552074,0.191384,-0.143582,0.112694,0.310591,0.378805
0.004926,0.14495,0.382517,0.123807,-0.266701,0.225461,0.223433,0.239207,0.554409,0.003493,-0.356568,-0.026319,0.295293,0.233438
-0.140179,0.056634,0.231416,0.115727,0.063721,0.456969,0.232462,0.028618,0.53637,0.14789,-0.158955,0.011188,0.361622,0.26179
-0.051639,0.061608,0.285148,0.276781,-0.128387,0.259697,0.255225,-0.010512,0.56563,0.283299,-0.119324,-0.144792,0.323956,0.27566
-0.179942,-0.325025,0.456293,0.141576,0.166794,0.637709,-0.087086,-0.050168,0.866822,0.168791,-0.024524,-0.035476,0.474609,0.16704
-0.330146,-0.005187,0.579068,0.014923,0.075365,0.440265,-0.036464,0.064675,0.665896,0.157776,-0.133045,0.059924,0.371352,0.339859
-0.019908,0.007402,0.397793,0.231418,-0.069909,0.267173,0.140442,0.301752,0.429974,0.244247,-0.237715,-0.096155,0.353037,0.250963
-0.11188,-0.094571,0.378902,0.200772,0.066241,0.460808,-0.10901,0.15306,0.771916,0.184757,-0.151173,0.092655,0.345383,0.377781
-0.143316,-0.205722,0.394418,0.292315,0.075299,0.34596,-0.066846,-0.336341,1.064812,0.195427,-0.169265,0.082214,0.250338,0.328619
0.041676,-0.080046,0.295235,0.173448,-0.053849,0.377647,0.150259,0.206759,0.518821,0.115005,-0.190164,0.029683,0.367245,0.222436
0.018324,-0.104977,0.382519,0.093989,-0.112872,0.392641,-0.027059,0.087773,0.805,0.020029,-0.121721,0.015399,0.33798,0.247711
0.253358,-0.042853,0.471341,0.101887,-0.35181,0.294186,0.044996,0.268276,0.501528,0.197622,-0.251758,-0.036389,0.407504,0.111826
-0.025355,-0.105797,0.291282,0.021863,0.013953,0.526574,0.292689,0.107342,0.542754,0.118341,-0.082268,-0.155531,0.398121,0.363476
-0.226335,-0.106788,0.421009,0.107323,0.067371,0.538917,-0.027966,0.066777,0.848137,0.218703,-0.229212,-0.053323,0.332065,0.18782
0.153084,-0.019774,0.131606,0.083863,-0.160215,0.420928,0.314708,0.258435,0.415297,0.159355,-0.244492,-0.101977,0.344981,0.377514
0.055283,-0.048033,0.344046,0.220037,-0.044994,0.38311,0.069918,0.065672,0.627796,0.266945,-0.101997,0.035501,0.347914,0.15303
0.052055,0.03772,0.442281,0.061212,-0.148246,0.407032,-0.035145,0.003497,0.851981,0.10858,-0.126651,0.035708,0.498902,0.175242
-0.330806,0.153551,0.398755,0.076408,-0.01933,0.413104,0.367062,-0.175928,0.570706,0.309743,-0.185738,-0.101343,0.434122,0.112806
0.121459,0.050005,0.233917,0.192932,-0.136725,0.245589,0.152988,0.154937,0.580641,0.090184,-0.257546,0.015643,0.219242,0.467241
0.060755,0.037461,0.256074,0.247792,-0.081107,0.251796,0.102692,-0.013476,0.641025,0.230909,0.000654,-0.065296,0.194895,0.149905
0.064394,-0.120199,0.359008,0.101808,-0.044394,0.425816,0.07776,0.124752,0.648847,0.04981,-0.293742,0.005356,0.32668,0.225939
0.340061,-0.084013,0.406053,0.210632,-0.258129,0.290318,0.250388,0.337743,0.431667,0.078916,-0.394473,-0.122256,0.601365,-0.050132
-0.292529,-0.116135,0.569012,0.128718,0.209593,0.333682,-0.044657,0.151512,0.690863,0.087468,-0.192738,0.042255,0.295522,0.261176
-0.004751,0.026443,0.442033,0.186133,-0.034015,0.263945,-0.058677,0.356838,0.448078,0.184588,-0.135813,0.05106,0.408881,0.240349
0.226004,-0.062284,0.243096,0.19302,-0.178794,0.361324,0.068972,0.146037,0.531466,0.167026,-0.196402,0.029422,0.420934,0.15103
0.355698,-0.034291,0.311301,0.145478,-0.13718,0.302043,0.126013,0.293418,0.520602,0.150532,-0.244249,0.157816,0.467202,0.152025
-0.059678,-0.373912,0.628374,0.199864,-0.159258,0.365301,0.072264,0.14378,0.439244,0.258599,-0.121733,0.012288,0.383063,0.271435
0.193805,0.004034,0.30865,0.154876,-0.208478,0.238117,0.189713,0.251969,0.466483,0.061197,-0.263328,-0.024145,0.483412,0.205151
0.009654,-0.099568,0.407502,0.085062,-0.042871,0.314005,0.289642,0.001547,0.627727,0.066902,-0.256844,-0.08517,0.237421,0.184481
0.249074,0.015276,0.298693,0.181808,-0.265987,0.176898,0.424863,0.293826,0.364395,0.111002,-0.540378,-0.177625,0.293231,0.285551
-0.043651,-0.035743,0.456642,0.26735,-0.153421,0.396819,-0.082588,0.26224,0.650907,0.170512,-0.204294,0.049558,0.398538,0.219452
-0.052615,-0.040407,0.404077,0.185729,-0.017043,0.389842,-0.115311,0.061543,0.835238,0.244277,-0.19786,-0.00858,0.365727,0.243738
0.035667,-0.04676,0.364519,0.246667,-0.043443,0.2795,0.115299,0.137832,0.526248,0.047742,-0.20579,0.151469,0.225059,0.337569
-0.136551,0.132522,0.388287,0.044904,0.007224,0.38838,0.068088,0.067737,0.644793,0.208507,-0.1665,-0.048489,0.306904,0.267111
0.238064,0.0224,0.139027,0.134672,-0.28326,0.487846,0.242849,0.150517,0.587835,0.104513,-0.308962,-0.00815,0.525429,0.139976
-0.098599,-0.142177,0.379019,0.24877,0.127192,0.30585,0.135515,0.160834,0.679795,-0.011995,-0.194312,0.127073,0.282785,0.403542
-0.222112,0.077025,0.334849,0.124125,0.049693,0.431476,0.277622,0.036505,0.618404,0.192532,-0.212453,-0.115012,0.362004,0.123584
0.175188,-0.120678,0.345604,0.339196,-0.132965,0.309121,-0.047552,0.166066,0.691964,0.102319,-0.239143,0.020001,0.435478,0.174443
-0.081545,0.015213,0.275893,0.302392,-0.11334,0.29786,0.06075,0.014343,0.799737,0.121182,-0.149399,-0.048087,0.320014,0.235376
0.081404,-0.065721,0.372655,0.094995,-0.094901,0.289103,0.177257,0.304757,0.501013,0.012286,-0.2782,0.013628,0.315776,0.3329
0.024463,-0.089595,0.409563,0.170689,-0.068818,0.375411,0.074664,0.145261,0.645187,0.137274,-0.261872,-0.04657,0.440215,0.153419
-0.084519,0.119692,0.209137,0.087352,0.056024,0.441909,0.240049,0.071226,0.599312,0.198502,-0.256208,0.003297,0.397884,0.286599
0.01183,0.018168,0.422785,0.143102,-0.154349,0.293195,0.109706,0.093987,0.560909,0.195055,-0.14605,-0.055143,0.370633,0.162876
0.143313,-0.040405,0.34144,0.220486,-0.137431,0.317096,-0.006318,0.286557,0.453492,0.165609,-0.223754,-0.156736,0.465893,-0.125533
-0.164028,0.078085,0.220528,0.198804,0.144992,0.282644,0.335431,0.123093,0.511889,0.183461,-0.256758,-0.025142,0.164025,0.233411
-0.245632,-0.002855,0.304693,0.086296,-0.071571,0.445877,0.227745,-0.027707,0.611177,0.227274,-0.205522,-0.13222,0.358085,0.201744
0.155024,0.001834,0.474999,0.114617,-0.187474,0.301261,0.180196,0.213024,0.313524,0.276494,-0.089953,-0.045805,0.360901,0.190078
0.007568,-0.230549,0.497195,0.174404,-0.002938,0.319349,0.057865,0.142644,0.59057,0.121659,-0.16584,0.078062,0.331589,0.35235
0.095231,0.125428,0.348081,0.19886,-0.157126,0.162371,0.319684,-0.022484,0.611467,0.16599,-0.191881,-0.025437,0.300411,0.107724
0.03226,0.073337,0.290842,0.042985,-0.153433,0.405592,0.176023,0.10744,0.583705,0.175844,-0.225175,-0.044758,0.570308,0.236859
-0.034558,0.160949,0.374332,0.034543,-0.154709,0.455891,0.220884,0.23512,0.571032,0.094291,-0.298005,-0.065446,0.623625,0.047563
-0.040672,-0.213601,0.462381,0.210414,0.019189,0.393915,0.025725,-0.015807,0.650599,0.128331,-0.085509,0.145531,0.23908,0.36861
-0.069106,0.007178,0.320414,0.025507,-0.053237,0.529018,0.324536,0.124655,0.573012,0.067147,-0.241627,0.018546,0.329396,0.29864
0.082206,-0.022643,0.210534,0.151033,-0.000529,0.347766,0.0627,0.357239,0.468785,0.130525,-0.119183,0.006534,0.279757,0.260745
-0.098798,0.004517,0.386924,0.119938,-0.069069,0.470282,0.192288,0.148372,0.591055,0.014031,-0.169314,-0.027978,0.465716,0.260147
-0.14652,-0.110704,0.319085,0.17264,0.067426,0.456968,0.168197,0.078295,0.742024,0.045705,-0.294872,0.038636,0.413758,0.22945
-0.092196,0.040435,0.421552,0.121382,0.01967,0.292187,0.148372,0.100801,0.592334,0.104493,-0.134414,0.044157,0.338631,0.236905
-0.367573,-0.174176,0.520404,0.256509,0.036023,0.628397,0.289983,0.206716,0.455208,0.086925,-0.193217,-0.067307,0.485891,0.162373
0.148501,0.093071,0.276867,0.010028,-0.075542,0.350794,0.186034,0.172605,0.562668,0.131696,-0.167861,0.009983,0.357171,0.318504
-0.027056,-0.064847,0.368641,0.19869,-0.020991,0.26902,0.180937,0.24725,0.457178,0.197969,-0.10465,-0.107581,0.354625,0.194055
0.109944,-0.227049,0.419848,0.081195,-0.010162,0.448435,-0.013938,0.16594,0.345124,0.208839,0.044995,0.097394,0.57567,0.227248
-0.111089,-0.135329,0.464294,-0.008365,-0.019508,0.539805,0.295084,0.135289,0.539802,0.267526,-0.30637,-0.105059,0.478282,0.214358
-0.033578,-0.053093,0.233132,0.178938,0.022423,0.400006,0.202525,0.320665,0.40177,0.099073,-0.229299,-0.108082,0.416786,0.280716
0.081022,-0.190807,0.504574,0.209742,-0.111264,0.345223,0.146814,0.189195,0.491158,0.274125,-0.302139,0.044027,0.442953,0.247352
0.04136,-0.271191,0.465692,0.086777,0.005562,0.391471,0.245629,0.117266,0.519536,0.214602,-0.227654,-0.094734,0.339298,0.32399
-0.1158,-0.146981,0.414169,0.074601,-0.030335,0.495084,0.197473,0.322729,0.422407,0.132716,-0.177405,-0.035905,0.430156,0.384534
-0.058988,-0.069491,0.50491,0.136273,-0.044676,0.32001,0.297222,0.237337,0.506418,0.05956,-0.434935,-0.039129,0.308349,0.333876
-0.163331,-0.108915,0.326653,0.16778,0.19108,0.362007,0.205675,0.361695,0.362757,0.201286,-0.21388,-0.061128,0.290035,0.266173
0.043803,-0.195475,0.441666,0.189589,-0.086922,0.459621,0.128235,0.162865,0.584847,0.092679,-0.236518,0.006707,0.516027,0.235356
0.094993,-0.164459,0.504041,-0.041465,-0.075666,0.336638,0.409004,0.330781,0.342141,-0.042983,-0.199865,-0.112231,0.426219,0.347516
0.077162,-0.086402,0.33191,0.244843,-0.08476,0.346107,-0.040589,0.074494,0.730024,0.22883,-0.166471,-0.031433,0.371591,0.259802
0.045815,-0.081121,0.395296,0.177983,-0.079635,0.268233,-0.189478,0.421244,0.471139,0.248307,-0.129265,0.050404,0.319592,0.357919
-0.164417,-0.145034,0.338393,0.296905,0.083966,0.328103,0.179836,0.201084,0.470559,0.248717,-0.329281,-0.141248,0.34725,0.176294
0.199502,-0.243657,0.56065,0.112492,-0.403084,0.450045,0.076144,0.169362,0.532306,0.215296,-0.26225,0.006817,0.563559,0.016649
0.056856,-0.325575,0.36853,0.182424,0.008271,0.418092,0.154292,0.579202,0.421946,0.069548,-0.432975,-0.117083,0.218886,0.364227
-0.046461,-0.009058,0.329352,0.201943,-0.081403,0.412118,0.272421,0.392572,0.411618,0.025943,-0.275313,-0.080514,0.480367,0.270551
0.005685,0.000718,0.371038,0.109811,-0.066296,0.408005,0.104657,0.408026,0.357006,-0.015688,-0.110663,0.09157,0.427609,0.352724
0.118895,-0.007374,0.375942,0.062078,-0.074472,0.300953,0.199514,0.196029,0.62158,0.019154,-0.222296,0.035161,0.301665,0.403901
-0.038762,-0.2495,0.445746,0.120455,0.020012,0.43118,-0.045707,-0.135428,0.784007,0.245398,-0.105517,0.027627,0.277539,0.290047
-0.069442,-0.07749,0.467476,0.246648,-0.082694,0.362789,0.340332,0.304378,0.408869,0.101942,-0.323437,-0.047007,0.433396,0.134503
-0.113661,0.048925,0.318596,0.081857,0.032856,0.452798,0.075222,0.360764,0.534799,-0.010517,-0.279224,-0.032432,0.272926,0.302269
0.20991,-0.093218,0.331294,0.181966,-0.208323,0.364243,0.336587,0.204617,0.38526,0.149867,-0.181087,-0.063176,0.372974,0.107799
-0.21457,-0.026841,0.480681,-0.021162,-0.018869,0.599814,0.06154,0.405371,0.36161,0.107228,-0.117212,0.104401,0.433226,0.42588
-0.216839,-0.025555,0.339626,0.198314,0.038066,0.501582,0.063903,0.181276,0.63978,0.100555,-0.207175,0.033574,0.384738,0.280104
-0.027322,-0.009395,0.387225,0.14404,-0.128196,0.330678,0.137737,-0.12409,0.671639,0.20599,-0.193713,0.093851,0.321913,0.254315
-0.090493,-0.165719,0.502415,0.132949,-0.043585,0.435009,0.008396,0.49469,0.29079,0.141008,-0.121187,0.046243,0.493472,0.167917
0.117466,-0.026513,0.286751,0.125865,-0.118968,0.307953,0.195464,0.008794,0.588086,0.116385,-0.194013,0.028803,0.358689,0.14562
-0.270682,0.007103,0.288234,0.106256,0.185977,0.463453,0.185094,0.106905,0.611749,0.110213,-0.348155,0.067631,0.420707,0.23583
-0.038094,0.024471,0.327232,0.15479,-0.115292,0.442764,0.05329,0.147455,0.528177,0.177462,-0.124939,0.130842,0.595709,0.217908
-0.200214,0.058958,0.249883,0.07855,0.15414,0.421909,0.294835,0.311895,0.53458,0.196687,-0.37346,-0.090579,0.205789,0.424553
-0.044384,-0.166647,0.429576,0.007283,-0.066167,0.493912,-0.000573,0.143863,0.724806,0.070876,-0.222611,0.047557,0.333891,0.398083
0.092932,-0.150802,0.36109,0.168338,-0.15594,0.424326,-0.026427,0.127819,0.659942,0.206932,-0.054325,0.026269,0.384152,0.239798
-0.233194,-0.226278,0.563721,0.181423,0.080028,0.323221,0.162611,0.140925,0.556398,0.169614,-0.184072,-0.099814,0.321606,0.207196
0.039066,-0.02882,0.289954,0.179778,0.0656,0.315837,0.303746,0.345478,0.385382,0.072052,-0.27724,-0.119219,0.368056,0.263145
-0.163104,-0.070662,0.386409,0.222985,0.142855,0.264854,0.005388,0.182216,0.562503,0.254033,-0.152736,-0.042442,0.158819,0.297637
0.08848,0.038318,0.312928,0.15262,-0.073668,0.26316,0.058484,0.441749,0.33972,0.158686,-0.240639,-0.113349,0.471827,0.274802
-0.114696,-0.125753,0.35057,0.071341,0.125911,0.349086,0.203777,-0.064538,0.772677,-0.034126,-0.240959,-0.00767,0.147672,0.30044
0.09237,-0.148473,0.363717,0.144876,-0.004281,0.445658,0.150452,0.147994,0.415696,0.18733,-0.007874,0.016551,0.363797,0.192734
-0.0308,-0.10987,0.390359,0.056675,0.026085,0.440913,0.16569,0.235599,0.40061,0.107432,-0.262835,-0.001699,0.440544,0.1641
0.159598,-0.066816,0.237031,0.134414,-0.208066,0.35259,0.171992,0.383779,0.467229,-0.031378,-0.202654,-0.051971,0.210858,0.248714
-0.089007,0.042464,0.331298,0.236159,-0.065002,0.308385,0.306313,0.114238,0.640547,0.049506,-0.214665,-0.094768,0.342824,0.183163
0.09452,-0.125151,0.366443,0.129269,-0.028922,0.431794,0.24534,0.064257,0.486974,0.222777,-0.194979,-0.095765,0.595325,0.033395
-0.363217,0.021799,0.393832,0.179204,0.015951,0.450148,0.11105,0.129602,0.615422,0.122123,-0.154025,0.019938,0.380016,0.338156
0.03037,-0.04223,0.551859,0.213836,-0.089704,0.328925,0.028563,0.169885,0.57068,0.111898,-0.049731,0.122439,0.558402,0.286459
0.197403,0.018547,0.219328,0.110273,-0.1833,0.462827,0.18773,0.062419,0.667613,0.121642,-0.347399,0.020844,0.390573,0.292396
0.038638,-0.051834,0.371757,0.207293,-0.0898,0.233621,0.135373,0.147742,0.603984,0.203544,-0.196982,-0.004077,0.202941,0.416302
-0.02195,-0.075251,0.32846,0.115836,0.043479,0.286315,0.116915,0.195579,0.645491,0.188991,-0.220151,-0.09561,0.265727,0.052682
0.096015,-0.147377,0.440645,0.173159,-0.178671,0.311763,0.086893,0.150037,0.476109,0.239264,-0.115216,0.085187,0.491205,0.170947
-0.192533,-0.080065,0.410874,0.119222,0.0969,0.417634,0.139921,0.273893,0.56442,0.100386,-0.19244,0.008765,0.350632,0.268739
0.042296,0.02477,0.291914,0.119506,-0.027566,0.355293,0.142533,0.134873,0.475466,0.113962,-0.062228,-0.058045,0.350835,0.259666
0.002571,-0.007495,0.269194,0.045427,-0.038987,0.393411,0.00473,0.243016,0.607549,0.104893,-0.205234,0.032577,0.460794,0.285347
-0.156276,0.083349,0.392961,0.159885,0.094328,0.316351,0.156085,0.239566,0.54553,0.156481,-0.244844,-0.039762,0.276599,0.428124
0.026964,0.063789,0.129166,0.107803,-0.061639,0.447619,0.220764,0.060951,0.646199,0.10606,-0.237265,0.110115,0.332656,0.393359
-0.166336,-0.179083,0.31298,0.058605,0.054215,0.669235,-0.109786,0.287475,0.686197,-0.010616,-0.113214,0.143406,0.232404,0.357649
0.029756,-0.038325,0.316961,0.088821,-0.115277,0.418057,0.062581,0.264545,0.442868,0.178656,-0.039142,-0.017219,0.45169,0.141263
0.131584,-0.103117,0.362631,0.205952,-0.139989,0.326906,-0.104963,0.276172,0.372629,0.160833,-0.045478,0.06741,0.406953,0.247504
-0.044046,0.093484,0.243472,0.118751,0.048591,0.332635,0.083956,0.135909,0.595466,0.119645,-0.153549,0.120443,0.158349,0.435082
-0.008577,0.07261,0.405489,0.254336,-0.072375,0.217179,-0.109155,-0.01382,0.785863,0.264335,-0.055628,0.012762,0.33937,0.152588
0.17942,-0.121718,0.360672,0.040349,-0.220008,0.495022,0.057495,0.201153,0.577751,0.157818,-0.12601,0.144485,0.400011,0.396682
-0.091721,-0.132532,0.408392,0.055294,-0.035335,0.501764,0.108686,0.149259,0.553262,0.227925,-0.283236,-0.040275,0.382637,0.326916
-0.350838,0.056205,0.43762,0.024705,0.094692,0.359499,0.213958,-0.136405,0.762909,0.129473,-0.270379,-0.01281,0.178365,0.148344
-0.226859,-0.025209,0.43257,0.178659,0.014469,0.441344,0.230255,0.078705,0.632489,0.221383,-0.389166,-0.02791,0.366008,0.235558
-0.168841,0.045232,0.322431,0.256775,0.066127,0.293684,0.142306,-0.048339,0.715953,0.119651,-0.134559,-0.002719,0.348252,0.150253
0.029279,-0.190394,0.50862,0.287407,-0.040807,0.178125,-0.118136,0.288387,0.547421,0.169186,-0.186841,-0.017988,0.294208,0.220278
-0.120903,-0.398822,0.643052,0.130698,0.091548,0.434275,0.180516,0.131055,0.496739,0.22565,-0.239197,0.018687,0.315293,0.302601
0.092855,-0.116312,0.172496,0.183976,0.191433,0.292171,0.239592,-0.082739,0.672115,0.131001,-0.122724,0.010941,0.18825,0.241175
0.205251,-0.228231,0.471743,0.165735,-0.123912,0.348865,-0.036526,0.329544,0.556483,0.117885,-0.181333,0.032079,0.280451,0.366676
0.075085,-0.027869,0.471969,0.177172,-0.088559,0.303324,0.183805,-0.011832,0.544987,0.227627,-0.052429,-0.069469,0.38232,0.103011
-0.249763,-0.111833,0.365964,0.180564,0.119857,0.457904,-0.058888,0.206776,0.54454,0.251304,-0.14596,-0.03521,0.337248,0.157299
-0.059626,-0.22974,0.446455,0.14527,0.073533,0.430139,0.049593,0.525226,0.318954,0.025049,-0.105973,0.039882,0.16443,0.273149
-0.114317,-0.061756,0.386598,0.214881,0.071731,0.426866,0.083435,0.341657,0.454783,0.165752,-0.193313,-0.037539,0.408904,0.166127
0.175578,-0.136857,0.308479,0.134266,-0.024508,0.399891,0.154687,0.247789,0.32287,0.103438,-0.037253,0.071397,0.433852,0.161561
-0.142847,0.008915,0.415992,0.109571,0.026272,0.418874,-0.06646,0.169467,0.688309,0.063569,-0.149676,0.217578,0.284599,0.460309
-0.131931,0.067712,0.354723,0.303536,-0.042683,0.214344,-0.022271,0.174944,0.594532,0.206525,-0.21153,0.092394,0.149225,0.411396
0.012911,-0.17424,0.405092,0.099958,0.068558,0.458024,0.059775,0.118395,0.533335,0.176956,-0.157104,0.020082,0.383853,0.284413
0.013429,-0.013258,0.28015,0.105392,-0.076947,0.441392,0.065703,0.247766,0.564182,0.118208,-0.163418,-0.007208,0.55399,0.260684
-0.160098,-0.186224,0.470364,0.301888,-0.030424,0.395118,-0.263871,-0.02344,0.872628,0.197046,0.01905,0.142428,0.269105,0.267311
-0.002414,0.014763,0.262157,0.214824,-0.056629,0.383859,0.318891,0.056305,0.580235,0.164974,-0.240178,-0.051278,0.453347,0.278297
0.14151,-0.141967,0.279521,0.180179,0.021606,0.362414,0.428127,0.223964,0.338616,0.130139,-0.093658,-0.097643,0.19763,-0.101178
-0.111622,-0.123798,0.556952,0.105188,0.00255,0.404074,0.203185,0.122338,0.68442,0.019423,-0.305262,-0.029186,0.595789,0.10405
-0.032548,0.032429,0.247525,0.080219,0.101833,0.361358,0.180034,0.22948,0.538351,0.072366,-0.321961,0.038427,0.255066,0.279166
-0.315576,-0.0644,0.544533,0.167658,0.012671,0.425357,0.101844,-0.051655,0.680526,0.084036,-0.064215,0.07902,0.291614,0.297181
0.010531,-0.092803,0.245876,0.212884,0.002065,0.54898,0.220601,0.203785,0.49915,0.143427,-0.264859,-0.047049,0.385833,0.164649
-0.050949,-0.292512,0.320996,0.184495,0.110956,0.584582,-0.140834,0.339013,0.536633,0.081263,-0.138123,0.062163,0.294288,0.333997
0.029377,-0.040512,0.291238,0.233183,-0.013861,0.355883,0.120043,0.247086,0.520585,0.220856,-0.135719,-0.029634,0.311759,0.326826
-0.148655,0.089615,0.257303,0.113907,0.079392,0.393422,0.015499,0.458589,0.39594,0.055691,-0.143556,0.149712,0.216583,0.397756
-0.121813,0.110187,0.345688,0.003663,-0.019264,0.446943,0.230918,0.229527,0.603048,0.0538,-0.324189,0.027744,0.279923,0.2765
0.108843,0.186202,0.126328,0.066779,-0.089141,0.429162,0.105275,0.018792,0.599179,0.210812,-0.068081,-0.040821,0.446466,0.077286
0.06222,-0.087563,0.40068,0.200697,-0.039625,0.381941,0.238477,0.023157,0.6203,0.229142,-0.131348,-0.004751,0.363683,0.208625
0.08669,-0.073397,0.416588,0.21618,-0.110555,0.258007,0.271729,0.317217,0.3807,0.147205,-0.323627,-0.19501,0.452157,0.123037
0.163507,-0.069907,0.340383,0.17343,-0.167093,0.315811,0.049545,0.535308,0.30385,0.035113,-0.185991,-0.062327,0.488931,0.098942
-0.012179,-0.123129,0.316036,0.135349,0.147393,0.448724,0.192461,0.090089,0.503257,0.175113,-0.213395,0.111828,0.45173,0.329171
0.124264,0.047474,0.408138,0.193859,-0.142714,0.260756,0.040857,0.187028,0.615834,0.141814,-0.126728,0.000424,0.41395,0.247889
0.187049,0.11086,0.203343,0.018447,-0.142776,0.304789,0.269804,0.289868,0.438374,-0.067602,-0.240399,-0.021112,0.407657,0.174655
-0.066202,-0.031434,0.422196,0.206784,-0.026451,0.400754,0.007,0.192368,0.593111,0.256916,-0.175524,0.001846,0.52796,0.260457
-0.114008,-0.028219,0.336018,0.180426,0.016859,0.388579,-0.031002,0.21624,0.670354,0.144052,-0.187736,-0.09213,0.435296,0.077542
0.221034,-0.200021,0.380135,0.287293,-0.06462,0.336233,0.13331,0.024766,0.518194,0.351696,-0.121368,-0.132431,0.52031,0.068585
0.232615,0.000619,0.393655,0.147111,-0.229685,0.313757,0.249542,-0.059514,0.827589,0.133555,-0.319922,0.018975,0.277889,0.335651
0.212745,-0.060746,0.271209,0.088434,0.005387,0.304057,0.047005,0.295166,0.624259,-0.122212,-0.013127,0.025936,0.290142,0.243417
0.127898,-0.144996,0.424564,0.098635,-0.102675,0.434963,0.14168,0.162939,0.603623,0.069651,-0.281115,-0.071051,0.45687,0.258809
0.000379,-0.108934,0.3946,0.250045,-0.141964,0.330379,0.185909,0.428055,0.300613,0.125494,-0.223971,-0.125874,0.420625,0.250239
0.083634,-0.005386,0.26037,0.220101,-0.071345,0.320812,0.201323,0.249015,0.533888,0.086519,-0.179859,0.005953,0.418212,0.350061
0.042704,-0.09096,0.269209,0.107776,-0.080679,0.497669,0.233088,0.18464,0.550844,0.106354,-0.148211,-0.044539,0.472117,0.292385
0.025156,0.035261,0.246673,0.012368,0.02897,0.400954,0.070391,0.221368,0.556139,0.08644,-0.101894,0.025363,0.205272,0.304213
0.011832,-0.05549,0.244948,0.115482,0.073704,0.467415,0.161791,-0.046246,0.731646,0.075333,-0.116951,-0.071937,0.302467,0.1976
0.219857,-0.17493,0.31126,0.192194,-0.124416,0.355514,0.03379,0.001159,0.701523,0.142295,-0.110874,0.116238,0.288143,0.344316
0.052009,-0.075271,0.32085,0.058266,-0.013847,0.436219,0.172943,0.087845,0.50139,0.145862,-0.062244,0.048312,0.319613,0.245173
0.027455,-0.269998,0.571686,0.16149,-0.040093,0.341405,0.210101,0.182581,0.563675,0.149726,-0.236293,0.030521,0.210364,0.41074
-0.170645,0.1811,0.340126,0.077919,0.00202,0.344183,0.443769,0.053384,0.591781,0.125954,-0.291256,-0.192435,0.484784,0.107784
0.093325,-0.057422,0.308245,0.151536,0.002214,0.455678,0.095726,-0.051819,0.706359,0.048208,-0.119259,0.284943,0.348053,0.429026
-0.157264,0.111489,0.513872,0.104985,-0.053892,0.465366,0.090772,0.086098,0.529315,0.179902,-0.14426,0.002084,0.525655,0.098175
0.011898,-0.102684,0.546236,0.097017,-0.05649,0.220883,0.071006,0.232013,0.569348,-0.017751,-0.206835,0.052863,0.279824,0.290944
0.353106,0.089067,0.156418,0.154428,-0.255144,0.266181,0.233183,0.142624,0.537017,0.055184,-0.24538,-0.036564,0.464473,0.087097
-0.335702,-0.251109,0.699787,0.285826,0.059869,0.377338,-0.024683,-0.037972,0.789019,0.209714,-0.207169,0.162122,0.334938,0.324787
-0.134352,0.007834,0.336254,0.191298,0.149875,0.44198,-0.105172,0.279252,0.57765,0.100921,-0.008222,-0.030258,0.52546,0.043546
-0.064285,-0.074234,0.419337,0.177944,-0.063259,0.343303,-0.181021,0.258833,0.505615,0.053027,0.038564,0.120333,0.414003,0.274383
-0.307035,-0.071614,0.286099,0.230912,0.143602,0.323809,0.012026,0.161178,0.678356,0.08649,-0.186198,0.045857,0.069413,0.545096
0.022674,-0.28449,0.757547,0.241011,-0.164574,0.267326,-0.107115,0.052394,0.695261,0.220884,-0.12025,-0.028221,0.41703,0.141292
0.123325,-0.143653,0.342722,0.08486,-0.232367,0.344994,0.335672,0.215124,0.664343,0.03579,-0.419947,-0.151763,0.235957,0.199204
-0.045706,-0.117399,0.255206,0.079742,0.073138,0.524999,0.118552,0.32628,0.432282,0.123978,-0.240623,0.025874,0.376471,0.336344
-0.147403,0.038056,0.300634,0.179923,0.031031,0.461328,0.215223,0.367212,0.495494,0.024205,-0.235074,-0.143773,0.389105,0.272268
0.10333,0.085319,0.322094,-0.031931,-0.16686,0.36841,0.321178,0.28122,0.441925,0.058531,-0.24795,-0.230379,0.494028,0.147638
-0.224495,0.187396,0.296472,0.160174,0.012264,0.298413,0.236512,0.277283,0.317784,0.380867,-0.210209,-0.198481,0.513621,0.079668
0.143811,-0.119172,0.275837,0.229086,-0.136207,0.332869,0.287164,0.036244,0.48745,0.164866,-0.099083,-0.061731,0.414703,0.110273
0.212508,0.00663,0.288741,0.088761,-0.1691,0.39798,0.209435,-0.18008,0.758979,0.070871,-0.148145,0.112539,0.553846,0.088629
0.158503,0.022381,0.191221,0.120251,-0.015176,0.462265,0.175706,0.265384,0.625752,0.112218,-0.346756,0.060986,0.349725,0.251324
0.073225,-0.173276,0.392836,0.165283,-0.156957,0.415613,0.187621,0.117172,0.547151,0.220334,-0.24663,-0.087875,0.361045,0.030631
0.143855,-0.04063,0.330454,0.167598,-0.071724,0.250481,0.124525,0.374358,0.37415,0.142287,-0.219355,-0.054043,0.392657,0.312816
0.004697,-0.144682,0.525251,0.03725,-0.107967,0.462365,0.407603,-0.246056,0.690769,0.186362,-0.247354,0.021222,0.373492,0.115871
0.026878,-0.02286,0.233349,0.201229,-0.050542,0.436806,0.270255,0.084638,0.516288,0.108166,-0.122436,0.068322,0.349097,0.377211
-0.029268,-0.251426,0.602114,0.07602,-0.031634,0.415127,-0.07125,0.133337,0.66785,0.12741,-0.111417,0.117171,0.412629,0.3674
0.176976,-0.05761,0.195608,0.084921,0.099916,0.15692,0.344559,0.215967,0.404853,0.145153,-0.114284,-0.160275,0.235889,0.289695
-0.054054,-0.177266,0.363902,0.181355,0.016431,0.474084,0.005083,0.144232,0.628788,0.105938,-0.102248,0.028583,0.405742,0.211006
-0.171887,-0.229558,0.491014,0.238799,0.145079,0.238142,-0.017176,0.085321,0.614629,0.286887,-0.174621,-0.140092,0.275315,0.10272
0.040752,-0.066179,0.296436,0.316612,0.022161,0.29215,0.092925,0.055359,0.503863,0.307596,-0.03773,0.073871,0.189782,0.346334
-0.134864,-0.177343,0.332177,0.137793,0.081186,0.370228,0.347749,0.091103,0.487127,0.169496,-0.248327,-0.057731,0.246691,0.238289
-0.495202,-0.04791,0.493887,0.147972,0.152301,0.531574,-0.093187,0.186714,0.663759,0.251934,-0.132174,0.034223,0.44378,0.250819
-0.371583,0.065076,0.21603,0.213377,0.360159,0.427869,0.240351,0.00309,0.754442,0.121223,-0.340166,0.068754,0.317316,0.259688
0.001474,0.028845,0.346803,0.155878,-0.12893,0.419814,0.120144,-0.092375,0.917487,0.15542,-0.259883,0.134533,0.261392,0.404315
-0.102432,-0.097544,0.297011,0.220434,0.022266,0.367846,0.285613,0.074447,0.465962,0.26703,-0.151369,0.008474,0.373701,0.214911
0.095004,0.010718,0.282022,0.156872,-0.09727,0.411723,0.262438,0.278848,0.277588,0.098325,-0.177809,-0.051284,0.606165,0.066763
0.020037,-0.24986,0.420025,0.171105,-0.099305,0.332168,-0.131187,0.100519,0.653385,0.307873,-0.144761,-0.034444,0.26457,0.280781
-0.006729,-0.025023,0.41094,0.13871,-0.185587,0.434856,0.000533,0.109866,0.742918,0.179134,-0.180357,0.112528,0.382597,0.208032
-0.120724,0.021164,0.273131,0.11778,-0.029653,0.526896,0.157641,0.162108,0.696254,0.116244,-0.338379,-0.055609,0.471567,0.26177
0.043533,-0.099994,0.451552,0.126928,-0.114455,0.391589,0.281053,0.41302,0.393859,0.105177,-0.327104,-0.159227,0.406494,0.170345
0.104836,-0.015796,0.31489,0.141844,-0.002904,0.364862,0.41253,0.350846,0.319269,-0.052063,-0.398616,0.095838,0.31642,0.474914
0.124604,-0.113802,0.32707,0.173251,-0.054895,0.377735,0.198545,0.381252,0.411589,0.15207,-0.231236,-0.100489,0.512545,0.280114
-0.407866,0.018352,0.435023,0.183148,0.14632,0.33784,0.201168,-0.118555,0.628796,0.276322,-0.107159,-0.069879,0.232591,0.223176
0.006224,0.010793,0.3652,-0.072416,-0.080142,0.344297,0.051695,0.386131,0.440931,0.031747,-0.258723,-0.050903,0.334801,0.219053
-0.098273,0.041302,0.460233,0.144639,-0.010765,0.318674,0.009895,0.198554,0.584819,0.08147,-0.218621,0.044047,0.422975,0.173805
0.164323,-0.167944,0.244085,0.245004,-0.114726,0.321292,-0.006092,0.350519,0.364275,0.263894,-0.258806,0.087785,0.309685,0.369512
0.008443,-0.252667,0.376676,0.257127,-0.081501,0.319789,0.09646,0.19034,0.434571,0.14024,-0.227145,-0.054423,0.276045,0.333617
0.23608,-0.059381,0.277243,0.186972,-0.124908,0.27291,0.285732,0.204752,0.482563,0.122525,-0.273597,-0.134882,0.49362,0.127015
0.322135,-0.099465,0.247036,0.326236,-0.143055,0.242104,0.008659,0.218407,0.559877,0.233947,-0.131674,-0.062525,0.473774,0.206157
0.070789,-0.033369,0.364837,0.216943,-0.040883,0.343838,0.133751,0.162102,0.428832,0.218519,-0.104405,0.059701,0.381624,0.152674
-0.167761,0.182272,0.234144,0.153564,-0.016853,0.434186,-0.04343,0.23084,0.529852,0.275608,-0.036796,-0.067656,0.435296,0.195459
-0.424749,-0.274197,0.813727,0.126611,0.103035,0.441537,0.112716,0.053403,0.643946,0.092413,-0.112469,0.071602,0.338644,0.151503
-0.174366,-0.036673,0.455546,0.089683,-0.101503,0.461766,0.231839,-0.063988,0.581376,0.082818,-0.166166,-0.020698,0.405388,0.136258
-0.122618,-0.25352,0.421565,0.106278,0.115511,0.565592,0.215414,-0.012598,0.600596,0.254759,-0.145566,0.013015,0.261912,0.326378
-0.211694,-0.134239,0.331266,0.29214,0.013367,0.474242,0.028323,0.147044,0.576622,0.08138,-0.159163,0.050312,0.408515,0.195536
0.185106,-0.216271,0.468721,0.160426,-0.131092,0.264597,-0.03313,0.278653,0.463798,0.134311,-0.181611,0.033495,0.273126,0.305179
0.049215,-0.05597,0.202889,0.136704,-0.059557,0.485667,0.017293,-0.187071,0.888831,0.231113,-0.109093,0.083524,0.342624,0.211168
-0.120429,-0.128573,0.323256,0.162119,0.096151,0.306656,0.236461,-0.116084,0.669604,0.114108,-0.131412,0.031525,0.252511,0.328346
-0.216221,0.116146,0.406625,0.074577,0.083184,0.386061,0.295903,-0.149371,0.679042,0.17061,-0.198933,0.102103,0.243371,0.358091
0.256966,0.145166,0.250359,0.04297,-0.307944,0.382586,0.317789,-0.104127,0.896038,-0.097802,-0.230517,-0.04923,0.341674,0.188447
-0.186284,-0.127727,0.482549,0.121129,0.078945,0.370005,0.107871,-0.111971,0.896072,-0.099888,-0.029709,0.097073,0.387184,0.388392
-0.105213,-0.136348,0.286979,0.107346,0.153475,0.370784,0.117035,0.455043,0.305483,0.062429,-0.195678,0.055807,0.318231,0.370856
0.032746,-0.006561,0.264028,0.311271,-0.136455,0.364894,0.069718,0.208576,0.499179,0.163631,-0.27628,0.048694,0.30959,0.194885
0.127897,-0.078987,0.273084,0.125056,-0.132991,0.519125,0.203696,0.187684,0.483947,0.129525,-0.17058,0.082985,0.461458,0.216051
0.021736,0.114081,0.333767,0.193503,-0.099181,0.348869,0.28248,0.119628,0.505718,0.266083,-0.226622,-0.033012,0.39554,0.080724
0.144071,-0.053599,0.428857,0.155068,-0.115875,0.323078,0.387317,-0.034287,0.454977,0.235316,-0.080142,0.01057,0.551495,0.091959
0.139865,-0.102336,0.168058,0.138804,-0.003844,0.34636,0.270463,0.266102,0.332054,0.217387,-0.217976,-0.159282,0.331835,0.355756
-0.042861,0.176054,0.387729,0.109121,-0.183683,0.428267,0.28367,0.276262,0.474192,0.209629,-0.420635,-0.126155,0.636842,0.078119
-0.427763,-0.016259,0.542182,0.091146,0.058436,0.522473,-0.048275,0.054451,0.820197,0.250087,-0.175293,0.027488,0.296808,0.393484
0.004948,0.009673,0.363881,0.232988,-0.084306,0.301144,0.199202,0.031308,0.59239,0.372541,-0.279755,0.01187,0.345816,0.226412
-0.044617,0.130062,0.219369,0.117574,0.023956,0.302721,0.217916,0.191674,0.55958,0.092147,-0.108007,-0.218107,0.514079,0.121266
-0.321364,-0.050766,0.404366,0.137433,0.214129,0.335583,0.301083,0.374594,0.438224,0.022193,-0.284439,-0.317558,0.317068,0.176596
-0.018861,-0.180027,0.505408,0.099525,-0.016071,0.14452,0.201952,0.130682,0.633388,0.008642,-0.242602,-0.125097,0.146819,0.290604
-0.057016,-0.051782,0.344964,0.144707,0.083379,0.301526,-0.032652,0.305123,0.664313,0.122949,-0.195826,0.047644,0.122579,0.424091
0.113239,-0.12911,0.314809,0.172155,-0.216536,0.270677,-0.111351,0.215805,0.493247,0.321068,-0.145885,0.007957,0.27408,0.333257
-0.136119,-0.003739,0.346416,0.16259,0.031335,0.389035,0.152349,0.180618,0.390328,0.187487,-0.104199,-0.022591,0.494208,0.250291
-0.137308,0.012959,0.400473,0.212314,0.029574,0.313822,0.39931,0.054348,0.547071,0.219989,-0.295665,-0.015907,0.373141,0.281244
-0.005329,-0.120534,0.399828,0.183915,0.016572,0.260676,0.305582,-0.002129,0.650854,0.114471,-0.372278,0.071585,0.157592,0.511847
0.112187,-0.11999,0.372403,0.148657,-0.165322,0.455163,0.371427,-0.287665,0.869111,0.070366,-0.289302,0.018051,0.490324,0.136942
0.278182,-0.223217,0.3221,0.233212,-0.136304,0.273779,0.120308,-0.041189,0.655413,0.198296,-0.137283,-0.013138,0.232674,0.313211
0.211657,0.078776,0.461376,0.085701,-0.338314,0.248376,0.421051,0.317596,0.555661,0.129965,-0.457966,-0.077135,0.330807,0.209264
-0.00601,-0.121028,0.450982,0.125557,-0.0223,0.285836,0.0582,0.227267,0.553881,0.118072,-0.212746,-0.041149,0.346681,0.261927
-0.036824,0.023038,0.114036,0.141887,0.133657,0.342169,0.230103,0.281265,0.427367,0.127693,-0.15352,-0.108981,0.281028,0.253728
-0.011395,-0.217925,0.570928,0.064745,-0.054395,0.447902,0.130573,0.395726,0.388374,0.035213,-0.103684,0.038076,0.365696,0.282707
-0.117458,0.092738,0.33216,0.181431,0.049263,0.296952,0.079349,0.339709,0.307316,0.199223,-0.157849,-0.014639,0.294625,0.356228
0.04435,-0.163128,0.350101,0.154267,-0.053608,0.398999,0.125171,0.316352,0.40471,0.163385,-0.178975,0.114891,0.378582,0.299857
-0.015146,0.140387,0.349745,0.115132,-0.041461,0.343669,0.230565,0.139088,0.505324,0.072641,-0.123923,0.015731,0.415358,0.335075
0.10211,-0.082769,0.294601,0.158575,-0.018254,0.324088,0.320366,-0.081511,0.66875,0.139841,-0.22625,0.023769,0.222638,0.393507
-0.013087,-0.113401,0.418656,0.126427,-0.118278,0.469543,0.110679,0.206082,0.542874,0.230627,-0.183834,-0.034597,0.538342,0.122655
-0.296742,-0.044467,0.536259,0.034669,0.161096,0.391765,-0.057297,0.333275,0.547429,0.092981,-0.168008,0.104384,0.278344,0.267697
0.085761,-0.091605,0.357992,0.215948,-0.055578,0.341712,0.217998,0.101512,0.685689,0.116642,-0.285397,-0.070168,0.415846,0.156893
-0.02141,0.017599,0.126135,0.128327,-0.005133,0.435434,0.25318,0.223503,0.478796,0.073499,-0.155494,-0.06135,0.280397,0.370847
0.269801,-0.028527,0.316402,0.076152,-0.156886,0.244353,0.003913,0.260307,0.602721,0.122202,-0.156448,-0.009923,0.229882,0.233981
-0.084085,-0.136549,0.601426,0.245112,-0.123511,0.382727,0.244835,0.226947,0.341864,0.199911,-0.282891,-0.085807,0.487774,0.039477
-0.226963,0.005672,0.49953,0.142229,-0.045074,0.448451,-0.136612,0.219538,0.574866,0.233572,-0.113982,0.018359,0.473707,0.264306
-0.101237,0.209963,0.284605,0.207771,-0.05941,0.269685,-0.017747,0.16855,0.689656,0.176436,-0.091736,0.00849,0.45174,0.342997
-0.154139,-0.093767,0.351404,0.18863,0.117991,0.451264,0.066684,0.277429,0.49858,0.034196,-0.159781,0.155159,0.302657,0.316029
-0.031899,-0.193339,0.35872,0.246601,0.058172,0.279844,-0.028011,0.281731,0.417799,0.223609,-0.091765,0.043511,0.254476,0.322809
0.043957,-0.240309,0.315572,0.172915,-0.02217,0.516891,0.253694,0.229071,0.446398,0.016046,-0.22385,-0.043722,0.38074,0.121898
-0.0681,-0.080154,0.315136,0.286097,0.032508,0.317204,0.214579,0.246438,0.356117,0.099244,-0.244394,-0.061502,0.39414,0.236601
0.200385,-0.107161,0.335016,0.144664,-0.202448,0.326804,0.183261,0.108949,0.533146,0.035035,-0.137769,-0.031875,0.395958,0.271602
-0.090301,0.008371,0.284742,0.08808,-0.02907,0.424099,0.307873,-0.085655,0.533767,0.121743,-0.176473,0.009683,0.454831,0.177955
-0.045982,0.085987,0.229907,0.096645,0.019711,0.467257,0.049613,0.153051,0.478976,0.075329,-0.053114,0.16572,0.412205,0.285174
0.022147,-0.007597,0.359814,0.044146,-0.104839,0.454115,0.208536,0.20075,0.474484,0.079046,-0.260407,-0.035635,0.615591,0.052894
-0.528876,-0.104235,0.678043,0.127334,0.217278,0.441879,-0.060155,0.101177,0.667245,0.229891,-0.200012,0.041308,0.259084,0.231227
-0.078081,0.013674,0.251924,0.186626,0.09949,0.469388,0.212005,0.253022,0.520192,0.000599,-0.161297,0.038258,0.466581,0.270328
0.027161,-0.102093,0.373237,0.097997,-0.050217,0.334567,0.095633,0.208787,0.688093,0.112964,-0.230278,0.035862,0.205629,0.498001
-0.09141,-0.108682,0.221045,0.174851,0.153867,0.39758,0.208744,0.227413,0.524259,0.101722,-0.268611,-0.000885,0.227719,0.227323
0.038616,-0.094215,0.423356,0.023774,-0.072258,0.43944,0.260651,0.109599,0.516667,0.165822,-0.220952,0.073145,0.488683,0.139106
-0.078399,-0.047909,0.440785,0.182059,-0.035076,0.400644,0.16194,0.155525,0.593764,0.228392,-0.242511,-0.037586,0.507877,0.214577
0.148209,-0.055329,0.346117,0.087704,-0.148835,0.391569,0.136264,0.291731,0.377912,0.192428,-0.199109,-0.145679,0.441018,0.017665
-0.33709,-0.145303,0.455648,0.245713,0.107132,0.461868,-0.018109,0.145602,0.569248,0.128458,-0.153948,0.066171,0.342466,0.269972
0.26183,-0.039001,0.233893,0.262817,-0.20178,0.295204,0.281496,0.202345,0.384564,0.185699,-0.312823,-0.056598,0.327473,0.094499
-0.128207,-0.056967,0.173241,0.174546,0.08387,0.476853,0.250458,-0.145,0.76371,0.090288,-0.279676,0.100653,0.342389,0.443024
0.007181,-0.098567,0.37745,0.070754,-0.12314,0.43562,0.053119,-0.040761,0.774895,0.156287,-0.213142,0.123366,0.303831,0.429391
-0.037484,-0.055207,0.362896,0.185683,-0.033773,0.373748,-0.05243,0.166451,0.585999,0.164995,-0.170477,0.11523,0.356991,0.320115
0.087874,-0.0463,0.36178,0.160561,-0.018316,0.342752,0.126161,0.118673,0.430848,0.187789,-0.096378,0.000531,0.276192,0.240633
0.255207,-0.240763,0.648166,0.14452,-0.314919,0.421849,0.419075,0.049434,0.585427,0.014766,-0.330639,-0.020776,0.470393,0.221233
0.112152,-0.046827,0.374747,0.171789,-0.170354,0.369075,0.28434,0.19207,0.400758,0.286641,-0.192023,-0.060797,0.462105,0.106669
-0.093978,0.022619,0.364047,-0.006243,0.035444,0.365286,0.206613,0.159599,0.609631,0.106187,-0.313279,-0.066181,0.363304,0.288201
0.275736,-0.149288,0.336639,0.130111,-0.231894,0.338479,0.069996,0.205508,0.404913,0.222464,-0.155942,0.00316,0.278132,0.143374
0.152403,-0.169977,0.193761,0.351111,-0.116638,0.437858,0.513467,0.376486,0.190357,0.204235,-0.373398,-0.111193,0.385365,0.270119
-0.21947,-0.036425,0.507007,0.150254,-0.020014,0.39609,0.063095,0.299001,0.43113,0.174133,-0.215169,0.040098,0.456488,0.286883
-0.032676,-0.160757,0.31675,0.166717,0.032441,0.516588,0.130799,0.203414,0.479956,0.25659,-0.307217,0.007761,0.525903,0.231306
-0.200165,-0.217069,0.500392,0.29777,-0.029006,0.421113,0.108924,0.223292,0.410716,0.185552,-0.088433,0.004374,0.376043,0.158511
-0.102203,-0.011471,0.308136,0.167945,0.010249,0.456136,-0.086858,0.252602,0.561938,0.228307,-0.093961,0.055699,0.498345,0.300805
0.336009,-0.206015,0.305982,0.200479,-0.251335,0.245476,0.119375,0.391822,0.381528,0.124897,-0.319621,-0.028695,0.28874,0.210997
-0.194316,0.031533,0.492122,0.074048,-0.025882,0.205787,-0.046318,0.296042,0.389294,0.246868,-0.11412,-0.018804,0.345593,0.244631
0.218434,-0.065246,0.441958,0.082603,-0.320351,0.367512,0.204502,0.213671,0.473867,0.139963,-0.28503,0.014686,0.49124,0.083008
-0.017501,-0.26308,0.606688,0.234605,-0.179542,0.422395,-0.241027,0.144487,0.642019,0.267882,-0.053758,0.080979,0.5006,0.256372
0.000338,-0.223345,0.420961,0.156892,0.080499,0.51643,0.214043,0.165602,0.581984,0.101473,-0.281777,0.174009,0.278561,0.398184
0.220872,0.064097,0.324389,0.08101,-0.290569,0.295809,0.122186,0.191905,0.596883,0.071723,-0.221912,-0.118818,0.368344,0.027822
0.00048,-0.193754,0.46956,0.248204,-0.078051,0.316781,0.259475,0.267237,0.356936,0.164414,-0.108466,-0.08459,0.353204,0.366818
-0.190094,0.056247,0.344235,0.136044,0.126541,0.425688,0.094972,0.062727,0.709916,0.244602,-0.147179,0.128772,0.326816,0.384153
0.33089,-0.186865,0.37429,0.164962,-0.203194,0.330613,0.069119,0.349916,0.452744,0.056493,-0.171375,0.023882,0.429823,0.411737
0.218415,-0.024068,0.419395,0.288258,-0.209872,0.136047,0.305318,-0.005693,0.597661,0.224372,-0.216916,-0.080608,0.230713,0.338632
-0.145201,-0.045751,0.347669,0.07837,0.034656,0.462243,-0.076946,0.311568,0.535603,0.120139,-0.076155,0.021763,0.433266,0.357907
-0.086104,-0.141346,0.481421,0.146861,-0.103978,0.492932,0.111391,-0.065452,0.741067,0.110293,-0.184759,-0.018969,0.443945,0.029402
0.177544,0.066509,0.124833,0.039721,-0.113282,0.385228,0.095664,0.072105,0.659662,0.121987,-0.15557,0.146177,0.298378,0.402784
0.186704,-0.025949,0.173753,0.059949,-0.190422,0.412663,0.150602,0.120797,0.58775,0.130419,-0.134228,-0.067599,0.388705,0.197964
-0.125136,0.039047,0.351955,-0.01375,-0.015572,0.438419,0.064987,0.098405,0.655043,0.195606,-0.199589,0.020946,0.377791,0.295857
0.094476,-0.07256,0.339767,0.111436,0.013915,0.415447,0.105624,0.275407,0.455982,0.132943,-0.222448,-0.024147,0.420593,0.278496
-0.224009,-0.036703,0.425513,0.155662,0.026711,0.36537,0.091812,0.179656,0.726931,0.103993,-0.262252,-0.012745,0.482845,0.178352
-0.191006,-0.014257,0.277717,0.188146,0.067799,0.378321,0.080176,0.138511,0.432345,0.292413,-0.079948,-0.013608,0.317947,0.195634
-0.068739,0.087495,0.406146,0.016023,-0.097068,0.43893,0.280095,0.20841,0.433329,0.250723,-0.189938,-0.126438,0.41161,0.112038
0.05385,0.004952,0.220544,0.177772,-0.067829,0.388918,0.049097,-0.242873,0.994464,-0.004115,0.022125,0.220757,0.340066,0.38019
-0.251771,-0.025587,0.298186,0.148159,0.108335,0.481924,0.265953,0.329545,0.541158,-0.026338,-0.298991,-0.128902,0.342458,0.185475
0.018763,-0.188551,0.397818,0.130232,-0.015595,0.361817,0.100978,0.215062,0.527443,0.071266,-0.302379,0.10995,0.339748,0.362321
-0.099333,0.074589,0.302074,0.116669,-0.0102,0.457514,0.043602,0.014812,0.783828,0.079684,-0.124244,-0.058965,0.426458,0.188583
-0.154443,0.152904,0.319871,0.050169,-0.001457,0.284721,0.485419,0.090178,0.482909,0.227508,-0.2787,-0.107331,0.275731,0.254454
-0.18822,0.185181,0.25137,0.110718,0.057135,0.413212,0.003295,0.517117,0.504034,0.01644,-0.2412,0.002865,0.274609,0.31042
0.130799,-0.028603,0.490463,0.163942,-0.236239,0.312575,0.392594,-0.183463,0.852941,0.030631,-0.363397,0.061286,0.360284,0.217479
-0.244675,-0.044259,0.242323,0.202218,0.111562,0.449938,0.187502,0.221163,0.452653,0.14205,-0.222303,-0.073157,0.245117,0.177041
0.104515,0.004575,0.302943,0.128133,-0.125611,0.386396,0.021944,0.201686,0.558244,0.009955,-0.124093,-0.007327,0.429772,0.096178
0.107227,0.157149,0.181935,-0.094358,-0.133812,0.431743,0.080741,0.034199,0.671787,0.096342,-0.007196,-0.000902,0.2209,0.420252
0.116367,-0.000663,0.305515,0.290052,-0.089752,0.306487,0.21602,0.218747,0.418878,0.182101,-0.20756,-0.025584,0.489436,0.008301
-0.125446,-0.166736,0.607705,0.086478,-0.071932,0.409517,-0.034379,0.381302,0.444897,0.193574,-0.150862,-0.091976,0.511754,-0.082911
-0.072639,-0.236969,0.428576,0.202442,0.098887,0.371009,0.215247,-0.031788,0.594682,0.253889,-0.187982,0.05941,0.330285,0.238592
0.103353,-0.152825,0.255086,0.035406,0.052082,0.422985,0.277813,0.014363,0.654092,0.004415,-0.295631,0.138554,0.237035,0.575687
0.194572,-0.078767,0.1726,0.2767,-0.071821,0.256593,0.014941,0.198894,0.595478,0.168569,-0.047145,0.09197,0.196171,0.412489
0.293578,-0.091861,0.401212,0.10301,-0.199869,0.157831,0.158198,0.32624,0.47351,0.048105,-0.185409,0.00861,0.247897,0.306976
0.08291,0.024784,0.229865,0.22194,-0.152599,0.249664,0.250299,0.177614,0.595337,0.110017,-0.269261,-0.130533,0.394235,0.236794
0.208502,-0.04041,0.228101,0.205779,-0.095533,0.278298,0.171255,0.357459,0.381505,0.147696,-0.309704,-0.053548,0.313575,0.306341
-0.063288,-0.00963,0.517101,0.206542,0.043431,0.300536,0.223583,0.385777,0.342277,0.074169,-0.330027,-0.091586,0.464263,0.169544
0.275752,-0.068828,0.314183,0.201484,-0.159009,0.426199,0.192215,0.294416,0.436533,0.155939,-0.155219,-0.067266,0.328332,0.15473
0.137635,0.023909,0.297325,0.183779,-0.07655,0.252541,0.253881,0.423744,0.322967,0.071459,-0.196737,-0.112934,0.360244,0.181559
0.075723,-0.089995,0.464158,0.135771,-0.049154,0.262362,0.183822,0.092138,0.55913,0.250265,-0.103978,-0.054416,0.38015,0.237183
0.124481,0.021228,0.253449,0.195357,-0.094795,0.206027,0.065302,-0.078468,0.902102,0.10212,-0.182261,0.142563,0.069422,0.472244
0.252588,-0.074751,0.208039,0.178172,-0.101906,0.30966,0.212109,0.152623,0.615415,-0.037809,-0.266146,0.07638,0.309622,0.420444
-0.014643,-0.172449,0.278095,0.251904,0.123515,0.249775,0.201551,0.240415,0.479145,0.017125,-0.299153,0.083181,0.126733,0.475729
0.037818,-0.157286,0.214643,0.220104,-0.001233,0.490487,0.136676,0.293611,0.454359,0.119224,-0.196155,-0.074655,0.414942,0.23466
0.392859,0.016037,0.31349,0.142089,-0.26362,0.156652,0.207663,0.318328,0.543904,0.00202,-0.342702,-0.0225,0.296207,0.236902
-0.29442,-0.130669,0.246767,0.187909,0.246879,0.594203,0.080996,0.340444,0.518618,-0.004415,-0.244533,0.006916,0.353856,0.446325
0.05592,-0.045569,0.402645,0.171026,0.028517,0.272135,0.207638,0.160963,0.463779,0.192507,-0.129959,-0.053621,0.385585,0.232076
0.348926,-0.094113,0.307264,0.089851,-0.230681,0.272457,0.113455,0.150578,0.56285,0.088841,-0.177151,0.022777,0.44265,0.275879
-0.080043,-0.112796,0.460147,0.082504,-0.021221,0.318031,0.150033,0.066684,0.610913,0.185122,-0.265217,-0.000286,0.441181,0.155438
-0.160925,-0.085188,0.434856,0.261638,0.030873,0.40749,0.145404,0.179689,0.577276,0.16849,-0.206869,-0.064741,0.398607,0.191132
-0.200104,-0.17339,0.383703,0.346138,0.151341,0.391547,-0.060573,-0.050764,0.773787,0.234883,-0.024057,0.097724,0.195099,0.238584
0.032432,-0.207679,0.339195,0.175597,0.038862,0.21833,0.0485,0.093345,0.697481,0.147824,-0.187851,0.023097,0.099551,0.512708
0.020046,-0.122573,0.339926,0.361084,-0.045478,0.330355,0.11425,0.405906,0.333377,0.178561,-0.133193,-0.039998,0.26675,0.287163
-0.061659,-0.095306,0.34485,0.145117,0.093083,0.470636,-0.055746,0.334477,0.51695,0.136358,-0.055494,0.114492,0.370582,0.339145
-0.275479,-0.198534,0.470859,0.292748,0.193918,0.315701,0.361914,0.003737,0.601789,0.167227,-0.189485,-0.1273,0.130798,0.269324
-0.162475,-0.174986,0.468165,0.177045,-0.039072,0.385873,0.289935,0.062806,0.415242,0.362921,-0.299897,-0.184888,0.39516,0.190265
-0.024473,-0.109263,0.306636,0.257269,0.004738,0.31734,0.061931,0.249245,0.533887,0.094386,-0.196672,-0.00655,0.287815,0.274677
-0.047006,0.050999,0.177726,0.123894,-0.053516,0.394347,0.192112,-0.046309,0.648853,0.16283,-0.025395,0.11634,0.289658,0.298792
-0.028116,-0.152757,0.303435,0.255305,-0.024473,0.412783,0.254321,0.071047,0.42193,0.242807,-0.110575,-0.087012,0.404621,0.253907
-0.210373,-0.184614,0.556285,0.158456,0.040177,0.461965,0.076373,0.123559,0.526359,0.238594,-0.19506,0.031234,0.550265,0.23599
-0.027004,0.153505,0.316172,0.238186,-0.044808,0.242096,0.209482,0.287025,0.558143,-0.012444,-0.28348,-0.129479,0.362623,0.093124
0.216609,0.082639,0.341403,0.040218,-0.161476,0.277983,0.170605,0.306561,0.482434,0.1627,-0.235446,-0.235007,0.426086,-0.001186
0.110925,0.021674,0.263303,0.290782,-0.06782,0.290806,0.383847,0.027694,0.500509,0.226853,-0.349352,-0.231552,0.573027,0.013007
0.010524,0.038799,0.416297,0.024996,-0.189389,0.490367,0.079451,0.20688,0.570168,0.171159,-0.126272,-0.014842,0.389182,0.090195
0.004295,-0.090788,0.390321,0.15456,0.001259,0.372053,0.228933,0.189808,0.439089,0.262657,-0.294241,-0.065856,0.42796,0.043365
0.074797,-0.092182,0.319508,0.059443,-0.129408,0.383488,0.13636,0.366802,0.447767,0.090621,-0.169132,-0.027291,0.292211,0.236471
0.139664,-0.225812,0.390969,0.191169,-0.067842,0.310987,0.102894,0.231518,0.479218,0.170293,-0.187421,-0.03834,0.274822,0.164737
-0.190311,-0.114927,0.49969,0.153297,0.141517,0.367565,0.188323,0.26967,0.446613,0.081531,-0.241638,-0.038944,0.452659,0.207607
0.065265,-0.050876,0.259374,0.260024,-0.171562,0.393811,0.259749,0.067455,0.436812,0.1615,-0.278573,-0.076175,0.457702,-0.030955
-0.264222,-0.127298,0.365173,0.146409,0.014869,0.403965,0.002752,0.151078,0.625933,0.121166,-0.148497,0.03085,0.270288,0.287013
0.020814,-0.009634,0.255191,0.187908,0.063802,0.414999,0.435318,0.1668,0.427693,0.230272,-0.340721,-0.005909,0.412453,0.274361
0.236385,0.01574,0.316334,0.199512,-0.313179,0.150742,0.133575,0.212668,0.515358,0.247515,-0.232854,-0.038721,0.254627,0.377552
-0.125965,0.047453,0.250882,0.21561,0.162778,0.394715,0.187081,0.239514,0.455387,0.088002,-0.180837,0.085038,0.270441,0.408626
-0.015399,-0.193862,0.553301,0.244565,-0.010773,0.27412,0.171343,-0.118367,0.724162,0.234337,-0.208884,-0.018479,0.198838,0.291406
0.267063,-0.077668,0.303387,0.239412,-0.207864,0.333523,0.120806,0.092504,0.560223,0.209929,-0.168381,-0.069699,0.483053,-0.010905
-0.231745,-0.208088,0.329523,0.196007,0.193206,0.440129,0.165979,0.349867,0.476717,-0.014149,-0.221603,-0.018978,0.373116,0.344071
0.316308,-0.298707,0.296016,0.231948,-0.07142,0.368419,0.042139,0.11687,0.53042,0.184814,0.045284,0.144186,0.388473,0.307054
0.211722,-0.226433,0.338397,0.248863,0.007152,0.314967,0.198766,0.124634,0.454478,0.200214,-0.082124,-0.031501,0.43834,0.040122
0.18443,-0.004062,0.32467,0.087111,-0.248065,0.321456,0.200573,0.322881,0.377143,0.114843,-0.239977,-0.012062,0.478937,0.183199
-0.385049,0.223785,0.417917,0.206639,0.159785,0.300468,0.091579,0.187108,0.557058,0.212018,-0.226792,-0.025853,0.232376,0.340861
0.005463,-0.071076,0.335799,0.246134,-0.044991,0.369584,0.225335,0.221541,0.501259,0.240731,-0.372755,-0.04594,0.439063,0.219243
-0.07866,-0.145981,0.327638,0.0698,0.040587,0.444233,0.464265,0.218122,0.293764,0.126187,-0.202471,-0.061731,0.262408,0.402681
-0.086995,-0.082557,0.397972,0.103642,0.009819,0.408558,0.349965,0.014241,0.517553,0.19769,-0.285849,-0.112929,0.421536,0.28059
-0.198207,0.125994,0.06037,0.004895,0.186192,0.656384,0.154159,0.045371,0.640941,0.173115,-0.239996,0.108416,0.341292,0.366819
0.265925,0.099097,0.481683,0.070041,-0.425366,0.279348,0.160479,0.450464,0.354321,0.156424,-0.348202,-0.115156,0.72226,-0.052321
-0.057984,0.060948,0.362512,0.224889,-0.128579,0.4123,0.187195,0.229089,0.581688,0.168265,-0.261771,0.005022,0.366123,0.272782
0.105212,-0.126393,0.140159,0.07826,0.009468,0.498494,0.098379,0.063539,0.533058,0.224843,0.004019,0.036272,0.285719,0.376599
0.069903,-0.142957,0.405396,0.162292,0.0149,0.309663,-0.111088,0.094968,0.746545,0.154008,-0.036359,0.079172,0.199986,0.417583
-0.420181,0.054609,0.599487,0.050844,0.060788,0.318414,0.183211,0.034215,0.549091,0.063108,-0.107551,0.114614,0.30296,0.433822
-0.133097,0.021293,0.333167,0.173776,-0.057786,0.440675,0.143158,0.071625,0.70057,0.096016,-0.177474,0.048752,0.368989,0.316506
0.054935,-0.130606,0.406986,0.180005,-0.093698,0.5582,0.128536,0.378647,0.465755,0.150379,-0.346556,-0.021219,0.586013,-0.00445
-0.258039,-0.282891,0.67603,0.240493,-0.004667,0.422625,-0.076517,0.269771,0.467114,0.115915,-0.168393,0.095984,0.46496,0.154344
0.138237,0.034634,0.308853,0.155771,-0.106445,0.371867,0.207745,0.236306,0.490973,0.126061,-0.236287,-0.114126,0.477035,0.007477
-0.210883,0.046809,0.501016,0.231442,-0.094537,0.358358,0.050861,-0.030359,0.796038,0.174264,-0.232432,0.085207,0.28877,0.384155
0.049858,-0.118603,0.352078,0.147927,-0.007333,0.348116,0.219437,0.074164,0.582462,0.159815,-0.241921,-0.09264,0.387619,0.07761
0.046556,-0.013901,0.200636,0.143677,0.028941,0.368481,0.040358,0.299197,0.548749,-0.017673,-0.192508,-0.024698,0.327017,0.308318
-0.000746,0.011583,0.338997,0.165898,-0.200827,0.405279,0.301295,0.092466,0.54719,0.208183,-0.173253,-0.15476,0.489482,0.076351
-0.188705,-0.287217,0.405707,0.193441,0.181927,0.540183,0.132736,0.243751,0.397534,0.168466,-0.142813,0.014693,0.326295,0.349066
0.240163,0.062799,0.265454,0.126578,-0.154328,0.260438,0.205707,0.25246,0.459635,0.091876,-0.209582,-0.051198,0.509961,0.306653
-0.104561,-0.113885,0.286614,0.231375,0.067205,0.392295,0.033603,0.313296,0.445795,0.104324,-0.183454,0.062162,0.318762,0.345502
-0.008457,-0.023651,0.401471,0.296556,-0.191352,0.298861,0.125092,-0.016454,0.593041,0.239631,-0.043511,0.186341,0.264196,0.427207
0.04854,-0.337055,0.504277,0.040513,-0.184694,0.616584,0.255344,0.259625,0.400379,0.071972,-0.283868,-0.06527,0.515626,0.114839
0.087789,0.272954,0.194529,0.186968,-0.107724,0.312482,-0.127703,0.176125,0.71539,-0.056403,-0.065771,0.258375,0.245255,0.435865
-0.24528,0.04979,0.238027,0.184884,0.112013,0.373449,0.045878,0.062675,0.626011,0.147479,-0.202969,0.107567,0.333141,0.35644
0.131823,0.053444,0.245537,0.08986,-0.079038,0.499858,0.296439,0.030515,0.49456,0.253798,-0.23293,-0.135179,0.604599,-0.037873
-0.243654,0.103731,0.203975,0.066069,0.151616,0.575077,-0.081691,0.240174,0.572931,0.043056,-0.13232,0.0559,0.495746,0.228633
-0.007102,-0.026552,0.4363,0.14893,-0.150343,0.301987,0.220293,0.387577,0.408071,0.085902,-0.252673,-0.050451,0.430831,0.203201
-0.204503,-0.206119,0.585152,0.08588,-0.013968,0.418085,0.131938,0.028074,0.629846,0.10579,-0.0697,-0.010021,0.367826,0.254771
-0.167714,0.106837,0.196956,0.065987,0.072017,0.547854,0.018626,0.117751,0.683231,0.083449,-0.190405,0.056594,0.45272,0.213472
0.177283,0.040234,0.266034,0.272627,-0.183322,0.261999,0.334888,0.165895,0.565421,0.015138,-0.27954,-0.07468,0.300071,0.238704
-0.184535,0.00872,0.428949,0.194518,-0.101122,0.405528,0.371702,0.265972,0.523488,0.056426,-0.332266,-0.025482,0.420355,0.308281
0.2169,0.073529,0.11728,0.192187,-0.123527,0.363633,0.144658,0.211383,0.598519,0.187647,-0.15104,-0.046403,0.393822,0.242554
0.003374,-0.049607,0.452224,0.257189,-0.226892,0.116789,0.223849,0.142681,0.640015,0.145736,-0.254987,-0.157615,0.308148,0.142732
-0.005517,-0.145664,0.384451,0.213347,-0.065119,0.369909,0.124012,0.012363,0.643961,0.112876,-0.202514,-0.028076,0.298692,0.102288
-0.037674,-0.016286,0.522742,0.037017,-0.18763,0.406919,0.292224,-0.131653,0.981624,-0.148014,-0.444226,-0.049098,0.576584,0.064423
0.182199,-0.256833,0.583096,0.190912,-0.224565,0.386412,0.252472,-0.21494,0.856776,0.176225,-0.279843,0.075242,0.475816,0.38486
-0.28056,-0.234209,0.278631,0.234219,0.247597,0.453358,0.168079,0.27283,0.524609,0.143834,-0.250879,-0.038924,0.274186,0.328236
-0.313305,-0.153685,0.372648,0.24461,0.33248,0.378502,0.308586,0.221023,0.488257,0.057404,-0.299286,-0.099401,0.236586,0.347462
-0.012318,-0.043599,0.318182,0.137297,-0.026976,0.404973,0.076162,-0.17083,0.840781,0.008026,-0.127569,0.20592,0.329276,0.319949
-0.227128,-0.03426,0.30364,0.056348,0.073294,0.343136,0.464613,0.088839,0.384128,0.256869,-0.239217,-0.133796,0.328943,0.23756
0.031638,-0.100869,0.303227,0.22266,-0.030879,0.373246,0.127287,0.294058,0.40095,0.084014,-0.110486,0.020211,0.467243,0.231981
-0.137255,0.127357,0.39985,0.044165,0.029195,0.24088,0.270632,0.209476,0.618478,0.040104,-0.481969,0.024546,0.249945,0.179233
0.042273,0.12396,0.067926,0.058924,-0.065538,0.287274,0.15168,0.105757,0.680779,-0.121075,-0.224188,-0.036333,0.317531,0.335475
0.172541,0.22643,0.172854,0.148015,-0.333073,0.418054,0.324699,0.134163,0.524263,0.148157,-0.392126,0.036368,0.306046,0.294065
0.116972,-0.123436,0.427793,0.146147,-0.064976,0.322413,0.074111,0.020615,0.627866,0.320438,-0.139768,-0.052364,0.361322,0.303511
0.007032,-0.072718,0.260959,0.231425,-0.00294,0.505544,0.057982,0.013859,0.555331,0.177444,0.019598,0.026411,0.587833,0.188232
-0.001237,0.165204,0.355981,0.101839,-0.106299,0.399092,0.252056,0.126729,0.499331,0.243151,-0.185501,-0.006127,0.629577,0.125153
-0.119944,-0.150841,0.593992,0.088168,-0.127195,0.455369,0.212525,0.243087,0.430616,0.114383,-0.239551,-0.011521,0.35457,0.361607
0.028855,-0.075309,0.294099,0.090394,-0.050594,0.485139,0.268489,0.280167,0.548245,0.132554,-0.447288,-0.040596,0.495781,0.216059
-0.043805,-0.094776,0.452662,0.237371,-0.005595,0.420207,-0.239723,0.370051,0.491386,0.186362,0.053072,0.206255,0.32406,0.308366
-0.06287,-0.1783,0.357492,0.32139,0.065056,0.18921,0.190316,0.242294,0.501169,0.159973,-0.242015,-0.12847,0.275802,0.085658
0.046875,0.058522,0.364221,0.094974,-0.190018,0.411713,0.316956,0.289669,0.344023,0.181854,-0.271202,-0.038931,0.53197,0.186299
-0.223346,-0.003463,0.305634,0.016647,0.172995,0.581525,0.164959,0.168921,0.499721,0.080099,-0.161588,0.145974,0.455985,0.348707
0.207774,-0.123003,0.299286,0.152629,-0.057017,0.258727,0.279813,0.113726,0.781599,-0.016731,-0.299531,-0.149536,0.160667,0.327309
0.099486,-0.166755,0.419995,0.12337,-0.063037,0.39175,0.08372,0.196006,0.538579,0.248375,-0.201855,0.061407,0.448115,0.290912
0.022326,0.037281,0.295717,0.215718,-0.062968,0.291722,0.166349,0.180402,0.407434,0.170711,-0.124715,0.060295,0.334136,0.334265
-0.205857,-0.11615,0.397807,0.115055,0.072894,0.611962,0.164335,0.197561,0.510787,0.205135,-0.218527,0.03711,0.557145,0.100682
-0.026492,-0.084055,0.263645,0.110562,0.003359,0.343672,0.172104,0.257258,0.476805,0.067513,-0.198344,0.049483,0.301783,0.378937
-0.188337,-0.00624,0.289147,0.173895,0.075321,0.545494,0.103608,0.106064,0.63848,0.130398,-0.123784,0.073812,0.346464,0.362984
0.051596,-0.114558,0.365938,0.134556,0.060284,0.308612,0.177413,0.289162,0.363091,0.061091,-0.182377,0.006582,0.367539,0.173702
-0.072876,-0.187614,0.357937,0.117798,-0.003075,0.449845,0.190534,-0.027761,0.624515,0.199371,-0.194207,-0.010216,0.34377,0.306127
-0.043784,0.059146,0.399004,0.213671,-0.18874,0.269741,0.175189,0.168237,0.506184,0.259594,-0.183897,-0.228267,0.458877,0.05353
0.197443,-0.24166,0.214989,0.143835,-0.200023,0.457809,0.39559,0.369143,0.404334,0.15134,-0.373914,-0.271278,0.408559,0.234013
-0.022597,0.027111,0.24876,0.069897,-0.162253,0.595263,0.192244,0.080987,0.520761,0.076579,-0.259366,0.155416,0.394949,0.351269
0.163483,-0.076092,0.299991,0.192523,0.003399,0.205065,0.226755,0.192787,0.62017,0.065932,-0.192606,-0.002748,-0.007985,0.417156
-0.131883,0.078619,0.294314,0.070642,0.071532,0.339512,0.400125,-0.128508,0.760202,0.028848,-0.289132,-0.069222,0.373198,0.227454
0.08521,-0.002116,0.265139,0.217012,0.003865,0.426994,0.172078,0.331363,0.335529,0.141467,-0.08189,-0.123953,0.506956,-0.036668
-0.268708,-0.205729,0.568185,0.180369,-0.014895,0.449318,-0.08632,-0.174971,0.902385,0.25518,-0.060344,-0.049944,0.352053,0.212346
0.171609,0.04241,0.229853,0.133503,-0.118776,0.341164,0.455405,-0.177147,0.524687,0.2531,-0.085152,-0.062102,0.382027,0.158971
0.000358,-0.122358,0.318644,0.235352,0.039657,0.474722,0.340589,0.179351,0.631006,0.107033,-0.275855,-0.156967,0.424611,0.250992
-0.263131,-0.083073,0.514428,0.119277,0.074822,0.374972,0.143685,0.383899,0.343874,0.123489,-0.185318,-0.018999,0.287865,0.367474
-0.275909,0.085219,0.238482,0.220886,0.006806,0.48555,0.101798,-0.04305,0.660767,0.287166,-0.060418,-0.061025,0.523622,0.148261
-0.016612,0.040756,0.252803,0.112238,-0.035304,0.336397,0.270967,0.021708,0.533138,0.103002,-0.301971,-0.07907,0.461223,0.155624
0.018367,0.029167,0.436688,0.150225,-0.128388,0.357202,-0.007252,0.069226,0.688485,0.132514,-0.116242,-0.039661,0.471907,0.118411
-0.008528,-0.110771,0.316797,0.17866,0.082308,0.294162,0.268,0.366126,0.406046,0.096535,-0.214143,-0.052764,0.232073,0.380751
0.086673,-0.109541,0.273748,0.157078,-0.081413,0.49267,0.364907,0.227651,0.338702,0.285432,-0.258931,-0.130443,0.42217,0.03543
-0.066971,0.100883,0.479178,0.141338,0.019769,0.343169,0.188695,0.122582,0.639894,0.087794,-0.193518,0.013563,0.416423,0.0534
-0.048202,0.091462,0.349893,0.208327,-0.092288,0.220617,0.372414,0.038618,0.33754,0.28785,-0.185475,-0.023657,0.286545,0.276318
-0.015767,-0.121989,0.33812,0.245684,0.018591,0.443626,-0.147823,0.19204,0.560936,0.150907,0.090355,0.165235,0.402358,0.329427
-0.101409,0.076356,0.410269,0.03373,-0.268092,0.36912,0.215016,0.007801,0.542779,0.251817,-0.243256,-0.16098,0.42335,0.198346
-0.020309,0.066341,0.226018,0.13914,-0.026365,0.307004,0.258082,0.179351,0.5769,0.050103,-0.218228,-0.163913,0.252719,0.334375
-0.122,0.026214,0.309344,0.078447,-0.000285,0.364707,0.340428,-0.083142,0.680564,-0.036719,-0.243262,-0.081289,0.438588,0.160704
0.21205,-0.026969,0.363974,0.195353,-0.165943,0.274801,0.228245,0.180425,0.658485,0.050899,-0.242234,-0.069874,0.391907,0.174794
-0.047475,-0.093664,0.123759,0.20229,-0.012219,0.359269,0.429865,0.162742,0.530092,0.043093,-0.380898,-0.155643,0.282446,0.24791
-0.032949,-0.084797,0.346064,0.234601,0.115625,0.303466,0.243232,0.159277,0.441703,0.185637,-0.237866,-0.045113,0.278697,0.200912
0.030097,-0.062348,0.460301,0.227586,-0.085206,0.234722,-0.064356,-0.047875,0.725171,0.268889,-0.103338,-0.016808,0.527656,-0.049955
0.176026,-0.093148,0.29889,0.14722,-0.110634,0.476004,0.108648,0.294826,0.310406,0.203551,-0.157101,0.065328,0.496116,0.170063
-0.035638,-0.029131,0.360385,-0.009658,-0.113279,0.520198,0.128429,0.353158,0.394406,0.125622,-0.061626,0.012091,0.497659,0.347235
-0.030354,0.046394,0.44513,0.221696,-0.279919,0.254984,0.163373,0.116609,0.586356,0.224846,-0.213523,-0.023706,0.356836,0.238695
0.197485,-0.109327,0.435184,0.172047,-0.166745,0.29649,0.048221,0.264675,0.460337,0.145164,-0.229886,-0.069233,0.555138,-0.010264
0.110121,-0.049467,0.237207,0.158942,-0.01594,0.440823,0.179536,0.276259,0.528742,0.13159,-0.277986,0.006933,0.263645,0.39649
0.058298,0.045358,0.395435,0.034668,-0.168122,0.318922,0.266738,-0.120565,0.693207,0.122227,-0.186282,-0.10681,0.48899,0.156963
-0.087789,0.020188,0.425767,0.135307,-0.015494,0.348444,0.181319,0.149969,0.381721,0.18925,-0.073517,-0.0236,0.443318,0.224951
0.097465,0.151309,0.222195,-0.095421,-0.082447,0.481723,0.261098,0.010058,0.514565,0.348915,-0.197481,-0.240094,0.566927,0.048708
-0.0509,-0.250475,0.398205,0.124648,-0.029302,0.517871,0.110711,-0.083104,0.817053,0.112172,-0.326327,0.153,0.280659,0.239767
-0.067078,-0.035119,0.239325,0.247617,0.036113,0.361478,0.063328,0.227814,0.600831,0.083897,-0.202373,0.007755,0.256269,0.355626
-0.040491,-0.139018,0.464243,0.117665,-0.036747,0.350096,0.251573,0.423722,0.263276,0.149576,-0.328183,0.003447,0.273681,0.193225
-0.199655,-0.017379,0.274315,0.036423,0.200411,0.378781,0.230447,0.315536,0.462924,-0.014269,-0.294832,0.056005,0.28918,0.383852
-0.290486,-0.171568,0.59642,0.139033,-0.020984,0.413738,0.15908,-0.108043,0.695213,0.225483,-0.232077,-0.033011,0.362479,0.213928
-0.115371,-0.11619,0.316271,0.090196,0.122548,0.516217,-0.022747,0.423983,0.558781,-0.019194,-0.141447,0.139766,0.322198,0.445269
-0.173735,0.060294,0.295591,0.079677,0.084351,0.501274,0.204935,0.073311,0.615693,0.112382,-0.268695,0.054225,0.374737,0.340659
-0.081635,0.088408,0.361503,0.188569,-0.127176,0.374671,0.11849,0.173175,0.564152,0.125382,-0.171424,0.014563,0.419213,0.192951
-0.110192,-0.057668,0.438707,0.083554,0.047099,0.278602,0.259071,0.161375,0.407977,0.208799,-0.223141,0.02123,0.248518,0.207344
0.044091,-0.002667,0.292161,0.241487,-0.120608,0.37271,0.260513,0.314928,0.312232,0.170831,-0.308083,-0.086819,0.499603,0.065234
0.085199,-0.057713,0.281089,0.279003,-0.011089,0.269368,0.076897,0.025998,0.686332,0.192563,-0.122337,0.202532,0.052006,0.651211
-0.217008,-0.197828,0.484436,0.15137,0.097544,0.411294,0.008877,0.095416,0.72351,0.057394,-0.14147,0.097086,0.271777,0.551681
-0.17783,-0.072045,0.491974,0.057647,0.010836,0.523372,0.032772,0.395277,0.478598,0.096795,-0.179114,0.053795,0.401059,0.142993
-0.008629,-0.017354,0.29383,0.153159,0.009654,0.32217,0.200991,0.129359,0.467341,0.125525,-0.073604,0.027228,0.238514,0.488558
-0.107693,-0.016234,0.2709,0.114262,0.063469,0.445802,0.293965,0.033237,0.606775,0.227454,-0.250129,-0.076445,0.426861,0.17839
-0.077668,-0.089008,0.378179,0.255818,-0.098738,0.371507,0.112673,0.264186,0.523878,0.250666,-0.177614,-0.186099,0.313194,0.289875
-0.105083,-0.090279,0.212847,0.180881,0.133525,0.464967,-0.025757,0.390919,0.576363,0.029831,-0.075275,0.140312,0.224746,0.573348
-0.215184,-0.102984,0.38973,0.177042,-0.015714,0.343362,0.13367,-0.009602,0.761125,0.20862,-0.181491,-0.054821,0.136522,0.539271
-0.122041,0.075352,0.159349,0.289634,-0.025344,0.469492,0.198666,0.233357,0.55329,0.110007,-0.233463,-0.025613,0.271894,0.295205
0.006777,0.039551,0.368044,0.065683,-0.06914,0.401026,0.250973,0.170726,0.496797,-0.047318,-0.190742,0.059597,0.487592,0.18394
0.362219,-0.073568,0.216064,0.219394,-0.132342,0.248659,-0.041337,0.346587,0.525866,0.048827,-0.099371,0.072789,0.310748,0.289907
-0.007374,0.003581,0.420226,0.206509,0.091547,0.216778,0.019938,0.236028,0.606985,0.112056,-0.092444,0.072458,0.239348,0.36131
-0.105259,0.019457,0.333525,0.076531,-0.008838,0.395706,0.322104,0.28673,0.425758,0.064726,-0.34155,-0.109056,0.415005,0.068861
-0.031404,-0.191145,0.37819,0.114632,0.02124,0.436162,0.256614,0.068111,0.506124,0.115121,-0.212593,-0.120105,0.461483,0.111859
-0.098378,0.11403,0.404429,0.175522,-0.015722,0.42785,0.253488,0.134186,0.608184,0.130247,-0.316259,-0.10501,0.503951,0.007442
-0.548884,-0.433602,0.716725,0.303002,0.378794,0.52559,-0.064677,-0.030217,0.755503,0.177557,-0.121758,0.178005,0.190277,0.355687
-0.168933,-0.086994,0.448307,0.082071,0.174281,0.322754,0.136533,0.355264,0.436402,0.059805,-0.104877,-0.002433,0.306156,0.272865
-0.036279,0.05763,0.279142,0.025048,-0.071566,0.518241,0.343653,-0.00029,0.578801,0.155799,-0.212164,0.074487,0.402536,0.193792
0.223922,0.143146,0.032148,0.099665,-0.121802,0.414429,0.199061,0.140903,0.595418,0.067393,-0.351354,0.06587,0.482213,0.417328
-0.07022,-0.044167,0.361561,0.139931,-0.018291,0.481686,0.199469,0.07225,0.627639,-0.034105,-0.09686,0.167293,0.469413,0.235186
-0.362702,0.054847,0.284568,0.160941,0.134698,0.489355,0.173315,-0.17735,0.835694,0.170823,-0.260353,-0.036485,0.513782,0.252386
0.116162,-0.097369,0.372583,0.142065,-0.111379,0.431682,0.037455,0.113183,0.655333,0.071267,-0.065091,0.023631,0.533923,0.156088
0.201536,-0.052408,0.334673,0.133445,-0.196504,0.342345,-0.028415,0.221453,0.491199,0.150984,-0.066243,0.092632,0.324029,0.291291
-0.015102,-0.192695,0.390871,-0.002854,0.00937,0.540084,0.314996,0.342508,0.328874,0.05122,-0.156252,-0.10166,0.296755,0.285771
0.106197,-0.029944,0.390134,0.172354,-0.188985,0.246388,0.314101,0.037463,0.65716,0.105971,-0.25188,-0.058871,0.314122,0.301024
-0.12034,-0.14202,0.426641,0.236293,-0.028612,0.480578,0.065128,0.194479,0.644528,0.091007,-0.209761,0.035986,0.443497,0.245508
0.150288,-0.174522,0.482341,0.091189,-0.110384,0.336248,0.22697,0.318233,0.393869,0.052155,-0.171138,-0.021551,0.362246,0.301185
-0.049702,-0.120495,0.260028,0.253036,0.033605,0.387156,0.138933,0.23717,0.645237,0.018,-0.283963,0.014232,0.412694,0.18955
0.110472,0.130658,0.231582,0.166004,-0.066269,0.320815,0.181461,0.114864,0.639789,0.116664,-0.215842,-0.006146,0.332478,0.284534
-0.086466,0.00547,0.320776,0.158835,-0.072274,0.302214,0.239553,0.302846,0.244092,0.180942,-0.160111,-0.129911,0.335899,0.142207
-0.019367,0.06733,0.361744,0.096422,-0.113343,0.456437,0.327668,0.085417,0.476264,0.190681,-0.251093,-0.104073,0.519071,0.161124
-0.292926,0.199156,0.377851,0.105271,0.110265,0.353739,0.054858,0.214369,0.645605,0.033518,-0.090345,0.079532,0.286074,0.399867
0.152661,-0.011638,0.476056,0.194002,-0.216711,0.177989,0.013961,0.118325,0.688758,0.245214,-0.223528,0.003318,0.162859,0.259213
-0.044896,0.018576,0.370673,0.113131,-0.080648,0.391401,-0.145654,-0.107468,0.842627,0.213794,-0.07126,0.166672,0.290176,0.341985
0.22253,-0.173339,0.382599,0.034002,-0.04977,0.485821,0.182527,0.084399,0.544575,0.177601,-0.149036,0.023948,0.491118,0.129684
0.108115,-0.017211,0.409305,0.130908,-0.147285,0.382625,0.160343,0.407405,0.346623,0.135268,-0.273897,-0.19322,0.678776,0.002636
-0.129733,-0.055424,0.284532,0.180312,0.145582,0.283265,0.357357,-0.173094,0.754568,-0.020412,-0.352177,0.002727,0.091828,0.419573
0.179413,-0.178987,0.487932,0.006458,-0.212133,0.415448,0.184165,0.304238,0.459458,0.094433,-0.242121,-0.067704,0.454694,0.149221
-0.047527,-0.011043,0.37098,0.095058,0.030653,0.392842,0.112799,0.076685,0.656057,0.159761,-0.091201,0.094729,0.396652,0.327126
0.075715,-0.018364,0.32078,0.08368,-0.138996,0.379817,0.162501,0.152509,0.46085,0.218187,-0.14672,-0.05283,0.404042,0.249624
-0.03007,-0.16834,0.403617,0.163197,-0.001465,0.386844,0.097977,0.286779,0.589933,0.039715,-0.303974,0.05469,0.134494,0.462297
-0.033809,-0.016773,0.339825,0.181625,-0.08947,0.431405,0.196045,0.214074,0.605817,0.142897,-0.294916,-0.048129,0.354333,0.253587
-0.031758,-0.144149,0.550263,0.057028,-0.13974,0.304549,0.217001,0.282004,0.517536,0.039888,-0.280103,0.009245,0.276968,0.223876
0.0943,0.186128,0.159385,0.19148,-0.099488,0.241571,0.291867,0.167824,0.358359,0.209243,-0.155428,-0.095705,0.207665,0.381442
-0.141047,-0.067742,0.331483,0.152466,0.133923,0.480891,0.190222,0.318001,0.418056,-0.116826,-0.276471,0.170442,0.454998,0.272234
0.190789,0.076529,0.235275,0.118608,-0.287011,0.429129,0.280537,0.252994,0.31871,0.046804,-0.231456,-0.068986,0.429023,0.272816
0.002985,-0.139787,0.374515,0.17998,0.013083,0.345714,0.051314,0.147174,0.666482,-0.037987,-0.129045,0.073701,0.275209,0.390938
-0.060321,0.004584,0.31088,0.128925,-0.015956,0.445006,0.162691,0.207038,0.51414,0.046544,-0.173399,-0.026602,0.531512,0.097433
0.080404,0.03155,0.297555,0.154567,-0.036754,0.365431,0.118772,0.198018,0.62709,0.135871,-0.286558,0.080818,0.477394,0.296033
0.194983,-0.22889,0.162085,0.075683,0.08751,0.516785,0.381061,0.084851,0.511216,0.109275,-0.26729,0.073253,0.260363,0.427942
0.130475,-0.232471,0.284439,0.213627,0.041343,0.438756,0.148535,0.346492,0.359271,0.003491,-0.034456,0.038123,0.389178,0.324102
-0.164098,-0.052725,0.418347,0.187207,-0.038957,0.476808,0.296817,0.094139,0.571796,0.157455,-0.288292,-0.027885,0.522462,0.240191
-0.196865,0.020415,0.277043,0.18092,0.110347,0.421104,0.198054,-0.139432,0.827178,0.07114,-0.127908,0.032964,0.423627,0.284016
0.1103,-0.158417,0.173284,0.186196,-0.004721,0.620557,0.210099,0.180281,0.377411,0.160298,-0.157136,0.063471,0.37541,0.215371
0.438526,-0.052829,0.237293,0.134648,-0.249398,0.358196,0.227101,0.127618,0.499166,0.101132,-0.147819,-0.002739,0.544494,0.137951
0.017336,-0.134593,0.316326,0.068141,-0.068787,0.445708,0.038564,0.296688,0.363053,0.216733,-0.121387,-0.046683,0.294433,0.316006
-0.192608,-0.093574,0.329913,0.183604,0.07243,0.456938,0.286056,0.124471,0.383531,0.200936,-0.285459,-0.028266,0.441007,0.171265
0.204444,0.01672,0.329755,0.162208,-0.200123,0.367605,0.111428,0.315273,0.636845,0.06564,-0.337499,0.045854,0.295625,0.40485
0.04075,-0.020971,0.105302,0.189118,-0.112667,0.339352,0.37729,0.314709,0.389957,0.079198,-0.273358,-0.172183,0.282499,0.273125
0.272804,-0.236268,0.352212,0.195874,-0.04539,0.351068,0.078554,0.25507,0.412509,0.203746,-0.150336,0.001282,0.341158,0.303514
-0.016696,-0.02622,0.301922,0.170816,-0.020066,0.349776,0.216409,0.118722,0.545261,0.127457,-0.19706,-0.142924,0.355541,0.262315
0.016686,-0.044143,0.206008,0.137737,-0.031633,0.508137,0.297436,0.318204,0.521728,-0.021846,-0.299331,-0.099774,0.510003,0.224689
0.039482,0.035978,0.36076,0.136202,-0.150934,0.374629,-0.005154,0.05864,0.687441,0.163101,-0.170218,0.074528,0.362505,0.319978
0.050259,-0.111912,0.34734,0.241399,-0.078539,0.409699,0.09027,0.158913,0.72092,0.007846,-0.195249,0.01939,0.372945,0.209632
0.108062,0.024094,0.303358,0.154071,-0.099229,0.355519,0.445063,0.211984,0.286701,0.073167,-0.273495,-0.119667,0.415606,0.173721
-0.079092,-0.109045,0.375244,0.222368,0.015533,0.391638,0.406378,0.372772,0.245525,0.101941,-0.245525,-0.052673,0.444705,0.3265
0.016419,0.077094,0.359801,0.137806,-0.161187,0.254539,0.178367,0.052678,0.665868,0.063599,-0.112974,0.000131,0.239723,0.354538
0.027501,-0.138382,0.435481,0.091884,-0.063613,0.396538,-0.056527,-0.117866,0.811238,0.169382,0.011924,0.135219,0.22229,0.522911
-0.107585,-0.168112,0.309846,0.274944,0.100495,0.419983,0.087834,0.262784,0.622964,0.008767,-0.381903,0.056906,0.317293,0.429515
-0.023861,-0.131768,0.261842,0.118116,0.015487,0.531977,0.129965,0.204069,0.426789,0.200322,-0.151833,0.025249,0.386706,0.214674
-0.041714,-0.045327,0.250703,0.188315,0.08677,0.340079,0.062818,0.17906,0.540473,0.141891,-0.11438,-0.062614,0.263279,0.255475
0.022701,-0.092474,0.308621,0.071382,-0.085209,0.363557,0.258781,-0.079701,0.839427,0.04671,-0.328433,0.028677,0.329266,0.376416
0.025735,-0.080254,0.314982,0.251628,0.026317,0.30205,0.165648,0.179041,0.470213,0.052943,-0.100206,0.06519,0.391213,0.223006
0.489271,0.122376,0.18827,0.182424,-0.432018,0.163525,0.345443,0.21809,0.369146,0.235456,-0.288203,-0.119367,0.328092,0.16535
0.180674,0.013908,0.122959,0.086686,-0.146841,0.478043,0.362471,0.199927,0.435838,0.02668,-0.340959,-0.127916,0.537179,0.223253
-0.107767,0.1039,0.403273,-0.079101,-0.077681,0.364435,0.4374,-0.094339,0.548115,0.215006,-0.174112,-0.134327,0.426711,0.282448
-0.035266,0.052097,0.261764,0.15811,-0.039404,0.394195,0.1588,0.133791,0.491995,0.161956,-0.165714,0.085061,0.373547,0.462027
-0.063169,0.017932,0.222927,0.197055,-0.098514,0.455789,0.172355,-0.060987,0.711367,0.174517,-0.273353,-0.04852,0.411857,0.360555
-0.15657,-0.167727,0.382811,0.150827,-0.0097,0.565933,0.149615,0.128951,0.496681,0.197324,-0.044022,-0.062385,0.343356,0.21064
-0.155747,-0.010794,0.284696,0.219764,0.033336,0.343677,-0.008372,0.084955,0.644411,0.039243,-0.089378,0.188143,0.276571,0.41127
0.115915,0.049345,0.268865,0.18666,-0.131851,0.265341,0.436481,-0.064126,0.608404,0.109912,-0.307425,0.023661,0.356993,0.179
0.187366,-0.02532,0.193989,0.175676,-0.031573,0.248973,0.315841,-0.123294,0.789357,0.007376,-0.083459,-0.140372,0.133185,0.410042
0.071017,-0.300166,0.570701,0.10518,-0.164403,0.43502,0.411072,0.295508,0.526623,-0.06142,-0.36621,-0.032479,0.545212,0.229001
-0.379734,-0.003641,0.307255,0.09237,0.361677,0.433232,0.337793,0.457309,0.163809,0.158263,-0.330675,-0.213493,0.341136,0.163141
-0.170347,-0.056839,0.367224,0.09096,0.028553,0.437383,0.017965,0.265892,0.699824,-0.025862,-0.262108,0.006561,0.295746,0.37692
-0.028054,-0.258656,0.330859,0.255775,0.02765,0.415142,0.074368,0.263122,0.303371,0.360178,-0.169963,-0.119673,0.397603,0.238928
-0.133829,-0.032753,0.347306,0.070109,0.03256,0.501681,-0.000984,0.151422,0.470019,0.156329,-0.122857,0.132639,0.330566,0.237904
0.058917,0.060503,0.302171,0.199535,-0.095444,0.393669,0.271306,0.250791,0.413254,0.182268,-0.138029,-0.060613,0.48561,0.162244
0.198117,-0.119223,0.23835,0.089213,0.01289,0.361596,0.244738,0.418341,0.422343,0.06205,-0.281879,-0.08894,0.1786,0.282509
-0.011454,-0.015822,0.369466,0.11807,-0.043113,0.531574,-0.080878,0.102053,0.71126,0.216902,-0.091711,0.109192,0.415689,0.116024
0.133756,-0.063599,0.267892,0.186536,-0.065476,0.390651,0.207721,0.296358,0.296766,0.090869,-0.194339,0.019255,0.482122,0.121648
0.000168,-0.055388,0.405057,0.109034,-0.055861,0.435242,0.276879,-0.027496,0.399301,0.345304,-0.107336,-0.062525,0.451285,0.098784
0.111571,-0.102055,0.336465,0.196765,-0.07897,0.354865,0.177801,0.094068,0.738868,0.200683,-0.320356,0.021081,0.425651,0.322286
-0.01578,0.027629,0.156485,0.220756,-0.002044,0.248979,0.216134,0.097073,0.651702,-0.001232,-0.240026,0.151986,0.110517,0.336629
0.041717,-0.172856,0.287849,0.239009,0.05066,0.365167,0.510024,0.481165,0.172048,0.152388,-0.508886,-0.110628,0.441161,0.278899
-0.038825,-0.179553,0.354864,0.23603,0.005085,0.403367,-0.043687,0.514312,0.49147,0.007298,-0.273472,-0.015256,0.474043,0.347186
-0.089044,-0.020819,0.32062,0.319405,-0.074196,0.428799,-0.191714,-0.213155,1.100668,0.270366,-0.150387,0.045165,0.490394,0.236661
-0.157319,-0.044828,0.330515,0.083536,0.016896,0.480781,0.34102,0.220689,0.560781,0.110213,-0.375611,-0.105642,0.410525,0.415578
-0.248634,0.039701,0.28695,0.21339,0.060982,0.425564,0.126009,0.26954,0.504585,0.037654,-0.185909,0.062056,0.303943,0.365347
-0.171483,0.005651,0.440879,0.125815,-0.011047,0.33847,0.05644,0.269632,0.610183,0.0549,-0.186937,-0.016057,0.304904,0.473017
-0.033076,-0.045439,0.255336,0.160793,0.287333,0.277724,0.344193,0.100372,0.466498,0.117285,-0.176067,0.048568,0.108945,0.423533
0.121534,0.155367,0.229561,0.219798,-0.056847,0.3205,0.353891,0.049653,0.640247,-0.039657,-0.304775,-0.061576,0.452412,0.103809
0.084587,0.012955,0.145743,0.151131,-0.092113,0.439348,0.220188,0.099737,0.374098,0.176555,-0.047041,0.09425,0.53942,0.292905
0.041485,-0.135884,0.368778,0.047861,-0.156068,0.371327,0.235298,0.187136,0.472527,0.156457,-0.192586,-0.053623,0.453769,0.330848
-0.231184,0.071187,0.112622,0.145911,0.111697,0.535469,0.300467,-0.11538,0.834114,0.14781,-0.377476,0.036127,0.442426,0.35864
0.064421,-0.074825,0.396976,0.149919,-0.072771,0.20556,0.057096,0.008403,0.631289,0.137434,-0.108062,0.082823,0.130564,0.352436
-0.175522,-0.077938,0.190346,0.268341,0.120359,0.406272,0.073649,0.025396,0.805625,0.052054,-0.121464,0.049692,0.082744,0.487193
-0.242071,0.198705,0.125589,0.097956,0.113576,0.406061,0.130471,-0.017308,0.548561,0.235018,-0.207815,0.066971,0.323099,0.27868
-0.220603,-0.258134,0.60241,0.178887,-0.028838,0.411614,0.03455,0.003455,0.663699,0.216017,-0.144129,0.038062,0.331186,0.332443
0.27689,-0.214256,0.320087,0.087369,-0.104759,0.457468,0.098843,0.408535,0.382075,0.099451,-0.175712,0.002901,0.483242,0.30707
-0.042856,-0.239919,0.375732,0.110324,-0.00103,0.481118,0.095146,-0.005489,0.823805,0.035517,-0.18497,0.126694,0.325876,0.435302
0.068839,-0.098619,0.301175,0.122627,0.049047,0.378958,0.05443,0.269883,0.507782,0.12297,-0.178227,0.106879,0.211818,0.37647
0.065223,-0.277291,0.40024,0.214446,0.050469,0.419406,0.143761,0.110727,0.587635,0.172106,-0.081677,-0.050755,0.305475,0.273682
-0.107764,0.013652,0.321659,0.109717,0.093273,0.420242,0.145476,0.280414,0.485854,0.079968,-0.204211,0.12397,0.239873,0.437489
0.210664,-0.164343,0.157511,0.395447,-0.153242,0.267931,0.202305,0.327166,0.574195,0.018738,-0.305823,-0.13938,0.383127,0.309492
0.130998,0.00686,0.337131,0.124625,-0.125949,0.215273,0.135162,0.190584,0.500062,0.073174,-0.13908,-0.063953,0.353389,0.210994
-0.182947,0.013599,0.443599,0.150628,0.083405,0.434622,0.066919,0.249261,0.440801,0.142664,-0.194876,0.08524,0.354505,0.181182
0.00014,0.026405,0.430567,0.205943,-0.062332,0.251385,0.160186,0.062346,0.588391,0.197427,-0.074649,-0.090098,0.478134,0.091961
0.132604,-0.184422,0.456613,0.167133,-0.130328,0.247046,0.035228,0.271586,0.352412,0.198961,0.006924,-0.04664,0.272237,0.051225
0.107686,-0.01334,0.219224,0.215683,-0.032789,0.210237,0.146093,0.416888,0.558553,-0.037191,-0.278601,0.024487,0.323193,0.313017
0.057574,0.160728,0.272325,0.123017,-0.194164,0.342108,0.316355,0.338303,0.341622,0.060787,-0.207664,-0.125883,0.476147,0.13594
0.089025,-0.008846,0.295098,0.066255,-0.128376,0.434427,0.149056,0.058521,0.600496,0.150229,-0.093139,0.080942,0.425359,0.341308
0.018106,-0.175034,0.490974,0.240492,-0.151399,0.279095,0.166041,0.063507,0.482072,0.250771,-0.261933,-0.144298,0.459777,0.016398
0.052745,-0.05051,0.296676,0.185092,-0.05765,0.347646,0.060406,0.338242,0.465319,0.087381,-0.079748,0.052607,0.30899,0.318198
0.125791,-0.148396,0.388694,0.167584,-0.106582,0.343555,0.083023,-0.05161,0.623081,0.082163,-0.099064,0.170317,0.361206,0.335029
-0.153066,-0.137399,0.601294,0.163285,-0.080572,0.403238,-0.15124,0.088624,0.804824,0.172631,-0.182703,0.046368,0.471415,0.2194
0.26413,0.017196,0.232944,0.312925,-0.326475,0.29675,0.249063,0.277427,0.407776,0.070873,-0.30667,-0.071563,0.432116,0.081439
-0.172269,-0.069861,0.550468,0.055119,0.137909,0.239506,0.133712,0.133503,0.591454,0.139995,-0.174188,0.004057,0.166548,0.226556
0.203676,-0.248767,0.481213,0.111002,-0.137206,0.440799,0.217815,0.08635,0.527466,0.176082,-0.298892,0.050115,0.443686,0.226872
0.109452,-0.157699,0.341214,0.175085,-0.142679,0.36036,-0.202111,0.386445,0.505685,0.099822,-0.045253,0.112361,0.400448,0.317414
-0.021149,-0.087103,0.331251,0.194442,-0.105103,0.374032,0.430134,0.067649,0.492535,0.257567,-0.296176,-0.154857,0.558931,0.196432
-0.011858,-0.271744,0.418965,0.23552,0.060774,0.484668,-0.064421,0.294981,0.459547,0.252247,-0.219464,0.046998,0.451066,0.113443
0.24022,-0.00127,0.390464,0.096659,-0.315206,0.344095,0.246456,0.289726,0.425224,-0.029421,-0.355673,0.089266,0.389912,0.268904
-0.054866,-0.173974,0.386387,0.095655,0.017011,0.396265,0.116342,0.29828,0.314775,0.100956,-0.180118,0.011873,0.317389,0.149837
-0.041332,0.009654,0.367558,0.262722,-0.063026,0.232682,0.135558,0.005813,0.670716,0.180714,-0.203132,-0.005067,0.342415,0.293833
-0.20773,-0.01181,0.454697,0.232558,0.119846,0.346325,-0.004685,0.032303,0.707883,0.151429,-0.163108,0.065505,0.261117,0.199535
0.122201,-0.160663,0.464377,0.000548,0.017915,0.291965,0.346267,0.27486,0.321699,0.021101,-0.238264,-0.016918,0.444734,0.308917
0.094627,-0.143694,0.313106,0.192823,-0.108816,0.379727,0.232551,0.182099,0.404609,0.206917,-0.187789,-0.015685,0.282587,0.475987
-0.222682,-0.162992,0.599765,0.241555,0.116712,0.327588,0.209434,0.163553,0.509041,0.159378,-0.197241,0.006988,0.283578,0.23287
-0.191013,-0.095678,0.395147,0.14685,0.057844,0.326174,0.017787,-0.007892,0.786843,0.248064,-0.297919,-0.035433,0.116467,0.401695
0.015794,-0.108855,0.485471,0.187602,0.093727,0.230225,0.378161,0.133483,0.607462,-0.065492,-0.223956,-0.085669,0.182672,0.435058
0.138441,-0.097874,0.297302,0.150925,-0.067437,0.257755,0.366778,0.218676,0.338915,0.074512,-0.159433,-0.09243,0.26223,0.189889
0.035624,-0.208573,0.517957,0.088459,-0.160999,0.363582,-0.12127,0.485753,0.422,0.109856,-0.031287,0.024789,0.415879,0.30053
-0.124402,-0.024306,0.337744,0.144581,0.071492,0.473975,0.128617,0.336682,0.397789,0.260829,-0.201449,-0.139652,0.396165,0.204784
-0.068353,0.040176,0.341005,0.084525,-0.035313,0.303493,0.09648,0.046802,0.641561,0.194095,-0.068731,0.002901,0.190022,0.514308
0.077828,-0.064661,0.406599,0.098176,-0.151547,0.453586,0.08799,-0.034292,0.665192,0.181412,-0.164268,0.134877,0.551219,0.255999
0.040542,-0.127835,0.22966,0.164409,-0.047698,0.480219,0.141405,0.173736,0.393784,0.138869,-0.077827,0.018808,0.428405,0.320734
-0.247902,0.045523,0.38829,0.223669,-0.076628,0.327036,-0.107835,0.435302,0.549528,0.108565,-0.241486,-0.004115,0.293726,0.267215
0.261068,-0.009589,0.310531,0.271881,-0.252332,0.062124,0.260996,-0.034241,0.772254,0.088304,-0.228419,-0.036395,-0.016871,0.407835
-0.105783,0.16421,0.260432,0.15243,-0.111725,0.314968,0.195017,0.148126,0.716566,-0.040481,-0.116033,0.036245,0.248799,0.30454
-0.397489,0.177436,0.248477,0.046735,0.081774,0.554501,-0.046375,0.100747,0.65169,0.13305,-0.156839,0.047219,0.519513,0.22117
-0.225831,0.004828,0.315531,0.105628,0.061519,0.393341,0.308867,-0.111403,0.723091,0.113932,-0.223821,-0.070871,0.228619,0.33046
-0.140179,0.182986,0.27151,0.094671,0.004136,0.380931,0.201545,-0.042837,0.671588,0.112499,-0.180015,0.035623,0.340064,0.285468
0.205698,-0.135633,0.4438,0.27901,-0.310407,0.273989,0.40136,0.124562,0.513297,0.222115,-0.278346,-0.152362,0.412508,0.147827
-0.044603,0.127314,0.3774,0.068273,-0.137454,0.428741,0.070113,0.15133,0.554296,0.048875,-0.134611,-0.001938,0.45051,0.143405
-0.003664,-0.044334,0.313895,0.065793,-0.076469,0.547485,-0.00658,0.205491,0.675532,0.108317,-0.202269,-0.032636,0.572435,0.161706
-0.022956,-0.347233,0.490347,0.156145,-0.051841,0.640915,0.089765,-0.004649,0.489939,0.249255,-0.210053,0.096563,0.57653,0.139505
0.028934,-0.076074,0.3891,0.030258,-0.034142,0.304648,0.219486,0.231473,0.46589,0.138832,-0.175479,-0.026344,0.36508,0.293897
-0.013379,-0.129423,0.331608,0.202686,-0.001657,0.221645,0.192893,0.121141,0.712108,0.075073,-0.260775,-0.107345,0.184658,0.233398
0.011016,-0.04577,0.244563,0.23529,-0.012545,0.340657,0.163989,0.323433,0.444575,0.042976,-0.264908,0.017415,0.26036,0.496072
-0.276057,-0.168178,0.344023,0.163768,-0.013319,0.621099,0.226826,0.37525,0.26182,0.170173,-0.146128,-0.032101,0.434072,0.388969
0.189156,-0.18729,0.271756,0.061487,-0.069865,0.482786,0.17472,0.28349,0.481975,0.048253,-0.146246,0.028752,0.444209,0.324705
0.072849,-0.036403,0.33005,0.189652,-0.005297,0.32307,-0.047259,0.288326,0.446559,0.297322,-0.098079,0.008216,0.379217,0.122046
-0.268688,-0.026648,0.184871,0.072389,0.154246,0.517527,0.313515,0.189485,0.442933,0.188907,-0.258191,-0.104023,0.293029,0.15215
0.044912,-0.188184,0.336636,0.070074,-0.000805,0.624261,0.10892,0.411093,0.379371,0.025304,-0.174217,0.027861,0.640653,0.175487
0.091602,-0.160992,0.47617,0.262839,-0.113758,0.18449,-0.188418,0.313291,0.674355,-0.012591,-0.108441,0.08403,0.215748,0.412222
-0.063863,-0.002647,0.177926,0.148701,0.042756,0.513952,0.231269,0.499776,0.376708,-0.063692,-0.299474,-0.033691,0.435806,0.392253
-0.255272,-0.053205,0.324796,0.193116,0.112773,0.49071,-0.031561,0.050346,0.76048,0.013658,-0.163202,0.162892,0.311248,0.436142
0.159495,-0.239149,0.258683,0.2074,0.04976,0.380235,0.273461,0.077469,0.550432,0.182408,-0.244944,0.068374,0.264413,0.411498
0.117779,-0.028617,0.484505,0.091939,-0.187753,0.238954,0.178717,0.183066,0.686764,-0.013224,-0.150734,-0.09197,0.471388,0.090721
0.008472,-0.08766,0.45207,0.166132,-0.063079,0.312443,0.049376,0.241912,0.392094,0.197688,-0.126495,-0.07099,0.402474,0.130748
0.096229,-0.200871,0.391362,0.146144,-0.021011,0.437847,0.335813,0.321501,0.458152,0.019555,-0.248497,-0.092668,0.47255,0.309506
-0.010339,-0.179945,0.37192,0.24159,0.108949,0.335378,0.074783,0.498394,0.364086,0.12026,-0.263341,-0.085938,0.223244,0.193165
0.059513,-0.070625,0.370412,0.177801,-0.003917,0.404738,0.207523,0.102625,0.593393,0.042319,-0.292716,0.109709,0.476473,0.335661
-0.119568,-0.079888,0.31994,0.279208,0.212008,0.244697,0.161415,0.3909,0.45798,0.066021,-0.297746,-0.183555,0.374028,0.253623
-0.138925,-0.00217,0.397379,0.152242,-0.050064,0.355251,0.127201,0.26208,0.603889,0.051426,-0.300315,-0.111703,0.481423,0.238087
-0.16211,-0.091122,0.377281,0.047434,0.045765,0.576305,0.083037,0.075861,0.652551,0.12996,-0.087393,0.048575,0.521297,0.115705
0.138385,0.134366,0.242552,0.17217,-0.214829,0.222708,0.485887,0.411228,0.286759,0.009894,-0.281924,-0.055334,0.193887,0.518217
-0.409939,-0.156058,0.528335,0.175122,0.234393,0.469755,-0.128382,0.282921,0.528228,0.196744,-0.073009,0.055801,0.372319,0.285814
-0.042835,-0.096217,0.398706,0.139774,0.004042,0.429705,0.174673,0.26484,0.570319,0.075326,-0.200488,0.020282,0.310541,0.251974
0.103307,-0.051784,0.355045,0.156154,-0.163681,0.231216,0.347155,0.115551,0.575217,0.014181,-0.311991,-0.049053,0.239695,0.377347
0.040781,-0.109303,0.311368,0.092564,0.040218,0.479282,0.159393,0.280099,0.501318,0.066983,-0.256379,0.016261,0.419161,0.319351
-0.059771,-0.009542,0.409542,0.230438,-0.128742,0.275956,-0.090135,0.010159,0.703558,0.274754,-0.106619,-0.034664,0.444959,0.132295
0.026024,-0.109559,0.23096,0.22579,-0.048015,0.346531,0.303109,0.005094,0.581095,0.071139,-0.301097,0.030535,0.273464,0.380434
0.012388,-0.081844,0.271825,0.230768,0.117716,0.382136,0.155403,0.283788,0.412725,0.156623,-0.141984,-0.1037,0.251197,0.172606
-0.074423,0.117278,0.444576,0.151526,-0.059319,0.337339,-0.214427,0.010072,0.882131,0.123249,-0.045002,-0.002979,0.725272,-0.008246
-0.140008,-0.014098,0.322119,0.218234,0.020298,0.359283,0.310874,0.064977,0.481694,0.187343,-0.126858,-0.084608,0.278013,0.219912
-0.116543,0.113484,0.17166,0.269173,-0.023446,0.363449,0.176324,-0.017969,0.621754,0.130314,-0.095928,0.047453,0.39291,0.351588
-0.153175,-0.110166,0.593993,0.107427,0.054739,0.439447,-0.000418,-0.085683,0.884647,0.071277,-0.109535,0.198834,0.436413,0.228206
-0.046504,-0.265693,0.58489,0.159408,-0.013651,0.491081,0.126047,0.129901,0.591448,0.127095,-0.187232,0.089966,0.328245,0.400165
-0.139261,0.130757,0.270819,0.106901,0.064258,0.451441,-0.032779,0.207965,0.437254,0.269519,-0.040762,0.086855,0.464837,0.140229
-0.081689,-0.054813,0.183356,0.206005,0.063305,0.593643,0.234616,0.208377,0.496877,0.146356,-0.246952,-0.003458,0.446736,0.180912
-0.033596,-0.179774,0.421142,0.13255,-0.014279,0.326639,0.207212,-0.029114,0.710218,0.152426,-0.175327,0.007981,0.110539,0.193985
-0.100896,-0.215076,0.26674,0.26604,0.144649,0.3769,0.089852,0.311571,0.394047,0.193449,-0.285272,0.012568,0.307561,0.297772
-0.050633,0.045723,0.330164,0.189468,0.10679,0.321841,0.229064,-0.026094,0.554369,0.087151,-0.091768,0.039675,0.434279,0.267585
-0.317415,0.125454,0.352561,0.110747,0.06616,0.338359,-0.003419,0.063292,0.51768,0.225249,-0.043484,0.02906,0.212733,0.302779
-0.163086,-0.13741,0.698713,0.068878,-0.008908,0.302859,0.179309,0.055321,0.49942,0.186979,-0.138516,-0.063463,0.396215,0.113552
-0.066665,0.091863,0.350582,0.339354,-0.030709,0.253555,0.095162,0.245191,0.552689,0.197093,-0.19338,-0.09102,0.234364,0.384741
0.018365,-0.03651,0.178051,0.255981,-0.01274,0.359644,0.283995,0.312442,0.453421,0.089391,-0.283558,-0.202405,0.300562,0.268326
-0.046198,-0.043504,0.236072,0.172321,0.087399,0.403711,0.284678,0.110097,0.491641,0.080778,-0.085055,-0.009563,0.225267,0.331067
-0.345582,0.031532,0.392709,0.134932,-0.005383,0.395768,0.253802,0.258806,0.417185,0.102583,-0.217269,-0.064973,0.379643,0.351923
-0.148759,-0.089769,0.334368,0.05811,0.086007,0.502066,0.177681,0.293277,0.387107,0.024799,-0.160157,-0.037916,0.395875,0.061345
0.158298,-0.022718,0.349385,0.135434,-0.075141,0.232462,0.302533,0.246653,0.470785,0.022933,-0.318035,-0.057088,0.247404,0.317642
0.003213,-0.094865,0.497272,0.107627,-0.156468,0.405833,0.188054,0.023063,0.575353,0.26642,-0.260534,-0.006243,0.455553,0.076034
-0.059376,0.001679,0.441277,-0.06991,-0.128603,0.426558,0.111219,0.317635,0.421296,-0.025481,-0.21164,-0.042397,0.327326,0.183905
0.110649,-0.051417,0.241251,0.193313,-0.111374,0.285025,0.169061,0.07809,0.726581,-0.02863,-0.201569,-0.047747,0.237972,0.218079
0.051089,-0.063647,0.26599,0.150438,-0.000671,0.411401,0.315127,0.331777,0.346969,0.078889,-0.201338,0.000212,0.352135,0.330958
-0.135057,-0.126033,0.439975,0.172808,-0.069072,0.362223,0.047884,0.117619,0.697598,-0.01488,-0.189928,0.127891,0.260443,0.314534
0.047483,-0.109456,0.384662,0.255716,0.012771,0.302366,0.109091,0.054418,0.640317,0.047299,-0.221768,0.081826,0.333761,0.199968
-0.1093,-0.110525,0.428144,0.086617,-0.12343,0.552096,0.029326,0.001238,0.781255,0.090747,-0.207367,-0.046599,0.598674,0.084694
-0.123738,0.132253,0.15492,0.313283,-0.142191,0.239663,0.240621,0.007321,0.546379,0.368771,-0.222755,-0.171742,0.351316,0.20312
-0.085681,-0.042394,0.35485,0.231023,-0.003363,0.215313,0.199221,0.092152,0.534567,0.177872,-0.250379,-0.06729,0.271392,0.18814
-0.253986,0.038695,0.273478,0.241868,0.047259,0.410531,0.076179,0.306816,0.603491,0.049842,-0.257996,0.041317,0.315053,0.424087
-0.350066,0.083497,0.361002,0.083362,-0.009131,0.487847,-0.056228,0.208137,0.612573,0.049268,-0.062374,0.110495,0.352278,0.348805
-0.031826,-0.109314,0.347715,0.245477,0.0086,0.42758,0.299497,0.207152,0.389238,0.195715,-0.248738,-0.051213,0.390431,0.285704
-0.273886,0.059608,0.274748,0.079407,0.083032,0.340569,0.152185,0.190587,0.454821,0.123774,-0.13897,-0.150225,0.256066,0.236193
-0.143995,-0.152245,0.524639,0.108858,-0.029511,0.384085,0.020693,-0.001425,0.672427,0.10825,-0.092585,0.143779,0.219469,0.317436
-0.264852,-0.001008,0.385646,0.095906,0.059177,0.284374,0.105152,0.274968,0.464813,0.147052,-0.215772,-0.11492,0.269058,0.317297
-0.12193,0.021809,0.487585,0.105075,-0.121353,0.54195,-0.020498,0.063098,0.718878,0.068298,-0.087513,0.076164,0.681003,-0.185683
-0.064174,0.077306,0.345566,0.146259,-0.080579,0.404761,0.225982,0.059818,0.469681,0.34754,-0.158555,-0.147582,0.459592,0.192475
0.162892,-0.075141,0.420073,0.167785,-0.207843,0.335942,0.370957,-0.108038,0.535113,0.152895,-0.228183,0.014801,0.365681,0.066155
-0.07136,-0.154361,0.528696,0.229462,-0.000995,0.389184,0.20927,0.18965,0.461918,0.073612,-0.268061,0.056223,0.353326,0.357416
0.045049,0.108474,0.402319,0.174339,-0.144111,0.221344,0.213351,0.266154,0.470914,0.06719,-0.130374,-0.112695,0.378386,-0.062377
0.045375,-0.190983,0.257719,0.217528,-0.074255,0.576837,0.052036,0.158452,0.584376,0.170689,-0.170182,0.088626,0.451957,0.289983
0.013348,-0.009895,0.371527,0.15977,-0.1208,0.288608,0.28724,0.109554,0.492301,0.130705,-0.282175,-0.040339,0.311943,0.239396
-0.116878,0.171334,0.274502,0.095171,0.015344,0.495917,0.190209,-0.05077,0.668871,0.053021,-0.204264,0.009969,0.53014,0.129912
-0.211468,0.033278,0.436515,0.139453,-0.155227,0.421201,-0.054372,0.198052,0.666206,0.236229,-0.17863,0.047311,0.361511,0.250748
0.113902,-0.033136,0.350174,0.257857,-0.053973,0.135944,0.066696,0.200278,0.59493,0.124933,-0.134066,0.031708,0.050579,0.503422
-0.012659,0.078506,0.284798,0.139001,-0.055315,0.37146,0.127333,0.116934,0.387119,0.34214,-0.10079,0.011022,0.428141,0.111964
-0.130342,-0.304991,0.49518,0.149974,0.096455,0.449861,0.338085,0.028928,0.470754,0.183134,-0.197232,-0.013759,0.280012,0.324709
-0.171553,0.11012,0.421885,0.14543,-0.030203,0.232316,0.056963,0.313833,0.548381,0.036006,-0.195467,-0.022414,0.255235,0.319244
0.154037,-0.085583,0.419846,0.086464,-0.058585,0.416772,0.068109,0.017195,0.495281,0.31662,-0.051964,0.031638,0.455065,0.051547
0.049585,-0.035219,0.057084,0.121145,0.032158,0.466762,0.198488,0.142342,0.553086,0.059338,-0.102976,0.020129,0.324804,0.197397
0.015721,-0.139972,0.197161,0.130932,0.000246,0.480915,0.211793,0.385126,0.39898,0.09242,-0.2544,-0.110354,0.312081,0.372451
-0.185695,-0.111156,0.415851,0.181894,-0.107524,0.464642,0.092776,-0.015878,0.644713,0.160415,-0.125314,-0.058192,0.300401,0.218881
-0.327933,-0.203738,0.533092,0.255582,0.078603,0.414588,0.370237,0.384082,0.295405,0.122083,-0.376146,-0.040433,0.339509,0.316094
0.17198,-0.029764,0.136522,0.146926,-0.028275,0.31487,0.403988,0.28348,0.451862,0.05726,-0.317749,-0.13863,0.33247,0.275028
-0.207941,-0.061534,0.418446,0.271695,0.16384,0.31182,-0.166552,0.29005,0.568582,0.152279,-0.026141,0.092359,0.284033,0.277801
0.189294,-0.164989,0.369342,0.173117,-0.188103,0.461563,0.083789,0.202995,0.406343,0.197891,-0.110292,0.049268,0.464093,0.071304
0.008106,-0.094009,0.346092,0.102214,-0.027003,0.42883,0.093753,0.30173,0.537185,0.03133,-0.240455,0.035349,0.372479,0.269125
-0.014913,-0.205307,0.451272,0.071143,-0.056177,0.471385,0.029034,0.115488,0.708868,0.065969,-0.143015,0.007853,0.26419,0.17249
-0.246491,-0.054222,0.418553,0.24379,0.037432,0.275963,-0.004005,0.100474,0.775953,0.13937,-0.183426,-0.024664,0.089702,0.43781
-0.038766,-0.113005,0.353939,0.115885,0.123392,0.357164,0.287554,0.062803,0.508723,0.183084,-0.174466,0.11121,0.1611,0.441545
-0.035922,0.081581,0.244849,0.120709,-0.07042,0.479633,0.084297,0.009092,0.711343,0.172579,-0.155814,0.015032,0.462175,0.236243
0.15862,0.000713,0.175222,0.163259,-0.050912,0.410018,0.214429,0.251856,0.50826,-0.006993,-0.170353,-0.066316,0.455246,0.2
-0.074634,-0.18466,0.558531,0.19242,0.003426,0.426302,0.385339,0.208626,0.425904,0.188901,-0.315501,0.010896,0.521373,0.208883
0.181243,0.159615,0.329054,0.109178,-0.254466,0.332248,0.227894,0.202153,0.540757,0.099584,-0.162388,-0.123695,0.629029,0.137194
0.055958,-0.08897,0.400123,0.174902,-0.081595,0.253121,0.391018,0.310317,0.252676,0.258415,-0.20451,-0.162244,0.264795,0.22089
-0.096012,-0.050707,0.368427,0.03991,-0.021993,0.403731,0.258703,0.192692,0.604428,0.006371,-0.336479,0.048849,0.312419,0.303677
0.014971,0.036181,0.477079,0.105499,-0.193997,0.218516,0.128049,0.162488,0.52436,0.183741,-0.214218,-0.069177,0.519286,0.089451
-0.155422,0.134088,0.245671,0.022635,0.014937,0.46957,0.148218,0.063712,0.575664,0.085277,-0.127915,-0.063569,0.589716,0.111033
0.163595,-0.179327,0.396539,0.158629,-0.033459,0.289203,-0.007749,0.093958,0.660614,-0.000159,-0.12683,0.26061,0.146708,0.534579
-0.188189,0.023337,0.252968,0.205846,0.06149,0.369076,0.223923,0.107335,0.585255,0.057552,-0.260848,-0.04301,0.253214,0.305393
-0.124758,-0.059147,0.556219,0.146645,-0.114988,0.377693,-0.037006,0.25743,0.55353,0.19237,-0.181561,0.025568,0.45973,0.234578
0.255493,-0.206245,0.411405,0.170361,-0.250793,0.392142,0.273468,0.532634,0.310886,-0.00771,-0.381116,-0.151517,0.500243,0.207334
0.019963,-0.011031,0.1424,0.147673,-0.057237,0.450985,0.360381,-0.089383,0.673585,0.036364,-0.249352,0.056034,0.355403,0.370257
-0.093616,0.028997,0.338036,0.020979,0.070815,0.41768,0.201253,0.285494,0.513235,0.125028,-0.32049,-0.077522,0.420561,0.176746
0.105412,0.013708,0.144094,0.171013,-0.051563,0.296618,0.519829,0.311445,0.217938,0.137595,-0.240356,-0.162921,0.378446,0.269513
-0.039821,-0.101582,0.38872,0.148992,-0.20224,0.455508,0.083123,0.159159,0.484006,0.161813,-0.124382,0.021655,0.546028,0.171458
-0.194037,-0.070345,0.366523,0.157032,0.12907,0.420983,0.244639,0.190933,0.452095,0.128062,-0.214503,-0.090411,0.364979,0.271444
-0.061237,-0.1379,0.353998,0.072177,0.04229,0.374618,0.133637,0.098069,0.764059,0.096654,-0.20671,0.023175,0.258314,0.468306
0.221421,-0.050115,0.199257,0.082479,-0.089574,0.383022,0.170348,-0.027548,0.677458,0.200542,-0.241636,-0.063083,0.338192,0.241148
-0.104749,0.311584,0.109448,0.061544,0.129227,0.294543,0.377521,0.132605,0.487044,0.139514,-0.265967,-0.016414,0.248462,0.175098
0.044452,-0.058289,0.270709,0.152827,0.028813,0.292489,-0.011755,0.353124,0.511484,0.095258,-0.075348,0.031823,0.243632,0.221423
-0.092814,0.017268,0.184908,0.18956,0.069538,0.53522,0.169032,0.163437,0.629829,0.089227,-0.202637,-0.093695,0.535962,-0.000288
0.090006,-0.036064,0.522755,0.14345,-0.071126,0.113711,0.117084,0.171619,0.720904,0.057447,-0.229922,-0.064651,0.083164,0.302411
-0.058283,-0.041132,0.420715,0.13177,-0.036583,0.304763,0.323897,0.264336,0.489819,0.103394,-0.341805,-0.045286,0.238362,0.338099
0.034402,0.075402,0.420092,0.051184,-0.068947,0.309582,0.136563,0.35325,0.474128,0.101119,-0.175866,-0.107851,0.468429,0.120728
0.16963,0.097432,0.281556,0.125723,-0.090328,0.211701,0.04276,0.387077,0.468325,0.11478,-0.114234,-0.074443,0.368634,0.309137
0.137845,0.02167,0.290244,0.224286,-0.078601,0.288971,0.223773,0.219541,0.456009,0.123557,-0.030141,-0.097486,0.319129,0.21159
0.066315,-0.045222,0.413608,0.111938,-0.120695,0.316689,0.260201,0.138685,0.440206,0.156343,-0.330384,-0.196163,0.485748,-0.037993
-0.089346,0.000593,0.286812,0.276896,-0.127845,0.323282,0.213959,-0.172486,0.788363,0.045132,-0.152915,-0.086889,0.403253,0.231317
-0.160159,0.040074,0.356397,0.133753,0.083051,0.354478,0.038057,0.307358,0.649455,-0.021287,-0.178134,0.071176,0.179051,0.482947
0.039405,0.002058,0.278874,0.130509,-0.088919,0.279829,0.156982,0.442433,0.473576,0.05826,-0.404808,-0.009578,0.277677,0.301917
0.132577,-0.225031,0.472886,0.087587,-0.110412,0.296285,0.322951,0.081581,0.410454,0.186566,-0.231268,-0.045634,0.369882,0.264102
0.037272,-0.078215,0.431376,0.151078,-0.028674,0.407031,0.128632,0.383083,0.317165,0.19279,-0.25228,0.022778,0.365166,0.198072
-0.17525,-0.043634,0.372736,0.117122,0.065151,0.510987,-0.034056,0.345567,0.384888,0.27391,-0.200517,0.044933,0.500911,0.164965
-0.074854,-0.104958,0.269383,0.164962,0.000897,0.496621,0.043171,0.263591,0.605399,0.025757,-0.191262,-0.055557,0.402737,0.3648
0.002129,-0.188623,0.359623,0.177631,-0.01048,0.407125,0.262479,0.259426,0.493256,0.01602,-0.288022,-0.007994,0.385328,0.280246
0.206113,0.071694,0.30942,0.086503,-0.218086,0.404756,0.253806,0.390792,0.478194,0.04734,-0.310732,-0.016126,0.467683,0.214709
-0.060329,0.041182,0.378154,0.106887,-0.065351,0.447345,0.178785,0.076017,0.592345,0.292975,-0.283182,-0.070081,0.545294,0.040602
0.019522,-0.173291,0.475715,0.239451,-0.083411,0.362737,0.09841,0.224436,0.620436,0.014148,-0.124014,0.076449,0.251695,0.442418
-0.461388,-0.048864,0.355892,0.133524,0.471096,0.408492,0.200506,0.169842,0.525517,0.115784,-0.247664,0.156263,0.157952,0.457843
-0.011978,-0.001359,0.145488,0.100217,0.036283,0.434493,0.338143,0.359986,0.451812,0.010463,-0.352149,-0.101916,0.290386,0.268019
-0.07338,-0.036035,0.229619,0.17287,0.043658,0.45113,0.213278,0.056909,0.476079,0.311317,-0.175782,-0.032901,0.275385,0.384952
0.102182,-0.030123,0.311685,0.121195,-0.049656,0.403354,0.177718,0.166776,0.437574,0.204384,-0.194064,-0.06725,0.444463,0.155963
-0.110181,0.153133,0.249985,0.063952,-0.076285,0.452721,0.205647,0.193946,0.314504,0.255045,-0.150213,-0.04126,0.518836,0.171802
0.2498,-0.118997,0.500749,0.172813,-0.344432,0.019347,0.151745,0.081397,0.802019,0.049044,-0.255699,-0.08357,0.149626,0.388078
-0.125253,0.015021,0.295486,0.144788,0.065406,0.401841,0.198257,0.122964,0.63997,0.10158,-0.196202,-0.043183,0.305216,0.393404
-0.287036,0.097838,0.19989,0.260558,0.067041,0.43812,0.124972,0.173616,0.604026,0.117269,-0.248329,-0.001626,0.327305,0.292306
-0.084678,-0.091358,0.463025,0.249675,0.060511,0.19046,0.058743,-0.088948,0.738279,0.07971,-0.101813,0.010656,0.246987,0.153238
-0.111375,-0.065976,0.513975,-0.01581,-0.046071,0.491145,0.245507,0.232582,0.40362,0.042263,-0.178335,-0.056238,0.442399,0.136736
-0.051366,0.056346,0.096255,0.125631,0.110215,0.38741,0.102636,0.215888,0.459895,0.107984,-0.146627,0.078627,0.192978,0.386528
0.462066,-0.021092,0.658983,0.110356,-0.682155,0.097461,0.507225,0.275053,0.676646,0.074316,-0.599006,-0.262154,0.482518,0.1531
0.139922,-0.190952,0.408888,0.221194,-0.126515,0.353055,0.090816,0.213039,0.674157,0.019915,-0.274338,-0.032067,0.371108,0.238842
0.029155,-0.012473,0.27304,0.167691,-0.072486,0.421409,0.332917,0.25604,0.375745,0.104447,-0.209451,-0.126541,0.633678,0.218982
-0.242181,-0.058762,0.381859,0.085652,0.208056,0.416601,0.065649,0.20551,0.479482,0.08151,-0.180229,0.103107,0.322829,0.330389
-0.077724,0.002233,0.395824,0.177257,-0.006362,0.379427,0.221099,0.164882,0.452609,0.160383,-0.087193,0.02848,0.367762,0.223149
-0.18096,-0.041354,0.376162,0.148286,0.065962,0.318688,0.294474,0.102121,0.515681,0.138996,-0.176644,-0.079937,0.220461,0.313877
0.229973,0.011469,0.263228,0.22681,-0.15543,0.153807,0.096439,0.234527,0.55575,0.043706,-0.179728,0.138241,0.19976,0.444903
-0.124007,-0.203148,0.494505,0.179428,0.14157,0.470484,0.241931,-0.011558,0.730832,0.135844,-0.275362,-0.182278,0.346653,0.153686
0.029395,-0.118434,0.264747,0.162609,-0.071231,0.605321,0.225643,0.074667,0.535144,0.072878,-0.161497,0.099381,0.517342,0.176743
0.230211,-0.212876,0.333683,0.163621,0.0208,0.447026,0.244983,0.185099,0.32762,0.205389,-0.087541,-0.077869,0.491861,0.211289
-0.296702,-0.169205,0.765192,0.140271,-0.005656,0.332585,-0.151862,0.231574,0.67823,0.084015,-0.089278,0.037957,0.343415,0.174072
0.044251,-0.06501,0.420717,0.115423,-0.000543,0.383303,0.237181,0.010213,0.663565,0.096431,-0.152129,0.037453,0.409686,0.217951
0.022499,-0.100907,0.287853,0.137602,-0.005404,0.444999,0.205532,0.082521,0.432377,0.272778,-0.158767,-0.038619,0.341926,0.299116
-0.12113,0.180906,0.181311,0.143364,-0.030159,0.428481,0.160643,-0.016618,0.764497,0.096679,-0.15593,0.128091,0.380762,0.212528
-0.252726,-0.099922,0.547964,0.192701,-0.051002,0.419965,0.066132,0.385866,0.397109,0.109077,-0.114707,-0.005497,0.406466,0.394625
0.002612,-0.088467,0.449337,0.103142,-0.019651,0.305104,0.250827,0.362466,0.384498,0.010004,-0.171365,-0.161443,0.303294,0.419165
-0.147757,0.050969,0.355918,0.202935,-0.002156,0.313816,0.256971,0.223008,0.510241,0.252569,-0.304801,-0.006491,0.242664,0.403572
-0.174936,-0.322527,0.462326,0.205462,0.122545,0.504423,-0.002926,-0.005402,0.800821,0.155871,-0.256856,0.111057,0.340223,0.364224
-0.037725,-0.12084,0.320752,0.184636,-0.03327,0.482891,0.140808,0.264467,0.507986,0.225765,-0.310244,0.054503,0.385979,0.353793
0.240357,-0.044038,0.286679,0.159636,-0.162798,0.496453,0.389883,-0.053889,0.550978,0.325081,-0.306762,-0.047063,0.653251,0.056629
-0.099113,-0.112381,0.410452,0.162538,0.066008,0.348687,0.161913,0.391215,0.487316,0.092901,-0.206213,-0.087327,0.199671,0.237657
0.184261,0.093838,0.380872,0.086195,-0.124521,0.244774,0.2591,0.120182,0.68797,0.021046,-0.304613,0.075087,0.236673,0.572297
-0.081806,-0.158608,0.208289,0.225557,0.102874,0.48898,0.197606,0.265419,0.306565,0.140887,-0.165335,0.077026,0.386281,0.340594
0.060162,-0.185602,0.423297,0.046168,-0.153031,0.459455,0.149009,-0.035617,0.70578,0.194867,-0.226536,0.011711,0.479223,0.148269
-0.081538,-0.132062,0.405718,0.17535,0.056935,0.43076,-0.148423,0.171119,0.537685,0.197709,-0.074645,0.183712,0.410564,0.312698
-0.088845,-0.12871,0.43848,0.212659,-0.071179,0.354025,0.187911,0.130755,0.581386,0.26039,-0.245589,-0.069234,0.290366,0.186857
-0.121236,0.036186,0.329808,0.276298,-0.017634,0.346262,0.347146,0.070996,0.591176,0.123157,-0.306673,-0.036867,0.402787,0.176268
-0.161982,-0.044825,0.371558,0.177003,-0.063427,0.405391,0.411247,0.0221,0.502669,0.108566,-0.256778,-0.029053,0.403175,0.191347
0.130535,-0.058461,0.281133,0.147288,-0.107354,0.361802,0.289999,0.097207,0.569535,0.242072,-0.310057,-0.088631,0.35264,0.316369
0.233809,-0.015961,0.477414,0.204571,-0.3948,0.37917,0.057714,0.284842,0.404249,0.154697,-0.103702,0.025601,0.466098,0.100084
-0.016907,-0.041033,0.395691,0.195081,-0.059977,0.363203,0.096767,0.235607,0.556894,0.191065,-0.187166,-0.007863,0.398253,0.216811
0.06173,0.063561,0.461268,0.150308,-0.169558,0.258348,0.025541,0.117579,0.768919,0.08669,-0.195333,0.101266,0.189745,0.458693
-0.126993,-0.101171,0.408098,0.30785,0.060227,0.28017,0.116235,0.225442,0.560722,0.136584,-0.256215,0.047815,0.109712,0.490025
0.090488,0.060914,0.140446,0.115494,-0.074299,0.468942,0.156878,0.026853,0.702125,0.034439,-0.126921,0.024547,0.179911,0.305475
-0.169307,0.038934,0.410624,0.139237,-2.6e-05,0.419009,0.157856,0.034428,0.619314,0.232401,-0.177207,-0.044038,0.51108,0.147218
0.12054,0.029914,0.29777,0.282581,-0.06529,0.28299,0.253173,0.467596,0.302254,0.068149,-0.274652,-0.047715,0.393217,0.118125
-0.084598,-0.170577,0.50802,0.204912,0.053512,0.425748,0.409262,0.047855,0.362036,0.204785,-0.205057,-0.12328,0.428701,0.014854
-0.439295,0.070831,0.32432,0.161193,0.283165,0.424099,0.224916,0.037867,0.795576,-0.026392,-0.279615,0.045362,0.42908,0.270998
0.13972,-0.047535,0.381586,0.190984,-0.100527,0.306098,0.209202,0.293875,0.464456,0.12239,-0.153552,-0.122044,0.291186,0.134799
-0.06086,0.0175,0.325621,0.184658,0.132982,0.335935,0.239849,0.405212,0.362638,0.063497,-0.157962,-0.125816,0.356685,0.046478
-0.107265,0.04441,0.195831,0.162201,0.042492,0.473828,-0.014212,0.063568,0.807172,0.051654,-0.117536,0.109342,0.157268,0.31427
-0.205935,0.073164,0.203544,0.116656,0.233666,0.459332,0.214932,0.307299,0.545791,0.089785,-0.288022,-0.042864,0.399386,0.172047
-0.153352,-0.135942,0.412197,0.210514,0.022639,0.426427,0.059787,-0.020112,0.594958,0.312554,-0.136458,-0.06444,0.37724,0.18337
-0.161897,0.106977,0.286605,0.185789,-0.044562,0.32408,0.21263,0.360532,0.370009,0.121283,-0.230177,-0.073098,0.336028,0.259225
-0.085074,0.151664,0.353227,0.135047,-0.041582,0.409674,0.016085,0.260697,0.437764,0.343541,-0.076896,-0.052994,0.560705,-0.041103
0.115505,-0.121827,0.35229,0.185791,-0.143692,0.395808,0.070242,0.237563,0.515408,0.08951,-0.129077,0.074178,0.484347,0.204849
0.068973,-0.014703,0.353127,0.259468,-0.153957,0.307191,-0.089341,0.283156,0.469855,0.255289,-0.065537,-0.059563,0.344176,0.156612
0.100312,-0.005579,0.346831,-0.015161,-0.114638,0.380177,0.127429,0.080964,0.645691,0.049717,-0.008134,0.002119,0.410252,0.337773
-0.31056,-0.194854,0.689041,0.18216,0.008638,0.298084,-0.088975,-0.075251,0.94787,0.125815,-0.168363,0.073482,0.243492,0.323555
-0.235394,-0.168154,0.454627,0.163802,0.065038,0.509444,0.193997,0.360729,0.397983,0.103896,-0.160517,-0.050362,0.310739,0.437642
-0.129056,-0.119916,0.350274,0.164252,0.043404,0.385845,0.194691,-0.020883,0.714493,0.073192,-0.143654,-0.044511,0.338611,0.365544
0.053636,0.043434,0.292779,0.119573,0.080452,0.416234,0.138867,0.305769,0.425025,0.196449,-0.186724,-0.089946,0.612686,0.102106
-0.187599,-0.051224,0.236671,0.296867,-0.131321,0.541793,0.004951,-0.017683,0.611976,0.125172,-0.140517,0.072285,0.547368,0.189314
-0.101394,-0.098911,0.331909,0.179569,0.082439,0.395977,0.254434,0.27068,0.432132,0.197125,-0.218784,-0.241081,0.403609,0.092312
0.113289,-0.026036,0.305955,0.144308,-0.046851,0.300633,0.294775,0.19556,0.485501,0.083399,-0.325556,0.044606,0.318701,0.297612
0.043591,-0.071866,0.41136,0.171399,-0.161453,0.29704,0.095858,0.340253,0.576642,0.068714,-0.170486,-0.055823,0.367706,0.364154
0.140281,-0.01083,0.200435,0.022492,-0.079069,0.409729,0.105785,0.286483,0.537263,-0.000545,-0.144286,-0.032362,0.396683,0.269044
-0.304172,-0.081759,0.425917,0.130356,0.006611,0.435688,0.114353,0.104713,0.737377,0.211104,-0.171931,-0.200411,0.35665,0.23794
-0.175773,0.022533,0.135642,0.273107,0.006729,0.48799,0.058446,0.064424,0.664916,0.137861,-0.126015,0.096283,0.324526,0.430812
-0.110892,0.062799,0.335603,0.00892,-0.006009,0.287344,0.307729,0.219276,0.513983,0.067727,-0.253664,0.017854,0.157352,0.488239
0.079796,-0.334429,0.392836,0.240966,-0.001764,0.488842,0.214431,0.1644,0.53494,0.179433,-0.154551,-0.050439,0.379672,0.373066
0.075289,-0.078428,0.35934,0.200972,-0.074422,0.351986,0.233948,0.240526,0.400833,0.170517,-0.040344,-0.047814,0.22363,0.192376
-0.186423,-0.112382,0.255141,0.170106,0.12432,0.43988,0.241198,0.124199,0.640041,0.156593,-0.418228,0.089365,0.324208,0.288085
0.007028,-0.387633,0.370844,0.234543,0.032253,0.442165,0.021067,0.090812,0.702738,-0.009044,-0.155036,0.187264,0.259331,0.424125
-0.09182,-0.105438,0.265281,0.093946,0.123025,0.535672,0.210369,0.024638,0.718975,0.15623,-0.166686,-0.045915,0.265607,0.365486
0.176584,-0.090704,0.317344,0.044502,-0.13771,0.42486,0.441196,0.102867,0.40871,0.158972,-0.247651,-0.018483,0.465419,0.224367
-0.012433,0.002092,0.296115,0.052907,-0.008105,0.357798,0.304337,0.282735,0.417099,0.145668,-0.28716,-0.084343,0.282793,0.312534
-0.175745,0.021973,0.264805,0.190774,-0.087809,0.43569,0.248443,0.146338,0.689934,0.101681,-0.273818,-0.079109,0.387874,0.231425
-0.191751,-0.137885,0.583049,0.220917,0.052119,0.342401,-0.183198,0.201048,0.525486,0.263402,-0.001162,0.09741,0.406326,0.211404
-0.296943,0.120036,0.345673,0.160466,0.117622,0.40367,-0.007406,0.237894,0.625289,0.124335,-0.157764,0.108295,0.332128,0.391768
-0.10975,-0.039264,0.37007,0.221457,0.075593,0.243926,0.154436,0.092914,0.602249,0.171465,-0.152654,0.047876,0.27135,0.325669
0.047464,0.04416,0.435061,0.109536,-0.045728,0.369891,0.250912,0.128791,0.446997,0.168171,-0.189525,-0.097461,0.448035,0.202575
-0.114026,0.054549,0.198695,0.199144,0.041096,0.37582,0.006222,0.143042,0.756022,-0.006469,-0.167166,0.119176,0.283038,0.501782
-0.197143,-0.123087,0.397946,0.045008,0.176869,0.474065,-0.151302,0.372456,0.581453,0.10207,-0.064482,0.078499,0.25718,0.365254
0.061988,-0.103979,0.385088,0.185191,0.035026,0.404554,0.213055,0.131473,0.651925,0.060743,-0.209474,-0.083518,0.426155,0.19422
0.024157,-0.187755,0.38345,0.254358,0.057848,0.393376,0.013224,0.206047,0.616283,0.137854,-0.190829,0.133538,0.161992,0.428132
-0.127765,-0.094994,0.381433,0.21165,-0.032265,0.53938,0.096111,-0.019211,0.569189,0.204261,-0.08843,-0.022565,0.493847,-0.003698
-0.039118,0.083814,0.324885,0.122461,-0.21451,0.341099,0.246185,0.220736,0.404493,0.263729,-0.280201,-0.166518,0.413441,0.17675
0.202531,-0.039434,0.185262,0.223516,-0.090674,0.367318,-0.063685,0.38035,0.428808,0.221726,-0.161063,0.017876,0.342844,0.261095
0.044123,-0.11749,0.387882,0.176804,-0.011232,0.437861,0.201814,0.177346,0.383445,0.254383,-0.240614,-0.091085,0.541089,0.03788
-0.093775,-0.110347,0.354702,0.076057,0.054274,0.461667,0.14064,0.242297,0.574964,0.015261,-0.121734,0.033676,0.339309,0.44832
-0.066125,-0.081655,0.341445,0.031846,0.166236,0.401469,0.266037,0.180653,0.551398,-0.037865,-0.213583,0.013523,0.305403,0.278507
0.11939,-0.051916,0.198711,0.121556,-0.056465,0.390194,0.198014,0.307975,0.317726,0.112783,-0.195514,0.062913,0.443637,0.425936
0.202172,-0.110291,0.379887,0.146421,-0.105944,0.364138,0.2539,0.135583,0.637815,0.086497,-0.258402,0.028969,0.323335,0.24792
-0.190363,-0.013389,0.316151,0.094608,0.085641,0.417151,0.298472,0.058743,0.62512,0.128941,-0.212421,-0.028397,0.324705,0.504333
0.013226,-0.056181,0.405304,-0.024042,-0.030237,0.466525,0.152153,0.309809,0.484774,0.087898,-0.173898,0.073055,0.362366,0.315893
0.101937,-0.076044,0.349968,0.247648,-0.197597,0.31346,0.194919,0.360091,0.47709,0.155048,-0.304457,-0.12029,0.393224,0.11408
-0.058415,0.05655,0.224721,0.18207,0.0051,0.408981,0.265496,0.339301,0.519328,0.012358,-0.241994,-0.150971,0.321643,0.214081
0.037083,-0.126703,0.39081,0.232609,-0.005184,0.422718,0.167522,0.193172,0.429822,0.10153,-0.173939,0.064337,0.505676,0.147505
-0.076796,-0.091399,0.259085,0.237059,0.086376,0.385192,0.189927,0.38322,0.398346,0.123901,-0.261951,-0.136171,0.450398,0.163596
-0.149624,-0.114901,0.331449,0.173737,0.020604,0.46403,0.067934,0.122976,0.545831,0.186134,-0.129153,0.027068,0.366191,0.160678
-0.108687,-0.023975,0.569205,0.124872,-0.135682,0.286189,0.153016,0.359919,0.455967,0.095319,-0.248533,-0.113183,0.433636,0.225511
0.058067,-0.161015,0.324417,0.224329,-0.056388,0.419838,0.043221,0.096427,0.505496,0.238247,-0.073003,0.034265,0.313474,0.179768
-0.122117,-0.052232,0.397102,0.24732,-0.016091,0.31388,0.196773,-0.051346,0.62677,0.273151,-0.10117,0.016059,0.398634,0.279945
-0.051091,-0.204229,0.595261,0.115971,0.008905,0.331591,-0.041339,0.335588,0.627993,0.018417,-0.171091,0.035575,0.251532,0.578025
-0.039212,0.043241,0.351632,0.136974,-0.126112,0.411411,-0.063895,0.238096,0.469864,0.223235,-0.248938,0.051717,0.494517,0.145194
0.203934,0.023167,0.298261,0.191977,-0.395701,0.424153,0.219531,-0.031586,0.556043,0.168763,-0.121478,0.018477,0.391377,0.168838
-0.282377,0.073002,0.264759,0.291405,0.133989,0.269366,0.056186,0.165468,0.593769,0.114426,-0.125323,0.095103,0.220392,0.521387
0.208276,0.038131,0.17802,0.196547,-0.148689,0.351796,0.196485,0.222095,0.521714,0.009766,-0.13441,0.045823,0.355125,0.419177
0.326763,-0.084674,0.388535,0.235184,-0.234298,0.245605,0.177124,0.210275,0.437837,0.215964,-0.179193,-0.087923,0.483877,0.128511
-0.08582,0.05269,0.196125,0.19605,-0.000489,0.335593,0.315442,0.150437,0.549103,0.191337,-0.195144,0.011558,0.269793,0.369553
-0.183613,-0.018535,0.331083,0.100543,0.119544,0.500058,0.052443,0.347945,0.46929,0.116958,-0.176505,-0.005508,0.366002,0.283848
0.230866,-0.052733,0.353119,0.186614,-0.198732,0.218177,0.228746,0.349509,0.441536,0.033783,-0.290294,-0.163982,0.343654,0.197971
0.12832,-0.005127,0.417244,0.090581,-0.275371,0.270406,0.297239,0.23576,0.34919,0.261546,-0.205041,-0.187406,0.374063,0.159849
0.031339,-0.065297,0.454648,0.089291,-0.022529,0.377209,0.25322,0.143718,0.577131,0.052763,-0.105435,-0.023314,0.5236,0.138055
0.032143,-0.08133,0.355139,0.182046,-0.09406,0.33153,0.239516,0.295169,0.439064,0.039215,-0.271893,-0.02813,0.363014,0.362817
0.216808,0.08356,0.300923,-0.000893,-0.171358,0.474573,-0.095143,0.374983,0.454828,0.050585,-0.076983,0.013533,0.542709,0.056107
-0.062974,-0.000729,0.323361,0.114071,0.055689,0.425713,0.143238,0.371658,0.483898,-0.098245,-0.218329,0.015473,0.457441,0.120751
-0.15295,-0.129462,0.399526,0.100922,0.083816,0.398818,0.27753,0.166325,0.454462,0.060231,-0.346478,0.069805,0.332396,0.278401
-0.07521,0.032343,0.484312,0.197681,-0.011188,0.259536,-0.289623,0.343824,0.616198,0.147538,-0.010767,0.161728,0.165024,0.330898
-0.030544,0.072352,0.273464,0.06235,0.138419,0.421086,0.134127,0.401688,0.508088,0.017608,-0.311986,0.03325,0.316628,0.464296
0.281731,0.003897,0.192824,0.066494,-0.2725,0.23092,0.13988,0.184239,0.562775,0.17204,-0.240616,-0.152988,0.293522,0.254874
-0.233934,-0.192681,0.310656,0.154417,0.289932,0.35677,0.208567,0.292698,0.469075,0.071433,-0.254911,-0.021138,0.330365,0.28065
-0.01157,-0.292157,0.495168,0.123541,0.047694,0.415121,0.179513,0.152129,0.442551,0.211895,-0.183486,-0.057038,0.365542,0.198854
0.003084,-0.019576,0.37217,0.169985,0.086003,0.340867,0.09871,0.385638,0.368927,0.176247,-0.135446,-0.065947,0.424421,0.295531
0.241339,-0.014973,0.176479,0.127654,-0.113293,0.308547,0.157562,0.186727,0.572956,0.06901,-0.063114,0.067505,0.247823,0.445638
0.106736,-0.073566,0.440659,0.13291,-0.11487,0.280174,0.051492,0.251459,0.468589,0.172151,-0.184311,0.030603,0.384055,0.157013
0.067279,0.167146,0.368495,0.031623,-0.148343,0.335506,0.308436,0.115705,0.406487,0.180759,-0.247711,-0.084359,0.468379,0.156151
-0.017779,-0.096321,0.275569,0.21536,-0.013777,0.473023,0.159291,0.051739,0.4933,0.271972,-0.077895,0.009719,0.426739,0.178312
-0.160769,0.052135,0.299883,0.025008,0.030618,0.495158,0.203134,0.186817,0.559135,0.132336,-0.067959,-0.131421,0.332145,0.160245
-0.155109,0.106226,0.180699,0.288381,0.132056,0.342249,0.185609,0.220584,0.524361,0.186774,-0.138509,0.010436,0.334827,0.340023
-0.00865,-0.014305,0.348423,0.294379,-0.106268,0.317856,0.22368,-0.048739,0.646656,0.181149,-0.05888,-0.006219,0.406507,0.313893
-0.020677,-0.181197,0.456564,0.239359,-0.004073,0.366068,0.441279,0.03212,0.476478,0.043199,-0.250954,-0.02525,0.357691,0.164686
-0.218273,-0.038213,0.405641,0.116721,0.080035,0.328798,-0.0203,0.301429,0.342895,0.260389,-0.010529,0.025243,0.430245,0.172839
-0.045052,0.068641,0.208927,0.154983,-0.088694,0.348017,0.087388,0.342857,0.421942,0.195896,-0.170991,-0.13203,0.491109,0.116656
-0.077201,0.117937,0.25051,0.13378,0.0143,0.43391,0.223215,-0.135129,0.858926,-0.020523,-0.133898,0.030282,0.397646,0.153482
0.054978,0.197249,0.355759,0.1477,-0.203602,0.333416,0.491879,-0.00276,0.7562,0.162443,-0.484682,-0.096657,0.521845,0.11614
-0.110721,0.005946,0.586169,-0.005828,-0.065042,0.278439,0.067688,0.477547,0.516705,-0.008198,-0.307696,-0.114175,0.296433,0.312759
0.11879,0.064405,0.342215,0.126429,-0.097659,0.396682,0.261146,0.220773,0.471113,0.048674,-0.202998,-0.048665,0.644342,0.105051
0.006765,0.011342,0.386909,0.16178,-0.120886,0.416599,0.071281,-0.006699,0.767012,0.210984,-0.223226,0.087913,0.405549,0.217227
0.030693,-0.014784,0.275521,0.06301,0.067308,0.331708,0.376788,0.100556,0.675889,-0.061402,-0.283453,0.053163,0.279654,0.421881
-0.119814,-0.466476,0.640969,0.232814,0.182737,0.335519,0.173772,0.048199,0.549195,0.17733,-0.17127,0.092487,0.209366,0.423138
0.029088,-0.125521,0.148755,0.238334,0.08155,0.475457,0.002631,0.134693,0.51326,0.182062,-0.095558,0.0728,0.501771,0.220489
0.018631,-0.019072,0.298551,0.21633,-0.002793,0.346235,0.21336,-0.066898,0.617745,0.281433,-0.122546,-0.057804,0.378062,0.218095
-0.097206,0.063139,0.346695,0.069469,0.017883,0.431609,0.209124,0.20352,0.538953,0.027475,-0.196153,0.036145,0.356118,0.1974
0.112564,-0.134344,0.443389,0.099493,-0.131697,0.282085,0.176837,0.112206,0.682478,0.097165,-0.420899,0.062153,0.192396,0.262652
0.432932,-0.114232,0.433555,0.106047,-0.23964,0.169513,0.028088,0.281349,0.635656,0.088681,-0.141322,-0.051202,0.451681,0.232904
0.197597,-0.203015,0.459026,0.023543,-0.166355,0.348344,0.225391,-0.07511,0.746175,0.048448,-0.23153,0.04478,0.467287,0.272137
0.159106,-0.097101,0.374868,0.136273,-0.083852,0.237526,0.129441,0.372496,0.284464,0.209666,-0.174084,0.095698,0.325348,0.373943
0.418944,-0.085084,0.35163,0.156598,-0.327006,0.202738,0.114698,0.166542,0.672228,0.074837,-0.093599,0.001995,0.231299,0.32938
0.026508,0.081084,0.291393,0.136015,-0.119694,0.212301,0.229729,0.220992,0.538308,0.037278,-0.280763,-0.043918,0.298971,0.397905
-0.074989,0.053851,0.217506,0.098109,0.075849,0.479093,0.134543,0.165406,0.506971,0.220922,-0.088524,-0.06511,0.300027,0.224931
-0.121172,-0.162753,0.457122,0.06986,0.025646,0.414991,0.179038,0.042979,0.547377,0.19116,-0.081804,-0.044155,0.307424,0.466411
0.040981,-0.238302,0.55184,0.09268,-0.095313,0.354573,-0.0717,0.07912,0.837408,0.101712,-0.217402,0.059433,0.344215,0.34635
0.119283,-0.058214,0.22885,0.195556,-0.086814,0.33424,0.050074,0.333885,0.504036,0.121564,-0.125403,-0.075656,0.311515,0.238678
-0.035722,-0.011339,0.16942,0.251563,0.059988,0.435293,0.337388,0.017094,0.65305,0.157438,-0.386236,0.052464,0.262124,0.482167
0.056063,-0.165977,0.396781,0.132088,-0.091704,0.469918,0.142219,-0.100374,0.667576,0.132838,-0.074324,0.058736,0.384694,0.280467
0.137519,-0.011416,0.450001,0.180373,-0.125507,0.392847,0.130738,0.284948,0.562821,0.22384,-0.340884,-0.039571,0.3839,0.042826
0.136715,-0.172397,0.349259,0.112345,-0.122342,0.473003,0.234462,0.349684,0.421084,0.056021,-0.241229,-0.055841,0.401357,0.236261
-0.001662,-0.0653,0.333914,0.147148,0.088001,0.320986,0.035564,-0.00957,0.649304,0.275073,-0.102274,-0.10553,0.314913,0.087982
0.078851,0.033998,0.309709,0.093933,-0.310747,0.439139,0.285793,0.042745,0.649663,0.1146,-0.251852,-0.022148,0.383569,0.175904
0.048653,-0.221863,0.370732,0.045916,-0.066131,0.401105,0.270076,0.408834,0.375165,0.099197,-0.37135,-0.204553,0.471266,0.157895
-0.015384,-0.004934,0.401685,0.046738,9.2e-05,0.437389,0.262138,-0.00716,0.703408,0.21811,-0.241655,0.025246,0.467629,0.165401
0.198489,0.045107,0.27177,0.086632,-0.141385,0.306275,0.087936,0.230952,0.659102,0.145306,-0.132017,-0.072245,0.225673,0.45306
0.0575,-0.009503,0.317829,0.292112,-0.060489,0.317454,0.227239,-0.021268,0.548474,0.303579,-0.190423,-0.095527,0.491937,0.144451
0.056777,-0.085484,0.414078,0.108531,-0.008475,0.369305,0.148581,0.254355,0.506262,0.079347,-0.286701,-0.050752,0.512731,0.123123
-0.1137,0.173473,0.369871,0.04259,-0.072525,0.259264,0.243818,-0.117336,0.633431,0.262869,-0.136862,0.06478,0.166243,0.398087
0.161718,-0.069422,0.325924,0.138309,-0.204327,0.336955,0.114946,0.03525,0.616712,0.055051,-0.025693,0.015251,0.329751,0.335364
0.107654,-0.074516,0.350076,0.003704,-0.153062,0.486738,0.2585,0.039666,0.691032,-0.021949,-0.2309,-0.013649,0.355036,0.231994
-0.125954,-0.12018,0.484174,0.202578,-0.071019,0.352792,0.033724,0.166205,0.454773,0.22739,-0.061085,-0.059458,0.359092,0.006422
0.031643,-0.13049,0.291068,0.182414,0.031067,0.360215,0.193105,0.200572,0.401136,0.312872,-0.202562,-0.012628,0.282787,0.30924
-0.063224,-0.144172,0.367701,0.139914,-0.037838,0.447149,0.239571,0.336902,0.327508,0.212174,-0.265381,-0.102075,0.389338,0.083514
-0.068101,-0.199471,0.370162,0.112511,0.070937,0.429173,0.255305,0.397465,0.3682,-0.05682,-0.169601,-0.040276,0.195338,0.39395
-0.166626,0.191434,0.142957,0.136218,-0.027062,0.456299,0.029227,0.36807,0.486394,0.059684,-0.143126,-0.03597,0.472362,0.117138
-0.147364,-0.223202,0.293473,0.237612,0.071298,0.445529,-0.019321,0.173815,0.582024,0.039693,-0.234521,0.04215,0.344256,0.274508
-0.200893,-0.187312,0.558179,0.243783,0.179459,0.281857,-0.077907,0.202136,0.675215,0.19508,-0.135154,0.019211,0.235484,0.261224
-0.263922,-0.188028,0.371558,0.163641,0.069671,0.611055,0.221748,0.33701,0.284587,0.125238,-0.270621,0.003806,0.316731,0.436257
0.144693,-0.105991,0.455029,0.124473,-0.186295,0.291152,0.237379,0.168939,0.536051,0.109258,-0.287796,0.063595,0.348365,0.376013
-0.07772,-0.267279,0.433698,0.191725,0.105314,0.4206,-0.132165,-0.149706,0.830521,0.188771,0.040184,0.075401,0.488317,0.125479
0.132994,0.004866,0.272455,0.077903,-0.049877,0.334497,0.252154,0.165885,0.668523,0.015275,-0.282148,-0.043409,0.33107,0.210775
-0.159992,-0.034929,0.286381,0.275847,-0.059655,0.43639,0.286595,0.220884,0.530815,0.040999,-0.400516,-0.029648,0.466466,0.271617
0.130539,0.004495,0.238866,0.186361,-0.115043,0.312378,-0.191484,0.407037,0.689404,-0.004827,-0.0958,0.077422,0.279507,0.45356
0.28521,0.23174,0.253319,0.14611,-0.311574,0.289821,0.077223,0.365085,0.417029,0.163173,-0.170061,0.045877,0.467391,0.121845
0.195849,-0.150379,0.442141,0.157557,-0.228053,0.191647,0.363173,0.115474,0.585506,0.133652,-0.340079,-0.225745,0.343565,0.080236
-0.086068,0.089112,0.313582,0.19695,0.012353,0.411655,-0.013885,0.125738,0.70999,0.2145,-0.134208,0.033266,0.306009,0.206246
-0.194511,0.227474,0.231729,0.087771,0.04694,0.400438,0.117396,0.095928,0.647543,0.073948,-0.123518,0.087683,0.162492,0.515449
-0.043954,0.139202,0.17175,0.08198,0.146106,0.371899,0.310788,0.172475,0.551497,-0.070956,-0.254342,0.088384,0.214843,0.534718
-0.23992,0.024507,0.489644,0.179441,-0.044494,0.502907,0.243881,0.081684,0.555321,0.140011,-0.131454,-0.088104,0.607205,0.018664
-0.328298,0.160436,0.371065,0.21445,0.013011,0.340316,-0.034603,0.108702,0.753758,0.130634,-0.177976,-0.125917,0.317097,0.109739
0.088011,-0.009258,0.232395,0.211045,-0.214943,0.329272,0.21354,0.172308,0.473538,0.137138,-0.250486,-0.242047,0.407607,0.046546
-0.22788,0.168802,0.312622,0.305552,0.061658,0.350519,0.160327,0.080045,0.729328,0.113478,-0.184967,-0.181671,0.53441,-0.086411
-0.000147,-0.18856,0.418873,0.055674,-0.070409,0.529118,0.19077,0.185282,0.625778,-0.0077,-0.221557,0.022506,0.454154,0.291369
-0.029415,0.012885,0.37417,0.214701,-0.017627,0.249603,0.020274,-0.111772,0.770193,0.190125,-0.009976,-0.020603,0.337601,0.18097
0.038846,-0.222813,0.480373,0.316362,-0.021594,0.340264,0.345058,0.340624,0.258453,0.119406,-0.183246,-0.110779,0.515584,0.145342
0.238718,-0.151788,0.420752,0.17951,-0.231634,0.212943,0.103079,0.174258,0.675601,0.027368,-0.261568,0.030251,0.253946,0.385403
-0.177074,-0.253783,0.67378,0.155726,0.006226,0.481184,-0.032982,-0.126093,0.87028,0.060941,0.056563,0.025008,0.584065,0.068401
0.347103,-0.062778,0.202483,0.062158,-0.150374,0.322429,0.236454,0.21778,0.534675,-0.054657,-0.192299,-0.010653,0.360846,0.298632
0.010473,-0.23823,0.423668,0.140874,0.070063,0.409705,0.365583,0.151755,0.502295,0.012914,-0.223366,-0.029353,0.300011,0.312913
0.019211,-0.012904,0.304001,0.136905,-0.14836,0.436921,0.22691,0.255485,0.481703,0.044465,-0.119755,-0.129614,0.345244,0.207683
-0.457221,-0.010443,0.43919,0.193038,0.269158,0.411122,0.266519,0.096592,0.453499,0.288907,-0.283718,-0.024837,0.403424,0.285949
0.023796,-0.148198,0.333655,0.302592,0.056858,0.283368,0.103629,0.399931,0.4016,0.161425,-0.127482,-0.041841,0.297506,0.323944
0.068564,-0.092808,0.27737,0.255828,-0.074677,0.317127,0.256393,0.14905,0.676264,0.059418,-0.192916,-0.110635,0.211718,0.36612
0.18804,-0.226987,0.250728,0.034307,-0.084808,0.535623,0.290873,0.098898,0.599945,-0.024786,-0.213121,-0.002006,0.46984,0.179887
0.182269,-0.260371,0.403157,0.307262,-0.096401,0.248807,0.182412,0.23915,0.468792,0.121415,-0.256281,-0.029075,0.321974,0.362374
0.153538,0.003522,0.325062,0.300799,-0.126479,0.219692,0.077712,-0.120752,0.774286,0.209264,-0.140707,0.042923,0.421058,0.172153
-0.140359,0.047892,0.286061,0.124859,-0.024386,0.380821,0.040275,0.277106,0.492635,0.229343,-0.11258,-0.072515,0.283835,0.115254
-0.144434,0.0398,0.441299,0.147291,0.113196,0.359919,0.357909,0.244558,0.507404,0.063245,-0.311713,-0.080554,0.377451,0.259519
0.023705,-0.079932,0.344128,0.158136,0.003732,0.384554,0.223891,0.25723,0.378222,0.200375,-0.25899,-0.113556,0.413845,0.08621
-0.096869,-0.017637,0.375491,0.149864,-0.113884,0.391141,0.00071,0.052928,0.698863,0.172563,-0.066483,0.043126,0.234771,0.152229
0.086539,-0.174332,0.302798,0.075975,0.057318,0.432079,0.139878,0.430947,0.429465,0.118389,-0.264937,0.041693,0.412273,0.384273
-0.304527,-0.029373,0.4851,0.210693,0.18801,0.276745,0.12262,0.15886,0.565402,0.157803,-0.217387,0.022326,0.107241,0.291488
-0.14981,-0.032605,0.283176,0.18029,-0.019378,0.319961,0.023033,-0.016063,0.798653,0.100316,-0.08684,0.059958,0.314285,0.417575
0.042348,-0.166191,0.519969,0.266585,-0.159407,0.335027,-0.00509,-0.200317,0.924231,0.220815,-0.241856,0.087228,0.42499,0.089914
-0.087094,-0.009932,0.348192,0.169732,-0.043861,0.370457,0.062544,-0.16537,0.84659,0.117156,-0.066176,-0.013782,0.294044,0.193114
-0.008352,-0.011594,0.227258,0.111646,-0.039775,0.336704,0.154373,0.262001,0.419549,0.07957,-0.186159,0.06816,0.188334,0.416252
-0.060818,-0.312868,0.516529,0.220375,0.019213,0.331568,0.291762,0.171699,0.528102,0.089687,-0.194674,0.007159,0.143138,0.5822
0.068617,-0.267821,0.488045,0.129864,-0.138248,0.467952,0.150426,-0.043192,0.733924,0.161665,-0.214393,-0.087024,0.512529,0.138048
-0.036629,-0.004997,0.362147,0.133209,-0.021423,0.293466,0.192817,0.202028,0.445559,0.133896,-0.217044,-0.134439,0.265294,0.181865
-0.311902,-0.057821,0.380406,0.159507,0.174815,0.388538,-0.044697,0.22886,0.601258,0.174621,-0.260023,-0.041965,0.294999,0.279956
-0.191246,-0.072813,0.36159,0.282444,0.180351,0.339846,0.282975,0.354609,0.377895,0.144179,-0.324365,-0.074316,0.218013,0.356695
0.286579,-0.049805,0.280395,0.200547,-0.164016,0.238668,0.299581,0.244885,0.571461,0.173253,-0.384541,-0.115226,0.46222,0.208779
0.120072,-0.318373,0.556364,0.169256,-0.08218,0.328306,0.074526,-0.096631,0.894017,0.052379,-0.166494,0.095705,0.282023,0.279297
0.068689,-0.076798,0.30617,0.206741,0.028119,0.379536,0.066576,0.414074,0.302573,0.186586,-0.160367,0.072522,0.439209,0.273255
0.05329,-0.112261,0.219455,0.140621,-0.04955,0.479391,0.12489,-0.100477,0.848973,0.03397,-0.055315,0.071006,0.518613,0.207008
0.097798,0.04792,0.186934,0.093006,-0.04571,0.443259,0.20762,-0.090543,0.734337,0.124638,-0.201432,0.002368,0.545344,0.312314
0.050752,-0.018864,0.400389,0.128613,-0.152033,0.283252,0.279374,0.10515,0.639084,0.145727,-0.270977,-0.185311,0.371121,0.240073
0.129439,-0.170838,0.414579,0.196369,-0.120264,0.254745,0.173975,0.165469,0.594001,0.060419,-0.218893,0.067495,0.34625,0.235579
0.014721,-0.073175,0.180877,0.137833,0.050987,0.446663,0.298755,0.023243,0.519735,0.119877,-0.180987,0.223423,0.215578,0.451203
0.066428,-0.04109,0.216772,0.166715,-0.037608,0.482791,0.260341,0.154848,0.588341,-0.005146,-0.169113,0.085871,0.511367,0.218119
-0.048104,-0.171716,0.512947,0.242643,-0.001701,0.304435,0.336049,0.100335,0.468173,0.160942,-0.239583,0.002653,0.382642,0.297403
-0.442778,0.091929,0.361394,0.205617,0.181277,0.427782,0.165266,-0.063528,0.674791,0.150752,-0.265031,0.075403,0.330882,0.320829
0.106927,-0.177075,0.478941,0.163977,-0.187279,0.308803,0.496085,0.060577,0.604772,0.112018,-0.357105,-0.156409,0.400138,0.146121
0.09567,-0.140503,0.38486,0.059194,-0.105368,0.494246,0.157063,0.032568,0.660322,0.032689,-0.187598,0.051915,0.469309,0.209594
0.241158,-0.036773,0.1565,0.155769,-0.085489,0.361879,0.143977,-0.016658,0.603639,0.104246,-0.092958,0.010529,0.415179,0.128074
-0.080595,0.17669,0.136746,0.187987,0.030544,0.352113,0.164354,0.298357,0.476877,0.060727,-0.224604,-0.034223,0.450722,0.341273
0.035721,0.136187,0.423074,0.057668,-0.224282,0.313904,0.226153,0.044745,0.672655,0.181868,-0.216786,-0.059265,0.378146,0.148158
0.089097,0.01477,0.167817,0.078367,-0.098439,0.471897,0.142115,0.098614,0.614667,0.123064,-0.112729,0.009987,0.460923,0.245876
-0.140403,-0.044882,0.398894,0.211758,-0.096751,0.434721,0.15536,0.220511,0.56592,0.131566,-0.245703,0.1231,0.452074,0.360857
-0.039108,0.066122,0.151761,0.056181,0.000186,0.47395,0.052148,0.158796,0.558221,0.117184,-0.080504,0.124416,0.277939,0.395993
0.091638,-0.164694,0.450375,0.253579,-0.076665,0.468077,0.075406,0.058049,0.508553,0.158582,0.000143,0.130951,0.540965,0.208371
-0.095611,-0.068376,0.34476,0.135046,-0.053186,0.510504,0.187567,0.141263,0.646985,0.117901,-0.195696,-0.004865,0.383654,0.358483
0.078977,-0.043019,0.40269,0.186561,-0.235297,0.175859,0.137782,0.194867,0.475616,0.278528,-0.241808,-0.147744,0.209937,0.081098
0.043444,-0.172376,0.518931,0.099288,-0.182175,0.310581,0.142648,-0.003133,0.74004,0.0395,-0.276438,0.080543,0.347471,0.388891
0.009896,0.066552,0.377877,0.107772,-0.088771,0.330861,0.18667,0.360948,0.428186,-0.04834,-0.230121,-0.020814,0.390603,0.248545
-0.001397,-0.142236,0.419914,0.212114,-0.131702,0.464517,0.441108,0.062056,0.491207,0.302135,-0.40682,-0.079743,0.461149,0.021158
-0.239784,0.036789,0.44482,0.023595,-0.055988,0.396268,-0.088186,0.023743,0.784033,0.112995,-0.051728,0.043836,0.42193,0.163351
0.086257,0.023789,0.316689,0.151859,-0.12328,0.307917,0.250445,0.219606,0.494069,0.125825,-0.36372,-0.03991,0.398917,0.166993
-0.106154,-0.082195,0.380399,0.129692,0.036716,0.440399,0.2863,0.33395,0.545733,0.062876,-0.338964,-0.140246,0.40627,0.206409
0.078297,-0.076624,0.20423,0.077297,-0.087591,0.495939,0.265422,0.136664,0.704893,-0.002365,-0.317935,-0.123798,0.362582,0.372531
-0.319074,-0.027388,0.320374,0.16816,0.176552,0.457613,0.150325,0.336724,0.458332,-0.016539,-0.298845,-0.046773,0.368653,0.161103
0.021235,-0.217549,0.367631,0.179952,0.116135,0.415042,0.181197,0.211022,0.540532,0.16814,-0.264932,0.004328,0.200918,0.432906
0.154096,-0.102522,0.455937,0.05322,-0.18244,0.34012,0.07147,-0.145593,1.038889,-0.023106,-0.204466,-0.02268,0.406768,0.177331
-0.132687,0.070008,0.349526,0.016397,0.066464,0.361313,0.155913,0.245196,0.674263,-0.084756,-0.162192,-0.015735,0.33914,0.397978
0.154443,-0.045667,0.308118,0.134163,0.035275,0.286228,0.222734,0.26112,0.482148,0.040196,-0.288154,-0.055595,0.295397,0.197286
0.196746,-0.168589,0.381167,0.152527,-0.058746,0.472361,0.162014,-0.076093,0.6969,0.013949,-0.121527,0.178632,0.57552,0.226398
0.035649,-0.039582,0.190715,0.169788,-0.076586,0.457214,0.234262,-0.096674,0.623134,0.305859,-0.069283,-0.124655,0.362414,0.249053
-0.051603,-0.032755,0.474548,-0.052247,0.011944,0.280652,0.376745,0.308349,0.334255,0.165824,-0.289501,-0.227434,0.389419,0.032466
-0.012715,-0.029448,0.175767,0.131775,-0.101091,0.421849,0.155244,0.224315,0.56822,0.052103,-0.11876,-0.049404,0.307738,0.208646
0.031088,-0.081226,0.472226,0.111615,-0.113294,0.384438,0.216331,-0.077778,0.678318,0.196036,-0.185786,0.011477,0.429396,0.27269
-0.14468,-0.039447,0.479446,0.158667,-0.012452,0.364156,0.118863,0.037954,0.73044,0.279525,-0.252797,-0.018408,0.291394,0.197831
0.088388,-0.093005,0.422273,0.127928,-0.101031,0.290974,0.11434,0.236146,0.551778,0.040647,-0.133522,-0.082924,0.295432,0.33422
0.168586,-0.123792,0.291431,0.187248,-0.039757,0.344999,0.183983,0.503703,0.284364,0.050547,-0.195062,-0.095809,0.568293,0.22925
0.025675,-0.257402,0.383692,0.101986,0.058648,0.49953,0.113039,0.150302,0.423489,0.127864,-0.129828,0.059815,0.437057,0.342814
0.200661,0.043721,0.164846,0.253772,-0.205401,0.349559,0.037342,0.249246,0.511327,0.058137,-0.141314,0.156922,0.261179,0.405276
-0.093982,-0.451018,0.60311,0.183067,0.154846,0.334999,0.266508,0.071675,0.710417,0.135986,-0.410642,-0.05781,0.290677,0.369161
0.001048,-0.114489,0.155511,0.265692,-0.043529,0.353205,0.07078,-0.118454,0.77235,0.254491,-0.176146,-0.0765,0.160464,0.393145
-0.053563,-0.234665,0.58052,0.175846,0.02036,0.39081,0.278717,-0.132174,0.64951,0.22217,-0.194804,-0.072981,0.418644,0.098779
0.104971,-0.236516,0.488534,0.107313,-0.110221,0.358494,0.141764,-0.171463,0.830841,0.050395,-0.18634,0.087232,0.579224,0.24619
-0.044127,-0.084356,0.286299,0.334597,0.116799,0.20526,0.077048,0.14472,0.532584,0.294167,-0.151906,-0.071367,0.190413,0.301601
-0.236535,-0.213974,0.599753,0.205431,0.202718,0.282264,0.047094,0.274449,0.554879,0.113093,-0.216053,-0.062481,0.325066,0.230987
0.171273,0.017644,0.251805,0.030879,-0.157644,0.327734,0.382207,0.156632,0.468768,0.082093,-0.20926,-0.123286,0.478388,0.300411
-0.082004,-0.027671,0.322073,0.070273,0.045093,0.453297,0.141148,0.195649,0.566106,0.139573,-0.232647,0.039701,0.362222,0.27276
-0.222436,0.076915,0.263053,0.004169,0.193025,0.536462,0.173211,0.097977,0.715598,0.0571,-0.161691,-0.031486,0.202897,0.211616
-0.162885,0.165324,0.106941,0.075446,0.143741,0.445692,0.346599,-0.06084,0.748389,0.099411,-0.240271,-0.110273,0.363796,0.25438
0.017159,-0.092616,0.382741,0.054169,-0.147173,0.403614,0.405284,0.128221,0.375504,0.156923,-0.306091,-0.189555,0.368289,0.160936
-0.057538,-0.137568,0.597978,0.085663,-0.116877,0.529245,0.251002,0.276524,0.349254,0.166387,-0.228992,-0.058605,0.606047,-0.043618
0.32432,-0.258453,0.446639,0.199754,-0.275387,0.293162,0.101664,0.083754,0.755526,0.142786,-0.24099,-0.079287,0.317852,0.184807
0.08999,-0.269084,0.348353,0.174641,0.089456,0.445115,-0.255717,0.397609,0.612007,-0.084988,-0.048464,0.137793,0.365944,0.364862
-0.07144,-0.141412,0.318329,0.143692,0.087137,0.504272,0.233114,0.132789,0.630016,0.098797,-0.172668,-0.072879,0.387349,0.347343
0.119653,-0.176679,0.574904,0.035417,-0.160128,0.323464,-0.013292,0.515601,0.304094,0.199027,-0.21646,-0.084474,0.475134,0.148051
0.15658,-0.202458,0.43893,0.041303,-0.215452,0.440004,0.244604,0.29553,0.375783,0.069305,-0.434131,-0.087591,0.587313,-0.038291
-0.022207,0.133623,0.195327,0.066539,-0.018371,0.322111,0.030248,0.195027,0.51003,0.097367,-0.08588,-0.000883,0.394742,0.229423
0.050065,-0.067737,0.390918,0.145176,-0.094851,0.223302,0.184899,0.274489,0.410115,0.231174,-0.320973,-0.254251,0.424788,0.135838
0.09579,0.019974,0.383224,0.117167,-0.129493,0.342434,0.083083,0.35229,0.426502,0.179143,-0.108268,-0.010503,0.397772,0.160853
-0.126829,-0.125459,0.266636,0.191293,0.073641,0.448107,0.222431,0.164394,0.645561,0.116251,-0.259454,-0.103391,0.167754,0.255826
-0.180261,-0.179183,0.508679,0.180095,-0.011115,0.447607,0.213626,0.051217,0.627292,0.198134,-0.191364,-0.080771,0.282112,0.293564
0.001153,0.076299,0.47191,0.197329,-0.196788,0.336023,0.187238,0.339255,0.322074,0.164941,-0.237526,0.096789,0.518979,0.110222
0.233397,-0.155401,0.202502,0.06301,-0.033865,0.416448,0.314037,0.029402,0.546548,0.092361,-0.212245,0.009208,0.3079,0.249546
0.007462,0.147184,0.224084,0.184887,-0.099179,0.294763,0.421035,-0.18464,0.570976,0.186155,-0.159371,-0.135188,0.379929,0.093528
-0.064377,-0.169582,0.095507,0.035007,0.262653,0.568672,0.247758,0.120328,0.551975,-0.044425,-0.308054,0.159456,0.268198,0.519663
-0.177288,0.056588,0.411851,0.201728,0.046245,0.307463,-0.032902,0.134265,0.762182,0.19024,-0.195188,-0.022961,0.281764,0.387957
-0.151865,-0.024612,0.281997,0.180317,0.1058,0.435785,0.148251,0.115446,0.546668,0.086944,-0.208901,0.14398,0.319645,0.430859
-0.012693,-0.214352,0.223878,0.149156,0.007459,0.534709,0.176158,0.181241,0.53267,0.066251,-0.170752,0.041775,0.29859,0.380459
-0.231894,-0.020357,0.345452,0.077191,0.119912,0.430316,0.253268,0.153061,0.665352,0.050857,-0.355803,-0.085038,0.221158,0.31064
0.19439,-0.275587,0.250919,0.122483,-0.078808,0.511664,0.367322,0.166103,0.445042,0.090868,-0.219091,-0.085515,0.448766,0.193308
-0.124441,-0.035525,0.26057,0.178346,0.143078,0.588577,0.266713,0.045574,0.636347,0.139049,-0.197033,-0.016732,0.455313,0.231754
-0.107721,-0.066334,0.398265,0.096264,-0.049839,0.42376,-0.105225,0.027257,0.629755,0.37628,-0.113494,0.023356,0.46353,0.27188
-0.099849,-0.108172,0.464236,0.202421,0.022774,0.392962,0.128439,-0.023205,0.546664,0.278848,-0.108614,0.103632,0.289209,0.270197
-0.238929,-0.071168,0.479235,0.119084,0.094733,0.375234,-0.04296,0.046778,0.6338,0.17253,-0.164273,-0.02749,0.451111,0.127851
-0.235532,-0.037559,0.288842,0.184353,0.175085,0.498094,0.08616,0.224556,0.501869,0.017381,-0.066163,0.133069,0.484652,0.289216
-0.24632,-0.292604,0.31711,0.226886,0.198142,0.511487,0.175629,0.122492,0.537817,0.162371,-0.180585,-0.078442,0.363304,0.311534
-0.078609,-0.146203,0.475986,0.249269,0.030102,0.332713,0.229948,0.122105,0.477429,0.228698,-0.121185,-0.12892,0.422248,0.136521
-0.080907,0.095998,0.356239,0.023004,-0.043066,0.342179,0.077932,0.201376,0.436605,0.114637,-0.210129,-0.113421,0.403837,0.101977
-0.085547,-0.040265,0.301756,0.094047,-0.051517,0.421621,0.245558,0.17813,0.566458,0.004383,-0.218906,0.004448,0.34164,0.283302
-0.04745,-0.033012,0.378431,0.260488,0.0332,0.366565,0.270969,0.027451,0.596375,0.256309,-0.224701,-0.118464,0.465237,0.131565
-0.706162,-0.235705,0.890523,0.267751,0.239659,0.486332,0.113791,0.204719,0.31639,0.26255,-0.163446,0.022514,0.380817,0.166326
-0.088351,-0.079633,0.281016,0.181631,0.110074,0.338681,0.204094,0.144828,0.635924,0.096791,-0.166938,-0.004803,0.195174,0.45914
-0.075799,-0.049346,0.455928,0.106579,-0.026321,0.335654,-0.174235,0.421557,0.504119,0.200265,-0.133493,0.042813,0.34841,0.131416
-0.099727,-0.098397,0.307589,0.208113,-0.009847,0.461747,0.060433,0.153383,0.626314,0.181461,-0.136194,-0.072247,0.320008,0.276069
0.109369,-0.041783,0.19507,0.201321,0.010758,0.324436,0.326911,0.04515,0.464142,0.221158,-0.24076,0.010628,0.16048,0.377705
0.205909,-0.031691,0.171412,0.239358,-0.141364,0.295444,0.08284,0.343043,0.460077,0.054482,-0.1528,0.000617,0.305663,0.405283
0.048291,-0.030243,0.151577,0.307356,0.035255,0.414855,0.107504,0.212342,0.544473,0.189408,-0.223652,0.106712,0.277998,0.363182
0.204653,-0.029941,0.185089,0.062476,-0.155725,0.383096,0.176649,0.456779,0.307386,0.020231,-0.13466,-0.038219,0.430228,0.339911
-0.239631,-0.136603,0.60233,0.332762,0.110241,0.291679,0.174884,0.425148,0.394026,0.14046,-0.315496,-0.112022,0.425061,0.123489
-0.363945,-0.005139,0.549706,0.101935,0.052,0.478107,0.049758,0.250729,0.506937,0.153941,-0.137955,0.017538,0.486093,0.349682
-0.048584,-0.095443,0.410123,0.084855,0.0388,0.361429,0.256421,0.286383,0.453363,0.201847,-0.383623,0.034045,0.302528,0.154808
-0.09982,0.091744,0.222367,0.180626,-0.019869,0.427537,0.253123,0.191854,0.392027,0.182309,-0.270877,-0.002288,0.4073,0.158148
-0.207943,0.222932,0.143014,0.076389,0.142133,0.372929,0.088769,0.260869,0.55206,-0.039698,-0.205119,0.061461,0.309055,0.362172
-0.198342,-0.082373,0.340415,0.095338,0.238805,0.353587,0.321715,0.223305,0.490747,0.050103,-0.210972,-0.015954,0.157127,0.302421
0.170185,0.109428,0.224361,0.148247,-0.212236,0.455147,0.366479,0.002639,0.748566,0.030959,-0.358418,0.128119,0.359448,0.252767
0.141853,-0.076172,0.348969,0.317032,-0.121835,0.19069,0.233197,0.176377,0.533704,0.278588,-0.261354,-0.131726,0.38903,0.319202
0.042141,-0.051802,0.28801,0.152708,-0.149186,0.341861,0.177723,0.074503,0.594047,0.078789,-0.118633,-0.173698,0.367274,0.051494
0.198796,-0.219962,0.472876,0.141821,-0.070539,0.361111,0.065158,0.085733,0.687751,0.040888,-0.145657,0.062159,0.594977,0.152516
-0.026568,-0.088808,0.368843,0.081528,0.048455,0.340309,0.204848,0.390557,0.4804,0.017373,-0.278405,-0.013566,0.387811,0.242338
-0.079599,-0.047789,0.323439,0.248972,-0.090223,0.407731,0.15149,0.174784,0.451969,0.248275,-0.20493,-0.041268,0.449709,0.139788
-0.043188,-0.003443,0.432365,0.188382,-0.021716,0.313998,0.12705,0.294214,0.44506,0.124348,-0.259268,-0.077798,0.405801,0.184099
-0.226595,-0.294442,0.559924,0.1057,-0.029324,0.586694,0.190138,-0.028748,0.801015,0.082462,-0.234033,0.14222,0.419984,0.304699
0.109473,-0.11122,0.429676,0.078822,-0.13741,0.479389,0.315148,-0.028473,0.539736,0.259078,-0.148804,-0.079344,0.749384,-0.032135
0.071307,-0.010261,0.303701,0.196734,-0.213758,0.41056,0.355526,0.161934,0.462782,0.109621,-0.362371,0.031914,0.545013,0.245346
0.071179,-0.044275,0.212682,0.164917,-0.035206,0.370324,0.10158,0.043732,0.683183,0.04679,-0.052283,0.045897,0.211388,0.350615
0.105163,-0.06507,0.319214,0.09563,-0.242125,0.377981,0.117926,0.005703,0.748654,0.03841,-0.186993,0.04662,0.342512,0.238625
-0.19126,0.011887,0.331832,0.138912,0.143479,0.234675,0.103874,0.11633,0.602825,0.220675,-0.185769,-0.127649,0.201538,0.228123
-0.09058,-0.239636,0.451465,0.301307,0.064443,0.367124,0.188126,0.128922,0.554139,0.088861,-0.277212,-0.076801,0.328234,0.295103
-0.165291,0.010783,0.439483,0.132545,-0.017366,0.387399,0.076007,0.13641,0.585919,0.311,-0.144645,-0.019765,0.482635,0.198561
0.04057,-0.035415,0.224115,0.189488,-0.006393,0.307737,0.177111,0.076482,0.545479,0.056819,-0.160186,0.104504,0.253607,0.440132
-0.151824,0.133478,0.284326,0.170995,0.157238,0.318164,0.124523,0.072431,0.499541,0.175247,0.002098,0.147877,0.308027,0.435378
0.049762,-0.203112,0.395068,0.131486,0.022007,0.412351,-0.030477,0.090721,0.660556,0.122709,-0.140653,0.022837,0.402576,0.125848
-0.080332,0.032476,0.227004,0.081777,0.134953,0.327757,0.470078,0.112473,0.411788,0.108937,-0.141344,-0.224459,0.395734,0.035983
-0.05546,-0.156625,0.591693,0.136847,-0.018351,0.450069,0.128415,0.154298,0.571385,0.216392,-0.26779,-0.033274,0.591492,0.135967
-0.113611,0.052386,0.247275,0.063154,-0.077699,0.479124,0.065904,0.212395,0.593337,-0.005601,-0.162642,0.102176,0.375812,0.319259
-0.066205,-0.021933,0.350391,0.233723,0.039697,0.366023,-0.044779,0.198066,0.593604,0.091552,-0.041368,0.150279,0.150746,0.409198
-0.128932,-0.024515,0.331635,0.294645,-0.034868,0.469701,0.072421,0.023282,0.583531,0.086706,-0.098388,0.17084,0.501036,0.279206
0.073422,-0.233542,0.192929,0.043864,0.117413,0.601446,0.044635,0.248314,0.495298,0.054365,-0.020909,0.163066,0.448529,0.384119
-0.00163,-0.096905,0.269145,0.110644,0.060645,0.468907,0.114594,0.17879,0.454234,0.126185,-0.222894,0.176119,0.16823,0.598779
0.024039,0.028669,0.249423,0.148629,0.07003,0.351664,0.056994,0.225754,0.536233,0.001393,-0.111092,0.153101,0.359473,0.424779
0.135985,-0.09443,0.316652,0.227525,-0.142501,0.333357,0.131967,0.308462,0.394658,0.180353,-0.176163,-0.077564,0.324774,0.025778
0.269663,-0.083784,0.331107,0.20554,-0.190198,0.45702,0.293018,0.027087,0.486255,0.116491,-0.235068,0.021496,0.598238,0.149781
0.015243,-0.031726,0.401912,0.164091,-0.007216,0.377384,0.255407,-0.027788,0.558503,0.350731,-0.098623,-0.091624,0.52713,0.063647
0.070982,0.1732,0.306264,-0.160339,-0.215234,0.352302,0.112463,0.110381,0.539752,0.324116,-0.264203,-0.122802,0.404265,0.317328
-0.014893,-0.081809,0.336026,0.117025,0.040838,0.250393,0.212708,0.104498,0.703776,0.079778,-0.322565,-0.037021,0.152948,0.314533
0.119778,-0.244929,0.363155,0.175386,0.003621,0.405008,0.539775,0.270214,0.289119,0.118228,-0.229212,-0.058422,0.381337,0.1834
0.25129,-0.166138,0.354975,0.108662,-0.064179,0.368833,0.151966,0.067339,0.613797,0.054324,-0.177414,0.195998,0.340484,0.413231
-0.035119,-0.018979,0.38704,0.015439,-0.007503,0.455404,0.075378,0.088365,0.703056,0.226666,-0.123852,-0.068138,0.36676,0.188915
0.292506,-0.011559,0.465431,0.236434,-0.302958,0.134262,0.284044,0.319152,0.373504,0.175874,-0.221534,-0.133013,0.368342,0.155874
-0.146786,0.031247,0.277121,0.150992,0.161814,0.392468,0.267974,0.077614,0.583438,0.058517,-0.237868,0.049475,0.22158,0.288781
0.039626,0.035589,0.280308,0.168039,-0.111125,0.386105,0.061335,0.077579,0.644646,0.079674,-0.037687,0.152292,0.223662,0.364828
-0.017617,-0.17258,0.488433,0.072595,0.034605,0.445502,0.346397,0.066867,0.475243,0.162074,-0.263297,-0.047973,0.536992,0.120804
-0.023866,-0.156439,0.481741,0.301145,0.028326,0.376627,0.153308,0.361954,0.304128,0.251685,-0.210735,-0.216332,0.538,0.104472
-0.014011,-0.146309,0.507549,0.154952,-0.01413,0.347922,0.154157,0.082153,0.609708,0.198752,-0.304871,-0.033068,0.569598,0.151202
0.291188,-0.007001,0.228899,0.100307,-0.161632,0.319534,0.250935,0.284646,0.406721,0.022012,-0.249559,0.056053,0.234602,0.396444
-0.084626,0.034339,0.437175,0.103616,-0.062876,0.351707,0.183876,0.31038,0.507067,-0.016508,-0.255665,-0.007341,0.375003,0.162757
0.013894,0.099474,0.286174,0.247058,0.013741,0.214428,0.242334,0.063464,0.48611,0.238677,-0.099983,-0.099572,0.334174,0.088861
0.062839,-0.18302,0.210024,0.095335,0.043995,0.55006,0.364601,0.298431,0.511553,-0.008518,-0.397706,-0.133242,0.487798,0.303206
-0.192368,-0.133754,0.481034,0.134414,0.024329,0.364041,0.173431,0.163464,0.545585,0.251358,-0.265536,-0.186054,0.372024,0.099019
-0.287006,0.257848,0.207459,0.09829,0.235607,0.52386,0.08032,0.158684,0.533623,0.115841,-0.191317,-9.8e-05,0.515451,0.119143
0.222114,0.000444,0.296476,0.098346,-0.116687,0.320323,0.335173,0.241717,0.507327,0.024792,-0.258679,-0.07959,0.346242,0.279098
-0.104618,-0.062153,0.252389,0.190172,-0.012721,0.46116,0.004724,0.433596,0.433399,0.125374,-0.203221,0.055845,0.327446,0.292075
-0.130772,-0.053998,0.434154,0.177487,0.047089,0.373509,0.072645,0.084868,0.687011,-0.034125,0.012876,-0.048381,0.493082,0.034947
-0.050586,-0.127722,0.371003,0.227735,0.005958,0.286614,0.049317,0.038421,0.616812,0.114895,-0.117829,-0.04786,0.2172,0.249881
0.113543,-0.159235,0.358349,0.204071,0.029756,0.402411,0.135846,0.194683,0.606574,0.159551,-0.211391,-0.037836,0.420096,0.118153
0.072172,0.107341,0.07994,0.12435,-0.037914,0.312193,0.110754,0.462202,0.370054,0.105072,-0.225864,-0.093758,0.238427,0.031091
-0.010217,-0.280142,0.31069,0.144249,0.04459,0.624247,0.083121,0.267791,0.438423,0.119621,-0.149009,0.025184,0.458225,0.188104
-0.159774,-0.088435,0.274936,0.164308,0.127824,0.378102,0.378295,0.054954,0.338111,0.261073,-0.208609,-0.084844,0.260552,0.293253
-0.13946,0.179804,0.326022,-0.038153,-0.060726,0.453449,0.034908,0.199872,0.631773,0.110925,-0.180291,0.016557,0.510249,0.353847
0.151424,-0.217971,0.26657,0.08537,0.064841,0.433393,0.096342,0.225198,0.561971,0.047522,-0.13714,0.08447,0.283736,0.410138
-0.110952,-0.119057,0.557807,0.114677,0.00685,0.351767,0.1062,-0.183528,0.835073,0.268284,-0.197834,-0.01093,0.28841,0.120126
-0.051074,-0.035057,0.362216,0.1923,-0.114375,0.430439,0.213789,0.128797,0.507991,0.200868,-0.277482,-0.066464,0.484634,0.208705
-0.040364,-0.221556,0.545103,0.110022,0.074695,0.400756,-0.071184,0.272216,0.587329,0.153084,-0.136036,0.087535,0.321895,0.268015
0.002529,0.018974,0.435847,0.126463,-0.087679,0.256303,0.204618,0.288121,0.470745,0.115895,-0.183715,-0.074096,0.430732,0.113539
-0.139098,-0.091214,0.439017,0.125755,0.047123,0.333984,0.04741,0.080304,0.853073,-0.060648,-0.327492,0.151127,0.099915,0.490601
0.043595,0.191377,0.170265,0.173152,-0.15558,0.415745,0.191731,0.162904,0.491994,0.108399,-0.231395,0.128168,0.434194,0.325376
0.304612,-0.040576,0.14878,0.281109,-0.268109,0.220205,0.167886,0.101703,0.671892,0.102613,-0.321471,0.048247,0.181268,0.416224
-0.014096,-0.229953,0.335314,0.203879,0.107989,0.371973,0.11018,0.361018,0.500469,0.114593,-0.396995,-0.107805,0.360663,0.245398
-0.212393,-0.131338,0.575464,0.022337,0.019286,0.469462,0.035951,-0.011851,0.758948,0.210277,-0.20404,-0.029888,0.449735,0.154168
0.053027,-0.022397,0.3353,0.154239,-0.116717,0.328523,0.331653,0.117141,0.607927,-0.03244,-0.313508,-0.031088,0.467946,0.029886
0.154831,-0.25029,0.33906,0.162015,-0.010482,0.302378,0.552779,0.368445,0.125198,0.072509,-0.289418,-0.152087,0.277425,0.361259
0.181213,-0.047618,0.203556,0.118315,0.042611,0.329868,-0.059722,0.253595,0.576751,0.136089,-0.058074,0.056817,0.340057,0.296766
-0.092425,-0.023195,0.301328,0.100656,0.069745,0.464976,0.095017,0.080017,0.64072,0.083372,-0.07976,-0.016976,0.386157,0.279018
0.215213,-0.01161,0.326143,0.18394,-0.201505,0.265136,0.298192,0.275832,0.422289,0.105385,-0.268343,-0.096535,0.440253,0.225866
-0.032367,-0.232011,0.362159,0.228952,0.075505,0.496436,0.247618,0.321644,0.348663,0.151385,-0.217601,-0.077397,0.292048,0.273646
0.069521,-0.063403,0.247432,0.139664,-0.076147,0.431527,0.042225,0.129422,0.551409,0.293707,-0.112253,-0.10567,0.496446,0.149916
0.045264,-0.026231,0.44774,0.142612,-0.229866,0.220019,0.069982,0.170686,0.49579,0.073253,-0.178946,-0.042273,0.415418,0.238337
-0.005349,-0.133463,0.170184,0.079304,0.048286,0.494932,0.16714,0.354563,0.427129,-0.01519,-0.269347,0.109943,0.174884,0.459062
-0.286126,-0.108411,0.461666,0.252976,-0.005583,0.482028,0.078751,-0.464195,1.138808,0.068531,-0.161815,0.11858,0.390555,0.237767
-0.111251,-0.08483,0.247431,0.16007,0.097414,0.454544,-0.079245,0.169952,0.641323,0.167431,-0.039044,0.03911,0.412511,0.288289
0.128403,-0.239916,0.378417,0.150558,-0.106768,0.306691,0.283614,0.289182,0.446669,0.131009,-0.369703,-0.128369,0.452862,0.195885
-0.076674,0.005413,0.27868,0.03367,0.070384,0.491043,0.393522,0.238195,0.382683,0.176647,-0.306652,-0.058792,0.384126,0.209669
-0.004942,-0.112159,0.340029,0.060282,0.033817,0.424769,0.141835,0.073141,0.717956,0.050965,-0.184935,0.039112,0.368358,0.203303
-0.204266,0.099237,0.29971,0.117405,-0.046967,0.413918,0.247342,-0.048766,0.594017,0.293464,-0.196227,0.017028,0.320294,0.321968
-0.204048,0.033093,0.30941,0.187582,0.003325,0.536524,0.08776,0.221122,0.421042,0.157583,-0.025935,0.047921,0.514132,0.182547
-0.224525,0.122156,0.510924,0.039029,-0.00639,0.426233,0.001758,0.077363,0.651618,0.150092,-0.129159,-0.037204,0.486677,0.066508
-0.067503,-0.380878,0.677679,0.112337,-0.093275,0.473741,0.193183,-0.146394,0.960664,-0.095367,-0.179056,0.114663,0.440499,0.271767
-0.15658,-0.161241,0.471087,0.200956,0.021072,0.326859,0.176814,0.125404,0.548016,0.187986,-0.225917,-0.054288,0.288826,0.44739
0.145596,-0.036916,0.316877,0.095253,-0.181328,0.424729,0.100252,-0.072277,0.799122,0.134213,-0.16746,0.069822,0.31032,0.169982
-0.149499,-0.013203,0.373706,-0.039053,0.080585,0.51603,0.242161,0.129198,0.626441,0.060725,-0.221169,0.064437,0.352722,0.308132
-0.079574,-0.027219,0.36783,0.238558,-0.010926,0.288128,0.130092,0.263588,0.533451,0.198787,-0.34821,-0.08116,0.310127,0.167853
0.014399,-0.008571,0.30548,0.169949,-0.193131,0.32423,0.355487,0.300174,0.265494,0.132107,-0.103906,-0.162097,0.521102,0.137581
-0.136051,-0.104935,0.32205,0.304159,0.299413,0.338822,-0.00299,0.08231,0.460855,0.205111,0.04333,0.128577,0.346107,0.202698
0.133621,-0.177713,0.315867,0.238676,0.018911,0.359438,0.28276,0.400708,0.315709,0.091211,-0.091797,-0.039504,0.295442,0.464511
-0.135859,-0.002029,0.367237,0.041476,0.012868,0.36348,0.230626,0.155957,0.567638,0.101789,-0.282178,-0.13436,0.263837,0.094679
-0.002116,-0.045695,0.097158,0.276617,0.080648,0.427787,0.133462,0.083654,0.572779,0.130808,-0.16355,0.10593,0.485981,0.225395
0.022807,0.003221,0.395385,0.096519,-0.007243,0.347731,0.105188,0.062227,0.628046,0.181241,-0.082896,0.011106,0.44412,0.174406
-0.03517,-0.151351,0.396504,0.138066,0.144489,0.287505,0.094785,0.186949,0.615577,-0.000279,-0.245555,0.059393,0.254335,0.289657
0.117188,-0.129004,0.458081,0.11201,-0.021022,0.375867,0.124403,0.271816,0.464097,0.104773,-0.201601,-0.091521,0.505155,0.120694
0.058146,-0.16264,0.374953,0.145209,0.04031,0.415845,0.235755,0.23579,0.555058,-0.00867,-0.264104,-0.038025,0.308432,0.208965
0.149337,0.119685,0.30829,0.146443,-0.234019,0.386935,0.177825,-0.101864,0.880837,0.088004,-0.239627,0.089237,0.436441,0.263664
-0.044841,-0.003114,0.241219,0.128962,-0.076346,0.51287,0.072379,0.227261,0.384563,0.221771,-0.222067,0.078888,0.36711,0.269613
0.246264,-0.058601,0.496716,0.125479,-0.296035,0.245197,0.102265,0.168678,0.485118,0.070126,-0.072936,0.006802,0.385508,0.23179
0.055459,-0.038137,0.249521,0.208567,-0.084445,0.322839,0.248739,0.265466,0.594456,-0.025468,-0.321761,-0.09754,0.377442,0.195322
-0.185281,-0.119772,0.369415,0.232744,0.094854,0.318014,-0.003267,0.265014,0.534425,0.004079,-0.127492,-0.003211,0.339212,0.221448
0.169877,-0.237817,0.366184,0.005539,-0.087093,0.482731,0.279914,0.0571,0.558256,0.11623,-0.17987,0.030476,0.261394,0.385971
-0.035627,-0.146835,0.29368,0.22142,0.029381,0.490144,0.202982,0.118323,0.501108,0.139046,-0.077082,0.174085,0.305743,0.316575
0.053202,-0.000716,0.263242,0.192592,-0.038029,0.376119,0.039674,0.288699,0.539092,0.06373,-0.109584,0.045495,0.228791,0.231387
-0.290709,0.184528,0.165273,0.077788,0.118905,0.391611,0.20026,0.159415,0.614647,0.17371,-0.195382,-0.045423,0.083113,0.314992
-0.082634,-0.295793,0.337922,0.13611,0.221386,0.437115,0.318061,-0.093055,0.748157,0.169205,-0.32323,-0.057664,0.323477,0.33902
-0.147619,-0.364756,0.572709,0.283831,0.088804,0.407453,0.254063,0.023715,0.636763,0.04468,-0.186718,-0.005863,0.340996,0.294104
0.043431,-0.124555,0.358411,0.241323,-0.080153,0.411054,0.033169,0.129243,0.672711,0.076098,-0.162909,0.044453,0.36735,0.20649
0.054392,0.088909,0.248668,0.065847,-0.088878,0.478653,0.13226,0.221723,0.493144,0.142591,-0.13254,0.054036,0.476788,0.254629
0.111381,-0.110516,0.398509,0.21248,-0.142088,0.237148,0.172218,0.233725,0.390978,0.216623,-0.207631,-0.134095,0.514986,0.111102
0.14359,0.004389,0.500728,0.113283,-0.129647,0.281465,0.019616,0.182266,0.496286,0.207894,-0.156215,0.02287,0.463911,0.136957
0.083392,-0.175603,0.330479,0.269204,-0.068377,0.370626,0.191163,0.248308,0.529548,0.132548,-0.209382,-0.009112,0.299606,0.299503
0.221528,0.025123,0.303656,0.246978,-0.087976,0.21835,0.21568,0.326292,0.417905,0.049618,-0.20468,-0.042146,0.435996,0.204077
-0.077727,-0.051894,0.389837,0.126575,0.083918,0.292647,0.261102,0.184931,0.557547,-0.040411,-0.237546,-0.108479,0.204126,0.244913
-0.114115,-0.124968,0.450788,0.083924,-0.019262,0.420227,0.254387,0.246722,0.638975,-0.12459,-0.262431,-0.089525,0.271832,0.329763
-0.150122,-0.077313,0.431138,0.137871,-0.007878,0.492023,-0.016376,0.241837,0.538974,0.267435,-0.209134,-0.06193,0.495941,0.141908
-0.027787,-0.164705,0.454415,0.205162,0.086604,0.312878,0.194819,0.168152,0.456902,0.160734,-0.148024,0.033593,0.15733,0.267527
-0.025095,-0.111106,0.407603,0.178109,-0.031818,0.378637,0.067464,0.242168,0.615136,0.112714,-0.265113,0.06694,0.338408,0.340949
0.114001,-0.362315,0.487075,0.130623,-0.034985,0.457479,0.187928,0.262992,0.347684,0.223903,-0.218015,-0.140578,0.455924,0.16239
-0.069783,-0.040179,0.29665,0.221147,0.048959,0.327423,0.037171,0.15912,0.555756,0.0688,-0.048633,0.100727,0.324796,0.430183
-0.015932,-0.174656,0.406063,0.296789,-0.073591,0.396228,-0.042498,-0.029957,0.714772,0.31847,-0.120166,0.001415,0.368687,0.201829
-0.250306,0.041101,0.104084,0.162236,0.080853,0.56124,0.212113,0.353125,0.317966,0.217413,-0.254253,-0.08205,0.45227,0.252023
0.021271,0.130275,0.229788,0.24813,0.023638,0.32653,0.065235,0.27865,0.436201,0.132977,-0.06056,0.075265,0.49252,0.261884
0.062847,-0.23704,0.505105,0.148618,-0.122916,0.34112,0.05518,0.180935,0.608823,0.106953,-0.164259,-0.063717,0.261557,0.150915
-0.214004,-0.03405,0.402845,0.090928,-0.040333,0.435357,0.113596,-0.184547,0.75208,0.160629,-0.162449,0.002302,0.353519,0.147036
-0.181104,0.089875,0.393329,0.101442,-0.093147,0.452884,0.002616,0.287553,0.579385,0.19508,-0.126861,-0.108141,0.34101,0.244359
-0.107115,-0.264504,0.635773,0.098207,-0.085404,0.494476,0.247751,0.07428,0.434467,0.231068,-0.131896,-0.144677,0.567927,0.158181
-0.118047,-0.167197,0.311882,0.177859,-0.028884,0.473378,0.143328,0.099131,0.605894,0.10216,-0.205482,0.043838,0.328065,0.27729
-0.000478,-0.071895,0.379968,0.202785,-0.105663,0.372686,0.131342,0.110748,0.504108,0.242418,-0.247134,0.020003,0.3716,0.30724
0.017466,-0.009209,0.330594,0.13222,-0.094542,0.377646,0.185684,0.065639,0.552713,0.109537,-0.072196,0.065567,0.275584,0.235935
0.148475,-0.054981,0.484768,0.100496,-0.308895,0.418262,0.247391,0.244324,0.564168,0.149677,-0.387875,-0.07834,0.49931,0.167985
0.017228,0.151826,0.064556,0.042732,-0.099346,0.474325,0.330021,0.202665,0.474306,0.082275,-0.29328,0.01876,0.364159,0.438741
-0.111489,-0.273832,0.485267,0.271522,0.14269,0.31604,0.258907,-0.450656,1.040205,0.222473,-0.182921,-0.040451,0.262922,0.258535
0.009867,-0.095508,0.360742,0.20887,-0.027205,0.347404,-0.01575,0.236988,0.510879,0.164808,-0.127398,0.099298,0.343353,0.323294
-0.041495,0.049342,0.308163,0.242688,-0.055886,0.312048,0.2277,0.229757,0.614409,0.084673,-0.211261,-0.06965,0.271207,0.264983
-0.103707,-0.245173,0.433928,0.280086,-0.111034,0.444247,0.066475,-0.250176,0.829265,0.403279,-0.036202,-0.075576,0.360449,0.306989
-0.261312,-0.068105,0.325713,0.229081,0.071367,0.425745,0.121411,0.338143,0.513467,0.090464,-0.283918,-0.035204,0.368011,0.415965
0.04696,-0.107198,0.347598,0.225521,-0.094236,0.217447,0.492262,0.228739,0.282724,0.227514,-0.43159,-0.27883,0.316037,0.124401
0.000932,-0.092145,0.296482,0.241152,0.012581,0.469645,0.356865,0.281134,0.374157,0.134792,-0.318229,-0.059316,0.424992,0.193183
-0.09976,-0.135912,0.380202,0.153951,0.113727,0.444174,0.099191,0.188598,0.460939,0.231588,-0.126077,0.085904,0.359003,0.364875
0.127151,0.163746,0.43524,0.07627,-0.222948,0.20508,0.167518,0.172956,0.513111,0.298628,-0.225652,-0.206385,0.432871,0.028149
-0.228288,-0.090249,0.393969,0.175672,0.137659,0.407489,0.105048,0.202737,0.678314,0.072762,-0.315285,0.018614,0.323591,0.394775
0.175727,-0.174146,0.367497,0.294379,-0.151569,0.198644,0.023962,0.025385,0.546473,0.281536,-0.095798,0.012079,0.298175,0.265738
0.103656,-0.184861,0.307572,0.235843,0.050439,0.332608,-0.055469,0.564097,0.308546,0.045743,-0.109433,0.112803,0.322756,0.313654
0.099839,-0.238051,0.370855,0.294033,-0.029239,0.427915,0.245997,0.374068,0.443678,0.083089,-0.307053,0.031676,0.490342,0.341872
0.25461,-0.147021,0.189174,0.13164,-0.034808,0.524783,0.389903,0.07616,0.384261,0.204103,-0.149893,0.043474,0.539023,0.221884
-0.118303,-0.155467,0.423534,0.311657,0.058076,0.278845,0.115909,0.086856,0.646897,0.20094,-0.296961,0.05403,0.25149,0.393596
0.062497,0.000273,0.371156,0.077093,-0.118467,0.448395,0.339917,0.400869,0.448681,-0.018913,-0.438669,-0.070165,0.424874,0.236717
0.090397,-0.123843,0.359613,0.088986,-0.00257,0.416185,0.042015,0.213036,0.69255,-0.045879,-0.121744,0.068768,0.244146,0.339105
0.187404,-0.069266,0.298246,0.070158,-0.138097,0.275747,0.006649,0.220406,0.566641,-0.001674,-0.071201,-0.003395,0.230364,0.295092
-0.049055,-0.052152,0.287552,0.190738,-0.057895,0.451178,0.069602,0.09919,0.788508,-0.065936,-0.242604,0.066922,0.263011,0.421948
-0.154219,0.055098,0.402143,0.043172,0.083463,0.357466,0.314802,0.25348,0.584205,0.086424,-0.194942,-0.185973,0.344187,0.414315
-0.004376,0.069778,0.339949,0.081333,-0.113767,0.469837,0.129296,0.123159,0.589076,-0.040874,-0.07167,0.129016,0.603253,0.289537
0.003827,-0.279364,0.40034,0.174531,0.069373,0.370197,0.174187,0.104965,0.533216,0.089208,-0.136014,-0.033947,0.219826,0.437172
0.083729,0.032281,0.305331,0.107646,-0.09347,0.323946,0.130849,0.201809,0.588981,0.04776,-0.209344,0.048326,0.296309,0.419101
-0.050797,-0.094122,0.337299,0.071733,0.073328,0.451764,0.208605,0.28361,0.471594,0.071615,-0.161313,0.036391,0.325056,0.356491
-0.01308,0.096181,0.274524,0.087405,-0.128941,0.242797,0.189362,0.372944,0.369888,0.042508,-0.242565,-0.134553,0.324322,0.226188
-0.046949,-0.153252,0.273935,0.190365,0.050744,0.268302,0.199684,0.161963,0.450608,0.180586,-0.144635,-0.043887,0.101903,0.34294
-0.087067,-0.0322,0.355969,0.101243,0.091269,0.406776,0.061698,0.465338,0.37157,0.076894,-0.206435,-0.06242,0.410678,0.263578
0.178549,-0.148163,0.327547,0.093399,-0.053421,0.399957,-0.031333,0.200099,0.526857,0.113415,-0.092472,0.013677,0.314922,0.216761
0.244232,-0.032564,0.267454,0.172279,-0.212944,0.317837,0.489697,0.134749,0.368465,0.15515,-0.264509,-0.115259,0.442222,0.106657
-0.057515,0.070536,0.332931,0.028971,-0.186521,0.494444,0.079648,0.18501,0.399563,0.322023,-0.140759,0.01104,0.39168,0.257494
-0.343398,0.029064,0.46749,-0.040261,0.162814,0.524097,0.105344,0.034216,0.628903,0.166345,-0.224746,0.003015,0.387597,0.388783
0.021375,-0.075126,0.324305,0.26679,-0.056923,0.3139,0.021673,0.253994,0.537728,0.115735,-0.142815,0.174524,0.2706,0.461564
-0.337388,0.074251,0.265324,0.081109,0.280775,0.465382,0.336871,0.152506,0.557771,0.139599,-0.258308,-0.149376,0.167203,0.345178
-0.225135,0.007387,0.465772,0.145594,-0.073901,0.331471,0.110169,0.129793,0.573576,0.149582,-0.109308,0.020922,0.17707,0.315678
-0.079581,-0.177345,0.416886,0.120563,0.061945,0.500155,0.065197,0.251933,0.457501,0.175748,-0.112578,0.072035,0.367837,0.242742
0.053604,-0.110099,0.372994,0.110876,-0.154262,0.312926,0.030407,0.403361,0.408251,0.047855,-0.198978,0.007694,0.251362,0.264357
-0.056531,0.057522,0.385604,0.084796,-0.011292,0.301541,0.347724,-0.010872,0.599788,0.195582,-0.296797,-0.023126,0.316018,0.284956
-0.196966,-0.107511,0.479658,0.033033,0.074988,0.430103,0.261603,-0.069663,0.539583,0.248575,-0.147062,-0.01196,0.282419,0.261554
-0.008739,-0.253429,0.657554,0.184268,-0.041773,0.400595,0.309886,0.113538,0.373009,0.30416,-0.193971,-0.039263,0.559639,0.145885
0.149038,0.325644,0.229806,0.079268,-0.311717,0.18151,0.368165,0.26098,0.441094,0.025508,-0.344922,-0.073022,0.361127,0.29018
0.060686,0.040525,0.332245,0.064037,-0.189727,0.468224,0.166804,0.088676,0.542421,0.166129,-0.264696,0.007853,0.43025,0.292965
0.14713,-0.124501,0.37947,0.099145,-0.104515,0.36625,0.075854,0.072944,0.626263,0.127468,-0.043714,0.084617,0.173734,0.4947
0.017467,-0.137807,0.354283,0.059955,-0.049356,0.519074,-0.027718,0.287635,0.428578,0.086161,-0.073093,0.137732,0.448594,0.277123
0.047254,-0.22094,0.346625,0.143631,0.005035,0.393521,0.033434,0.220815,0.488139,0.225115,-0.177014,0.090165,0.327621,0.393942
-0.038852,0.196626,0.299901,0.136007,-0.082295,0.250692,0.462384,0.264673,0.294182,0.186197,-0.373013,-0.226143,0.341449,0.124464
-0.088771,-0.113202,0.210428,0.105211,0.095038,0.394774,0.135772,0.444911,0.339588,-0.029213,-0.372549,-0.043498,0.218443,0.331066
-0.030162,0.009299,0.24383,0.215976,-0.108106,0.464151,-0.02461,0.049457,0.582983,0.225555,-0.134869,0.033669,0.577653,0.101655
-0.098448,-0.025647,0.324941,0.19991,0.011856,0.260371,-0.053144,0.227821,0.534636,0.132169,-0.169033,0.053548,0.178553,0.222625
-0.210824,0.016524,0.302129,0.110139,0.02266,0.433571,0.301087,0.249064,0.506296,0.059719,-0.259767,-0.07259,0.343229,0.328854
-0.022162,-0.009585,0.427461,0.266849,-0.122152,0.259623,-0.057061,0.463884,0.392876,0.065152,-0.131405,0.050756,0.20345,0.332717
0.142691,-0.173325,0.440717,0.168706,-0.15469,0.52581,0.043551,0.208974,0.53236,-0.022677,-0.132683,0.196001,0.582491,0.143332
0.170701,-0.004373,0.380168,0.093192,-0.214894,0.262196,0.110641,0.157736,0.801655,-0.043718,-0.179988,0.090417,0.242858,0.533257
0.072378,-0.079145,0.355448,0.259048,-0.138809,0.262064,0.189976,0.113693,0.655997,0.077973,-0.201785,-0.073103,0.208854,0.387953
0.202635,-0.148152,0.434988,0.275256,-0.165792,0.225937,-0.064497,0.105029,0.827066,0.137047,-0.13915,-0.040407,0.510337,0.229645
0.115239,-0.100953,0.377316,0.135562,-0.101468,0.381186,0.153904,-0.24631,0.780534,0.256386,-0.257891,-0.018985,0.486115,0.141962
0.0315,-0.292874,0.468166,0.06716,0.025685,0.433178,-0.170527,0.136169,0.632562,0.206345,-0.000226,0.116885,0.418094,0.365299
-0.279363,0.154676,0.297357,0.184829,0.101441,0.399582,0.257227,0.476223,0.273685,0.05245,-0.16981,-0.07867,0.363219,0.236432
0.215264,-0.166243,0.36719,0.174547,-0.111322,0.361598,0.146259,0.139881,0.459435,0.235634,-0.101944,0.066244,0.463985,0.113885
-0.022772,-0.060961,0.277643,0.022863,0.046141,0.450066,0.175618,0.281784,0.408969,0.109082,-0.205472,0.039869,0.3513,0.170526
0.093412,-0.095149,0.300707,0.167634,-0.127256,0.357623,0.262005,0.202723,0.455785,0.092723,-0.143758,-0.255388,0.369201,0.053249
0.161577,0.036103,0.328016,0.300244,-0.091708,0.236447,0.105745,0.148882,0.578371,0.136124,-0.169006,0.047816,0.475083,0.32464
-0.060293,-0.269164,0.629574,0.190301,0.055441,0.255703,-0.019194,0.18802,0.524076,0.279616,-0.148939,-0.068025,0.40133,0.207519
0.018809,-0.080217,0.334109,0.090611,-0.15696,0.411503,0.424461,0.215781,0.396817,0.016364,-0.195658,-0.079968,0.367822,0.181766
-0.101641,-0.022143,0.216867,0.22198,0.021281,0.461766,0.115672,0.073289,0.594098,0.114297,-0.123903,0.033233,0.330058,0.249915
-0.241707,0.022776,0.409136,0.328614,0.14062,0.356298,-0.173978,0.195169,0.678082,0.245489,0.038133,0.184532,0.317331,0.445975
0.075157,-0.022791,0.305468,0.103117,-0.109143,0.257519,0.094549,0.1351,0.60799,0.155801,-0.155482,-0.030023,0.231778,0.33317
-0.196235,-0.27373,0.397834,0.104968,0.09905,0.529023,0.178333,0.346994,0.464824,0.151094,-0.2588,0.000765,0.345417,0.342627
-0.057265,-0.148895,0.323954,0.311782,0.061668,0.302404,0.049359,0.254637,0.473783,0.099625,-0.117511,-0.005529,0.229755,0.303917
-0.071445,-0.245335,0.443152,0.272555,0.088831,0.389058,-0.003808,0.409181,0.490202,0.120685,-0.188089,0.027362,0.361407,0.291141
0.052726,0.002385,0.255334,0.093171,-0.059457,0.391529,0.065083,0.41174,0.519733,-0.02219,-0.315766,-0.042841,0.381753,0.230901
0.20056,-0.080879,0.218462,0.3249,-0.036743,0.327986,0.11461,0.211349,0.383976,0.240648,-0.169523,0.011514,0.452824,0.283834
-0.065326,-0.043512,0.2784,0.098924,0.08259,0.480812,0.240525,0.078823,0.588863,0.064841,-0.212216,0.098821,0.373222,0.315819
0.093386,0.112242,0.304412,0.171043,-0.202727,0.256036,-0.005982,0.110435,0.56826,0.193374,-0.071742,-0.066278,0.478115,0.186276
0.223139,-0.160866,0.497724,0.190788,-0.179968,0.222928,-0.106392,0.26733,0.483592,0.203247,-0.031218,0.058336,0.462746,0.243445
-0.039372,-0.049392,0.252497,0.204254,0.030423,0.345039,0.208462,0.104757,0.609271,0.128408,-0.190511,-0.099982,0.12302,0.379855
0.093206,-0.039844,0.211128,0.092674,0.068849,0.364716,0.107662,0.267514,0.452897,0.143534,-0.091272,0.026183,0.353825,0.258785
0.272916,-0.03259,0.297889,0.042025,-0.242831,0.486932,0.33866,0.034207,0.521977,0.30691,-0.392055,-0.198945,0.645125,-0.012927
-0.085805,-0.026242,0.322803,0.172346,-0.01708,0.415328,0.133072,0.116602,0.510363,0.085459,-0.154457,0.034904,0.482146,0.168428
0.121397,-0.063927,0.310468,0.133353,-0.049307,0.510869,0.346108,0.195111,0.354555,0.135229,-0.225339,-0.038426,0.670489,0.035082
-0.25242,-0.14293,0.406126,0.299951,0.22644,0.321881,0.05493,-0.011155,0.660434,0.28921,-0.084905,0.021582,0.193246,0.332203
-0.088721,-0.024178,0.321789,0.157409,0.135218,0.287717,0.338542,0.33821,0.622209,0.014122,-0.428559,-0.164938,0.233282,0.301012
-0.099031,0.058894,0.113173,0.1916,0.139809,0.389034,0.133415,-0.092473,0.66454,0.232262,-0.17831,-0.015691,0.193399,0.400446
0.27437,-0.141903,0.268457,0.296066,-0.053002,0.275647,0.085487,0.363745,0.456342,0.083602,-0.25946,0.045546,0.386114,0.377021
-0.036978,-0.103836,0.468977,0.187369,-0.032927,0.283989,0.064831,0.122621,0.537022,0.183105,-0.138968,0.077061,0.197296,0.2836
0.109547,0.110332,0.103131,0.25017,-0.054994,0.458816,0.051879,0.093757,0.707326,0.257709,-0.165702,0.010106,0.432152,0.161395
-0.092765,-0.026115,0.276184,0.054451,0.029013,0.572291,0.170827,-0.059554,0.678121,0.159201,-0.111178,0.077284,0.4995,0.340843
0.109059,-0.066292,0.337669,0.133068,-0.080612,0.460683,0.276451,0.103147,0.578666,0.093591,-0.412996,-0.025595,0.586518,0.064934
-0.071808,-0.010676,0.294214,0.180466,0.093817,0.397065,0.242301,0.168632,0.570174,-0.00025,-0.313644,-0.035768,0.390877,0.275002
-0.109164,-0.031828,0.329277,0.053669,0.090649,0.373279,0.061431,0.215975,0.546269,0.135842,-0.079659,-0.038393,0.295354,0.206389
-0.182638,-0.221252,0.539393,0.197269,0.024276,0.359036,0.04056,0.070337,0.680775,0.181939,-0.155007,0.019214,0.230544,0.27739
0.039618,0.029178,0.253538,0.129426,-0.025006,0.42477,0.114843,0.318984,0.508163,0.06279,-0.21193,0.013763,0.39471,0.356623
-0.18493,-0.013003,0.328802,0.060482,0.053458,0.495682,0.296104,0.213802,0.386498,0.170706,-0.299442,-0.048443,0.439009,0.131769
-0.040087,-0.050365,0.227501,0.183585,-0.003923,0.53994,-0.083853,0.299376,0.582887,0.056096,-0.038249,0.125684,0.415309,0.38243
-0.276459,-0.011191,0.334251,0.212871,0.009162,0.410475,0.218367,-0.016833,0.566037,0.251513,-0.184435,-0.031534,0.373237,0.162072
0.255218,0.017173,0.286737,0.286233,-0.372589,0.377555,0.070692,0.231044,0.528844,0.045686,-0.191786,0.197338,0.331019,0.391072
0.056766,0.056081,0.315059,0.299673,-0.027526,0.099607,0.161725,0.206908,0.544551,0.108486,-0.153838,-0.007906,0.124936,0.402005
-0.257804,-0.240628,0.474102,0.275904,0.13217,0.435445,-0.158807,0.090996,0.684996,0.193846,-0.140154,0.141938,0.274136,0.323653
-0.092239,-0.209716,0.458105,0.303017,-0.018018,0.376392,-0.034091,0.099088,0.734492,0.07574,-0.024684,0.111283,0.294909,0.464126
-0.073176,0.035216,0.168327,0.034355,-0.011122,0.498094,0.212918,0.199833,0.465331,0.116944,-0.281269,0.074423,0.25391,0.342307
-0.068746,0.015256,0.353369,0.090748,-0.088605,0.327792,0.103057,-0.106296,0.810406,0.052074,-0.160551,0.091005,0.233953,0.297517
0.296839,-0.066233,0.360902,0.148654,-0.293634,0.224825,-0.081629,0.141675,0.624406,0.096936,-0.18044,0.210812,0.358672,0.284282
-0.091158,0.034976,0.270649,0.203215,-0.052329,0.363081,0.161239,0.051787,0.571198,0.275837,-0.255167,-0.122101,0.291927,0.031836
0.148807,0.112782,0.342614,0.090348,-0.376875,0.303154,0.324786,0.325221,0.394939,0.208772,-0.454369,-0.164784,0.502028,-0.005073
-0.015665,-0.001548,0.22613,0.058315,-0.04914,0.463673,0.336486,0.000701,0.633665,0.171227,-0.19635,-0.178661,0.356833,0.298438
-0.051647,-0.075011,0.260691,0.219795,-0.017713,0.368114,0.229465,0.187828,0.490812,0.144729,-0.162269,0.07188,0.204549,0.426177
0.077801,0.006497,0.381831,0.154028,-0.022283,0.217856,0.198319,0.174943,0.445496,0.228599,-0.195488,-0.0602,0.243907,0.268077
-0.035505,0.055224,0.355674,0.074388,0.056769,0.35889,0.219596,0.223025,0.575198,0.032606,-0.107258,0.015464,0.338489,0.295654
-0.238696,0.08845,0.379298,0.189617,0.040801,0.341877,-0.02161,0.227604,0.49774,0.249795,-0.063298,-0.073905,0.484845,0.112839
0.040969,-0.210496,0.543517,0.10046,-0.068391,0.2881,0.205217,0.255767,0.431658,0.219651,-0.285865,-0.06066,0.316972,0.278436
-0.113773,-0.060632,0.519978,0.104644,0.088754,0.456343,-0.043967,0.356946,0.548584,0.117341,-0.170709,0.10302,0.471594,0.36868
0.121217,0.006066,0.153229,0.126236,-0.061848,0.529841,0.110405,0.276127,0.553842,0.110256,-0.255798,-0.101269,0.490476,0.235985
-0.130103,-0.039216,0.264875,0.037136,-0.013788,0.586565,0.125243,0.28219,0.542032,0.013975,-0.250386,0.035333,0.481472,0.272862
0.174608,-0.179807,0.206415,0.278501,0.006906,0.351249,0.078818,0.220571,0.562398,0.06003,-0.108824,0.035253,0.407914,0.292303
0.25921,0.140279,0.150718,0.188096,-0.127504,0.301397,0.233636,0.136239,0.414944,0.173617,-0.10106,0.007445,0.462604,0.107063
-0.174919,-0.073516,0.335183,0.106114,0.094966,0.470591,0.079179,0.398267,0.39981,0.095977,-0.274163,-0.034399,0.291243,0.312873
-0.018694,0.074284,0.390612,0.109214,-0.061894,0.265417,-0.030771,0.307086,0.612016,0.095885,-0.096285,-0.021878,0.423914,0.366422
-0.013984,-0.06394,0.322329,0.210842,-0.008809,0.361702,-0.025055,-0.071838,0.758449,0.265939,-0.154143,-0.067076,0.40531,0.051473
0.257167,-0.149508,0.456395,0.167394,-0.211256,0.370656,-0.070121,0.131574,0.718792,0.105313,-0.085668,0.025329,0.471501,0.135168
0.052765,-0.005259,0.391138,0.164452,-0.040044,0.36743,0.223722,0.225638,0.511752,0.043912,-0.2345,0.064484,0.478197,0.19782
0.032437,-0.110516,0.235094,0.014888,0.015805,0.396296,0.321991,0.110704,0.472918,0.199465,-0.321867,-0.00504,0.203851,0.508188
0.091421,-0.115552,0.34251,0.168477,-0.048842,0.387592,0.234427,0.097161,0.644653,0.175326,-0.317949,-0.066049,0.499743,0.165005
0.0788,0.034431,0.215173,0.16499,-0.03372,0.303229,0.385592,0.083923,0.393581,0.184623,-0.246454,0.029324,0.23619,0.340168
0.091159,-0.085523,0.420854,0.214118,-0.122959,0.249147,0.125166,0.418391,0.417423,0.108135,-0.273229,-0.020707,0.301466,0.352715
0.140717,-0.144753,0.481131,0.12811,-0.160035,0.271547,0.098775,-0.183726,0.767205,0.11267,-0.185392,0.133325,0.320035,0.299438
0.235064,-0.25516,0.368339,0.301529,-0.116204,0.382428,0.147114,0.16552,0.297033,0.256114,-0.154916,-0.037626,0.433622,0.145873
0.040722,0.055036,0.301997,0.178655,-0.014399,0.238196,0.291328,0.414392,0.38124,0.045576,-0.248259,-0.026222,0.21545,0.453356
0.120803,0.112481,0.149397,0.01996,-0.161424,0.366604,0.236364,-0.01133,0.590635,0.18271,-0.129441,-0.098799,0.276531,0.364853
-0.166576,-0.152183,0.459605,0.21769,0.200572,0.411192,0.089869,0.103448,0.508999,0.28506,-0.097457,-0.155347,0.380494,0.133719
-0.102437,0.069852,0.350342,0.011352,0.020767,0.440791,0.083737,0.01619,0.63603,0.210388,-0.168705,-0.005448,0.358724,0.194393
-0.240503,-0.060652,0.374556,0.300548,0.141851,0.43297,0.133924,0.012091,0.562334,0.162842,-0.171637,0.082045,0.295772,0.367813
-0.219296,0.107567,0.232725,0.216755,0.10253,0.289142,0.14146,0.140305,0.599098,0.047845,-0.110749,0.118565,0.218866,0.426673
-0.297975,-0.174887,0.250644,0.198565,0.229938,0.489701,0.07344,0.228247,0.564852,0.04995,-0.269257,0.070429,0.201274,0.299639
-0.112061,-0.270888,0.535875,0.246521,0.035555,0.300935,-0.108251,0.148143,0.53528,0.281381,-0.043084,-0.030723,0.2539,0.199461
-0.058372,0.023105,0.237708,0.098181,-0.033072,0.386186,0.077024,0.331037,0.331227,0.103937,-0.105273,0.118107,0.368314,0.358885
-0.007514,-0.092875,0.231455,0.129444,-0.128605,0.541432,0.183546,0.050501,0.678137,0.097734,-0.100112,0.0387,0.360572,0.182448
-0.135536,-0.344302,0.545628,0.218869,0.071835,0.427996,0.130411,-0.100131,0.60654,0.261103,-0.199762,0.025762,0.453156,0.110968
0.101408,-0.048068,0.292264,0.038642,-0.108558,0.451188,0.093341,0.337015,0.295956,0.075682,-0.086882,-0.018256,0.502939,0.182344
-0.066773,-0.166313,0.304897,0.181753,0.03978,0.544954,0.208408,0.278097,0.59503,-0.007767,-0.290132,-0.10746,0.507802,0.247085
0.090649,-0.163898,0.251791,0.175877,-0.010109,0.457528,0.193542,0.234239,0.399567,0.077327,-0.202381,0.128789,0.428307,0.461748
-0.071547,-0.020442,0.370488,0.133671,-0.067306,0.422334,0.209308,0.421535,0.28807,0.112315,-0.260426,-0.057081,0.523226,0.335919
-0.275239,-0.099648,0.492484,0.213676,0.192359,0.255888,0.12369,0.220357,0.387498,0.222996,-0.203705,-0.030052,0.252131,0.15222
-0.137102,-0.028239,0.288973,0.216229,-0.035636,0.394269,0.211761,-0.010802,0.618615,0.159957,-0.164982,-0.089057,0.394007,0.14472
-0.199197,-0.206449,0.347667,0.374235,0.121563,0.245741,0.281849,0.103345,0.499176,0.148493,-0.318059,-0.019917,0.216082,0.47218
-0.13964,0.172142,0.234771,0.091504,0.063699,0.281554,-0.179284,0.295375,0.582338,0.014449,-0.033225,0.122128,0.207436,0.478351
-0.251142,-7.1e-05,0.395029,0.144115,0.148075,0.369096,0.365179,0.034136,0.542712,0.187161,-0.248263,-0.10517,0.236577,0.351366
-0.301947,0.077446,0.394079,0.123372,0.024547,0.436272,0.129929,0.22004,0.606542,0.092818,-0.242485,-0.050568,0.553799,0.266558
0.038194,0.146616,0.236117,0.073201,-0.109209,0.292706,0.241405,0.208556,0.502173,0.131252,-0.154426,-0.151098,0.404558,0.1496
-0.162676,0.120366,0.303085,0.091873,-0.105313,0.499641,0.259703,0.157704,0.562364,0.033192,-0.253401,0.025805,0.434528,0.108338
0.108594,-0.079356,0.31892,0.254393,-0.003853,0.401591,0.007799,0.194912,0.508,0.19233,-0.123894,-0.063236,0.657187,0.109605
0.318081,0.117784,0.200318,-0.002715,-0.236117,0.434501,0.362663,0.075791,0.709342,0.057235,-0.278839,-0.094336,0.573353,-0.033552
-0.063819,-0.115928,0.483553,0.216522,0.007969,0.399674,0.345829,0.080995,0.543927,0.124187,-0.264263,-0.05857,0.360029,0.075166
-0.06638,0.000124,0.275738,-0.00691,0.02613,0.514145,0.093893,0.303218,0.450786,0.105344,-0.096157,0.031045,0.277181,0.358526
0.169476,-0.138984,0.316465,0.140877,-2e-05,0.245765,0.115443,-0.016279,0.647944,-0.003213,-0.034803,0.007089,0.21027,0.388096
-0.212412,-0.016995,0.394631,0.203503,0.070203,0.388082,0.241064,0.190396,0.532181,0.129127,-0.256366,-0.130083,0.446161,0.099574
0.137312,-0.028489,0.306235,0.072738,-0.006978,0.156615,0.326803,0.209709,0.468676,0.033726,-0.256308,-0.017098,0.22409,0.456368
-0.245935,-0.01979,0.347017,0.164263,0.034152,0.430433,-0.213808,0.071288,0.674757,0.14341,-0.058976,0.102767,0.438395,0.284239
0.01046,-0.118152,0.276664,0.115769,0.00792,0.499836,0.263534,-0.156232,0.522204,0.332742,-0.100575,-0.011192,0.404797,0.218953
0.143778,-0.094617,0.379946,0.233123,-0.203283,0.272754,0.305102,0.055974,0.509838,0.224751,-0.264066,-0.023234,0.415329,0.157937
0.135481,0.004719,0.262652,0.110626,-0.165388,0.329716,0.123186,0.126146,0.531308,0.240987,-0.135626,-0.00513,0.360982,0.3367
-0.067976,0.008262,0.369818,0.089514,0.027413,0.355097,0.23358,0.031009,0.711908,0.060989,-0.205339,-0.035061,0.227777,0.268303
0.175392,-0.24427,0.446101,0.076985,-0.157399,0.492946,0.278307,0.057929,0.544103,0.124277,-0.221492,-0.040865,0.475883,0.155881
-0.157318,0.146864,0.254192,0.09004,0.065835,0.372079,0.034125,0.262759,0.628193,0.00291,-0.203434,0.015611,0.186776,0.247133
-0.04361,-0.214042,0.581029,0.132338,0.000338,0.39922,0.320122,0.297619,0.44237,0.090682,-0.319575,-0.056383,0.411551,0.319963
0.116069,-0.075265,0.533567,0.155577,-0.231645,0.209347,0.0481,-0.128134,0.955212,0.144774,-0.216684,0.013251,0.25346,0.301375
0.17459,-0.095058,0.392733,0.251269,-0.035094,0.18519,0.067221,0.295372,0.46985,0.142996,-0.152549,0.0515,0.29589,0.314414
0.020521,0.054235,0.3475,0.209744,-0.070687,0.24873,0.246243,0.486371,0.358934,-0.012981,-0.321075,-0.111546,0.349459,0.304229
-0.253076,0.102689,0.43411,0.179208,-0.029198,0.416269,-0.003339,0.179481,0.655857,0.217424,-0.140605,0.042853,0.357566,0.299308
0.065219,0.134206,0.220991,0.046916,-0.10112,0.29609,0.276396,0.12463,0.634182,0.099992,-0.245104,-0.095694,0.35715,0.184318
-0.219256,-0.135455,0.590834,0.116839,-0.056961,0.189958,0.373849,0.291139,0.242817,0.14766,-0.245268,-0.067931,0.243803,0.230982
0.21415,-0.105424,0.315466,0.179316,-0.128842,0.311932,0.235204,0.193923,0.468777,0.047047,-0.247951,0.000127,0.267582,0.036033
0.000606,-0.126875,0.363857,0.184103,-0.108178,0.445108,-0.008901,0.226426,0.579061,0.232463,-0.251157,-0.008195,0.401178,0.243862
0.155991,-0.107616,0.267302,0.151561,-0.111954,0.414761,0.280583,0.247268,0.4585,0.108504,-0.209975,-0.060122,0.421892,0.366758
0.061316,-0.107801,0.391461,0.234928,-0.082308,0.325742,0.240321,0.197496,0.424739,0.188885,-0.193529,-0.047397,0.402948,0.144499
-0.134731,-0.109039,0.395447,0.263794,0.072462,0.280619,0.262331,0.214468,0.444441,0.2059,-0.310598,-0.102423,0.212239,0.260576
0.032401,-0.054386,0.268961,0.347451,-0.058707,0.322383,0.119046,0.150238,0.688021,0.086467,-0.293093,-0.034244,0.400676,0.259442
0.092384,-0.068621,0.239191,0.254039,0.031467,0.284254,0.045018,0.234152,0.393951,0.210861,-0.107625,0.027068,0.231701,0.457059
0.283691,-0.080165,0.386359,0.108636,-0.200422,0.244761,0.218376,0.184515,0.608386,0.040477,-0.275086,-0.147721,0.443687,0.051771
0.176631,0.051201,0.365366,0.108895,-0.183638,0.312433,0.067719,0.043308,0.698272,0.042103,-0.069512,0.088075,0.323198,0.247054
0.28528,-0.03316,0.22231,0.189046,-0.244315,0.28686,0.205602,-0.019471,0.66999,0.069149,-0.204545,0.047463,0.275593,0.308077
-0.3069,-0.033815,0.505625,0.168509,0.088311,0.478179,0.037011,0.256662,0.56541,0.135092,-0.182824,0.038845,0.334184,0.437157
-0.231241,-0.12205,0.432105,0.113146,0.031945,0.507036,0.147282,0.102221,0.582669,0.09427,-0.065978,0.073216,0.264841,0.441893
-0.120833,-0.107624,0.50653,0.17004,-0.109006,0.352021,0.028123,0.339606,0.607057,0.15151,-0.257002,-0.008572,0.225445,0.11256
-0.034828,0.072329,0.236976,0.15426,-0.152103,0.403671,0.162667,-0.095175,0.763627,0.297793,-0.189012,-0.172546,0.489762,0.155728
0.108999,-0.075695,0.355661,0.155792,-0.052764,0.348428,0.133924,0.235788,0.430897,0.156065,-0.197486,0.009708,0.44443,0.197659
-0.14442,-0.050435,0.430594,0.153094,0.130122,0.393531,0.194188,0.433088,0.330897,0.052603,-0.25984,-0.098997,0.331277,0.116292
-0.177121,0.000441,0.447423,0.032472,0.050014,0.47559,0.318174,0.188392,0.440982,0.13172,-0.139468,-0.045574,0.330874,0.166456
0.038736,0.005967,0.317642,0.162216,-0.005181,0.367651,0.23278,0.140258,0.544213,0.117762,-0.185893,0.003261,0.257848,0.25799
0.140164,-0.061166,0.24308,0.111029,0.001264,0.31641,0.214123,0.175334,0.556951,-0.059275,-0.166788,0.049682,0.342318,0.368889
0.283451,-0.177454,0.341074,0.147715,-0.13444,0.234922,0.109558,0.332211,0.340943,0.275064,-0.229912,-0.122919,0.361585,0.171381
-0.015205,-0.036925,0.279333,0.151072,-0.040553,0.476991,0.374235,0.100159,0.607983,-0.033651,-0.302507,0.052688,0.354162,0.366463
-0.190077,-0.131148,0.499904,0.235223,0.007984,0.35623,0.043887,-0.072081,0.820968,0.132456,-0.102239,-0.004674,0.362154,0.266819
-0.104411,-0.030518,0.257598,0.194425,-0.065318,0.429411,0.358077,0.290223,0.550894,0.032928,-0.279039,-0.2096,0.357995,0.048384
0.066093,-0.109177,0.513136,0.103075,-0.138956,0.283683,0.104155,0.083683,0.671805,0.083061,-0.195173,0.09944,0.438122,0.293133
0.109623,0.206796,0.333245,0.08918,-0.093383,0.254961,0.139939,0.121146,0.45151,0.251637,-0.147215,-0.099624,0.615855,-0.093153
-0.213712,-0.0326,0.364898,0.046824,0.245452,0.245726,0.197524,0.200005,0.731559,-0.043261,-0.317005,-0.100937,0.167126,0.301535
-0.20805,0.14541,0.35616,0.172271,0.093541,0.212675,-0.239984,0.393422,0.601661,0.06974,-0.158771,0.084411,0.112853,0.431169
0.168532,0.092898,0.364707,0.058132,-0.217931,0.320051,0.220274,0.421951,0.524439,0.008788,-0.379599,-0.023424,0.430093,0.125418
0.204453,0.138429,0.206204,0.156482,-0.179443,0.205454,0.188935,0.020969,0.620676,0.251981,-0.24167,0.056478,0.222879,0.432666
0.014791,-0.021455,0.311238,0.062191,-0.019027,0.444448,0.271685,0.113443,0.586882,0.028641,-0.269818,-0.056017,0.430863,0.169605
-0.213157,-0.01912,0.283365,0.094954,0.134868,0.365309,0.027582,0.29909,0.45888,0.175728,0.004567,-0.084863,0.217176,0.397821
0.00766,-0.14814,0.411786,0.17953,0.000621,0.274489,0.208325,0.173907,0.617249,0.13522,-0.275764,-0.011905,0.170474,0.339595
0.115589,0.011653,0.385301,0.080384,-0.115229,0.482713,0.325274,-0.057942,0.69689,0.166847,-0.179644,-0.057261,0.610384,0.011295
-0.047488,-0.074402,0.334277,0.174848,-0.082514,0.422679,0.197364,0.225066,0.406675,0.176647,-0.146409,-0.135121,0.507283,0.127935
-0.082242,-0.104291,0.350514,0.117088,0.102377,0.449084,0.284489,0.223464,0.421117,0.191974,-0.257834,-0.100043,0.483205,0.321088
0.156602,0.004173,0.300814,0.111229,-0.114343,0.23173,0.231754,0.207156,0.493191,0.080818,-0.310617,0.00338,0.303693,0.311916
0.032936,0.026919,0.153694,0.168667,0.014173,0.281821,0.30597,0.313546,0.273534,0.237459,-0.176748,-0.233443,0.276959,0.230079
-0.064377,-0.125675,0.290533,0.150569,0.09886,0.390688,-0.10238,0.230361,0.639775,0.111305,-0.05829,0.091475,0.203709,0.37099
0.142745,-0.078621,0.281378,0.123677,-0.06436,0.300409,0.12497,0.227876,0.353326,0.143714,-0.026676,-0.045081,0.25176,0.181014
-0.045793,-0.156068,0.555906,0.050306,-0.116013,0.479132,0.286392,0.269763,0.458203,0.013873,-0.270161,-0.058515,0.512406,0.164163
-0.46987,-0.168675,0.613706,0.243025,0.28233,0.346927,0.185418,0.362587,0.43101,0.141221,-0.183107,-0.128916,0.404036,0.291843
0.020494,-0.059057,0.26179,0.125145,-0.053248,0.343561,0.170073,0.230088,0.396749,0.286214,-0.102042,-0.098871,0.266214,0.229903
-0.329694,-0.069571,0.415356,0.250946,0.161781,0.519967,0.06482,-0.015572,0.709793,0.184085,-0.010351,0.106392,0.315884,0.287825
-0.17932,-0.073663,0.437925,0.191683,0.107791,0.434871,0.015726,0.091884,0.622379,0.179941,-0.113758,0.097543,0.329508,0.223236
0.280004,-0.027289,0.298767,0.031611,-0.170833,0.501205,0.325439,0.004699,0.525233,0.231005,-0.182957,-0.141373,0.565595,-0.041301
-0.17986,-0.075259,0.379612,0.164869,0.109552,0.278035,0.17285,0.23524,0.47399,0.215829,-0.304808,-0.087556,0.173092,0.340789
-0.033479,-0.225229,0.349824,0.269231,0.014882,0.403755,0.083633,0.041373,0.553374,0.258711,-0.114305,-0.055764,0.418322,0.071831
-0.060711,-0.019178,0.333006,0.120981,-0.02572,0.394587,0.370833,0.28779,0.373654,0.023036,-0.387847,-0.072939,0.32981,0.36035
0.092159,-0.140694,0.333141,0.169995,0.079562,0.457948,0.12059,0.212555,0.361213,0.215334,-0.115052,0.088318,0.33092,0.313797
0.113799,-0.254352,0.3486,0.28239,0.002934,0.368582,0.117992,0.266922,0.656987,0.121385,-0.388103,0.036576,0.348031,0.129659
0.045433,0.020363,0.532041,0.07398,-0.173189,0.288355,0.009814,0.04893,0.699619,0.172164,-0.171641,-0.113068,0.627619,-0.116909
0.130424,-0.14668,0.451426,0.119045,-0.112963,0.431057,0.25827,0.133357,0.526516,0.139817,-0.240678,-0.064255,0.551084,-0.114344
-0.163348,-0.123131,0.28999,0.211402,0.087117,0.470686,0.213539,0.190179,0.364448,0.259757,-0.197055,-0.069215,0.376543,0.163897
-0.142484,-0.142893,0.386448,0.158088,0.148023,0.582896,0.098252,0.256621,0.384718,0.153004,-0.233877,0.005673,0.495213,0.064089
0.030185,-0.052786,0.396833,0.127299,0.053874,0.309601,0.153787,0.126146,0.64377,0.103784,-0.134813,0.010205,0.248144,0.292433
-0.210752,0.088738,0.231966,0.181775,0.120543,0.506766,0.220927,0.241244,0.633468,0.00846,-0.246827,-0.038942,0.353853,0.349133
-0.258859,0.085541,0.268725,0.13326,0.228838,0.374615,0.124776,0.392578,0.379036,0.27772,-0.23129,-0.008382,0.253494,0.449591
0.143916,-0.147529,0.292927,0.11949,-0.147345,0.563641,0.227613,0.281342,0.538304,-0.023334,-0.28685,0.057734,0.538445,0.278808
-0.057267,-0.079837,0.439824,0.23316,-0.029798,0.4132,0.084657,0.168937,0.454323,0.214283,-0.122528,-0.036981,0.533343,0.010226
0.147655,-0.182239,0.407456,0.141139,-0.041423,0.419613,-0.035874,0.107204,0.716848,0.205697,-0.117226,-0.101917,0.614776,0.04427
0.121633,-0.047907,0.205706,0.179848,-0.028163,0.349506,0.21888,0.002839,0.665651,0.097482,-0.188313,0.055968,0.4341,0.186099
0.094796,-0.07258,0.337488,0.206465,0.00408,0.284496,0.299566,0.209817,0.479165,0.25234,-0.223218,-0.029192,0.230597,0.381949
0.030697,-0.208807,0.478703,0.18906,-0.01058,0.428565,0.259456,0.320938,0.29827,0.144923,-0.202613,-0.113746,0.492656,0.080241
0.099051,-0.063502,0.52346,0.190368,-0.096925,0.237312,0.10064,0.290651,0.443015,0.148063,-0.096788,-0.041448,0.386701,0.098342
0.204234,-0.000576,0.384669,0.173144,-0.212428,0.226297,0.220553,-0.09133,0.779065,0.166998,-0.257253,-0.035844,0.474481,0.133376
-0.317599,-0.007975,0.431122,0.092022,0.167308,0.463809,0.235595,-0.032542,0.633695,0.142192,-0.185171,0.016835,0.233238,0.387215
0.191749,-0.28455,0.268055,0.168135,0.027683,0.434236,0.01642,0.066921,0.611802,0.271925,-0.105303,-0.085658,0.425608,0.048923
0.000128,-0.199144,0.394716,0.173908,-0.005453,0.442701,0.125154,0.228236,0.560477,0.149462,-0.25903,0.037496,0.421496,0.19876
-0.055313,-0.177962,0.431044,0.090089,0.053151,0.430639,0.140582,0.010403,0.581447,0.231535,-0.153116,-0.000286,0.268158,0.327736
0.033102,-0.358374,0.631351,0.278853,-0.108214,0.293373,-0.036409,0.152039,0.588109,0.20117,-0.232182,0.088201,0.353182,0.246585
0.175386,-0.146456,0.370408,0.213884,-0.070111,0.235737,0.12019,0.239936,0.329656,0.237174,-0.15759,-0.109809,0.451457,0.205888
0.114419,-0.13012,0.205555,0.201922,0.001282,0.368696,0.446862,0.027364,0.490234,-0.011642,-0.275789,0.027795,0.439745,0.239088
-0.089531,-0.120165,0.291103,0.17412,0.085297,0.362883,-0.063938,0.244255,0.623226,0.153895,-0.150321,0.119714,0.290888,0.328789
-0.151218,0.067402,0.265531,0.140459,0.019383,0.464099,0.066859,-0.079327,0.619989,0.296135,-0.061894,0.012894,0.346737,0.192725
0.338571,-0.146022,0.376029,0.288131,-0.245573,0.030265,0.084293,0.143981,0.630552,0.112524,-0.016122,0.133022,-0.08476,0.616813
-0.179456,0.10448,0.415237,0.072389,-0.087306,0.448138,0.123063,0.120627,0.635674,0.066427,-0.127532,0.030659,0.338326,0.160432
0.157023,-0.186854,0.478494,0.215503,-0.149051,0.32859,0.287384,0.080185,0.493497,0.313166,-0.320589,-0.047088,0.464793,0.027708
-0.274419,0.089766,0.340309,0.110845,0.112341,0.444299,-0.14655,0.361221,0.496906,0.176817,-0.105272,0.079109,0.35929,0.286762
-0.079556,0.124042,0.311745,0.074397,-0.088565,0.419437,0.121321,0.095935,0.604338,0.175911,-0.251432,0.07236,0.333044,0.319276
-0.01318,-0.09892,0.299684,0.170176,0.077211,0.431828,0.304172,-0.036145,0.581454,0.167464,-0.248128,0.083356,0.377759,0.367669
-0.321322,-0.28813,0.541084,0.367698,0.088712,0.385153,0.04332,0.208406,0.574561,0.33539,-0.277907,-0.039152,0.310854,0.112905
-0.305277,-0.115623,0.44329,0.177517,0.2437,0.378246,0.089623,0.177355,0.629383,0.098318,-0.214419,0.165159,0.165278,0.564981
0.041553,-0.147612,0.201285,0.205794,-0.043392,0.402916,-0.103399,-0.008026,0.734541,0.252825,-0.084742,-0.101423,0.381307,0.294171
-0.030854,-0.075958,0.343506,0.148446,-0.021289,0.275494,0.303357,0.031869,0.710608,0.027261,-0.256105,0.024327,0.100182,0.408526
0.122256,0.008927,0.263469,0.075621,-0.122803,0.24576,0.140998,0.181006,0.502935,0.228383,-0.190979,-0.043221,0.214903,0.299955
-0.341652,-0.180474,0.377033,0.213349,0.273803,0.355454,0.383416,0.167683,0.519257,0.154582,-0.461841,0.018876,0.251561,0.399356
0.100587,-0.147707,0.383395,0.100641,-0.103399,0.457407,0.255444,0.24246,0.419549,0.067534,-0.338906,-0.113861,0.608783,0.222114
-0.005843,-0.014866,0.490011,0.106458,-0.026612,0.39593,-0.037104,0.227289,0.666978,0.225145,-0.248085,-0.029961,0.506736,0.102988
-0.13154,0.048044,0.426616,0.097771,-0.005076,0.460474,0.250993,0.02414,0.545235,0.229936,-0.202286,0.02127,0.53914,0.220286
-0.004619,-0.249827,0.393504,0.155848,-0.015502,0.406645,-0.155423,0.032573,0.773115,0.211064,-0.047579,0.22227,0.213209,0.480274
-0.132961,-0.175848,0.353356,0.180933,0.096652,0.391443,-0.000161,0.114527,0.619912,0.130226,-0.133682,0.120585,0.12745,0.381514
0.007217,-0.067927,0.565856,0.14775,-0.091085,0.290478,0.424237,0.267748,0.262533,0.166861,-0.33892,-0.10731,0.477574,0.073859
-0.104612,-0.007902,0.388778,-0.000336,0.045186,0.542285,0.252935,0.067322,0.597109,0.187128,-0.31311,-0.010821,0.470644,0.295437
-0.270518,0.089294,0.356645,0.20082,0.115534,0.300428,0.100688,0.190851,0.568034,0.180424,-0.146765,-0.046689,0.219455,0.406009
0.173582,-0.038119,0.297619,0.214184,-0.211127,0.341591,-0.069833,0.216655,0.593806,0.143097,-0.101583,0.074702,0.320233,0.437394
-0.000624,-0.193225,0.238282,0.157239,0.015585,0.515508,0.165717,0.303224,0.379635,0.120003,-0.287745,0.095464,0.474644,0.343348
0.196784,0.048893,0.313499,0.030097,-0.224569,0.386384,0.280778,0.422656,0.388252,0.03655,-0.300093,-0.055114,0.450603,0.159097
-0.051568,0.033661,0.447961,0.143487,-0.139092,0.299673,0.169515,0.11529,0.601821,0.152024,-0.286591,0.035629,0.254697,0.318788
-0.002042,-0.04109,0.378076,0.199161,-0.203775,0.320878,0.115822,0.22468,0.572595,0.166338,-0.188073,-0.059194,0.287572,0.267138
-0.132258,-0.203748,0.476528,0.184118,0.140505,0.368049,0.240585,0.118921,0.414871,0.145178,-0.197498,0.033413,0.257232,0.225891
0.07338,-0.21335,0.470694,0.252042,0.016349,0.263828,0.164198,0.147269,0.44138,0.23097,-0.223673,-0.009598,0.331534,0.203298
-0.122782,-0.037397,0.328488,0.219758,-0.006102,0.480618,0.161187,0.25893,0.572609,0.08714,-0.181154,-0.084327,0.3855,0.141438
-0.035028,-0.09409,0.476748,0.258372,-0.043711,0.325877,0.044097,0.029724,0.528994,0.295845,-0.184653,0.028895,0.373895,0.110642
-0.036628,-0.104472,0.544422,0.202087,-0.025392,0.361656,0.093027,0.105434,0.647221,0.235119,-0.138096,-0.055794,0.561735,0.132242
0.357395,-0.064897,0.215524,0.182025,-0.141148,0.228854,0.262481,0.304134,0.365789,0.059472,-0.22505,-0.109511,0.417744,0.199511
-0.215542,0.101193,0.49821,-0.058006,-0.009202,0.523559,0.114907,0.016145,0.630499,0.175433,-0.268065,0.075159,0.413502,0.163348
-0.073186,-0.091451,0.27679,0.195255,-0.04424,0.380896,-0.016134,-0.035424,0.802071,0.102186,-0.18667,0.150155,0.377735,0.280961
-0.50103,0.077581,0.511815,0.190626,0.20698,0.318685,0.103675,0.239719,0.520134,0.081861,-0.220855,0.060941,0.150803,0.540008
0.08147,-0.137116,0.441633,0.119749,-0.147903,0.297327,0.280521,0.459022,0.336795,0.055855,-0.314219,-0.059242,0.3168,0.163824
0.145394,-0.179925,0.360957,0.160841,-0.131837,0.387521,0.287229,0.153023,0.639909,0.115581,-0.287809,-0.135338,0.386583,0.279142
0.090992,-0.116107,0.460959,0.156266,-0.136524,0.421413,0.110335,0.186021,0.633481,0.112605,-0.212791,-0.012045,0.379707,0.21575
0.094236,0.031825,0.395703,0.151283,-0.232278,0.417755,0.139573,0.038757,0.697778,0.063559,-0.180054,0.075575,0.41344,0.138199
-0.169591,-0.182186,0.486175,0.25112,0.077554,0.298448,0.082899,-0.153586,0.815198,0.163968,-0.154579,-0.065656,0.216327,0.176836
-0.016384,0.086086,0.404548,0.141889,-0.089082,0.379571,0.144602,0.184131,0.597484,0.095164,-0.21411,0.008182,0.438975,0.243456
-0.286373,0.13657,0.276177,0.051209,0.088049,0.607046,0.100864,0.278806,0.555441,-0.01662,-0.229518,0.062388,0.500571,0.29567
-0.025698,0.11282,0.3626,0.108076,-0.062415,0.336613,0.005152,0.313452,0.587487,0.073632,-0.155484,0.00871,0.403472,0.269124
-0.01799,-0.090648,0.249753,0.202497,0.105487,0.397001,0.338034,0.194461,0.359958,0.171754,-0.244253,-0.091942,0.368521,0.309468
-0.168446,-0.153043,0.59685,0.053177,0.054271,0.164607,0.166145,0.005782,0.727966,-0.004142,-0.177668,-0.128244,0.095973,0.068788
-0.046778,-0.104816,0.26355,0.187028,-0.013642,0.375839,0.153953,0.078572,0.602887,0.116846,-0.153879,-0.053787,0.259832,0.313989
-0.063779,0.065861,0.304082,0.146428,0.072983,0.308854,0.215515,-0.001809,0.74608,0.004519,-0.19356,0.050903,0.289489,0.434366
0.084157,-0.04779,0.329815,0.236983,0.036737,0.159031,0.192188,0.382918,0.301926,0.153673,-0.220074,-0.112715,0.234474,0.325272
-0.088845,-0.008513,0.188085,0.361893,0.005501,0.395902,0.132696,0.240836,0.333006,0.236561,-0.148696,-0.111367,0.444574,0.146541
-0.244318,-0.126391,0.468049,0.122991,0.103321,0.249701,0.130319,-0.039233,0.812885,-0.005696,-0.325186,0.125936,0.052045,0.482353
0.239899,-0.143693,0.494693,0.194119,-0.156256,0.220884,0.095931,0.207975,0.485539,0.232665,-0.116464,-0.047845,0.414449,0.102118
0.015001,-0.033425,0.405699,0.219007,-0.107282,0.388582,0.258052,0.170104,0.532328,0.235933,-0.261835,-0.204164,0.66447,-0.182158
0.040893,-0.017939,0.358116,0.094412,-0.082995,0.479181,0.19402,0.235318,0.406514,0.252002,-0.167371,-0.059366,0.359413,0.182959
0.159785,0.240583,0.178954,0.106118,-0.176272,0.288957,0.396897,-0.035644,0.474839,0.271595,-0.150435,-0.129007,0.357151,0.170363
-0.130769,0.161236,0.259388,0.084882,-0.024433,0.417199,0.153175,0.208661,0.530955,0.151624,-0.227281,-0.004581,0.395225,0.343596
0.329217,-0.034385,0.400477,0.117812,-0.334206,0.371996,0.241813,0.23204,0.503279,0.005909,-0.296991,0.060616,0.471489,0.148305
-0.354547,0.1162,0.359591,0.152251,0.149546,0.444897,0.219967,0.163981,0.594032,0.084142,-0.283403,-0.047119,0.342657,0.24995
-0.001434,-0.109672,0.256914,0.15817,-0.068408,0.535076,-0.070486,0.015807,0.788661,-0.010368,-0.096826,0.199192,0.424801,0.398931
0.03771,0.082141,0.249654,0.063355,-0.160202,0.395009,-0.039021,0.094054,0.723205,0.215541,-0.233392,0.066017,0.225115,0.311814
0.006011,0.10466,0.226656,0.138114,-0.14103,0.435885,0.14717,0.14839,0.812605,-0.052882,-0.332181,0.006712,0.261031,0.262585
-0.132958,-0.160005,0.441737,0.384235,0.141584,0.266348,0.120541,0.286344,0.409972,0.274889,-0.176369,-0.066267,0.182075,0.347299
0.249233,-0.119282,0.143391,0.236163,-0.110404,0.378112,0.173062,0.112982,0.645826,0.020525,-0.183694,0.201004,0.189686,0.438247
0.0559,0.05637,0.254542,0.17625,-0.08278,0.301921,0.208012,0.154159,0.691676,-0.036205,-0.280146,0.024597,0.254511,0.398701
-0.033194,0.06014,0.308032,0.142548,-0.081966,0.328439,0.178713,0.300757,0.303784,0.193574,-0.117624,-0.032352,0.399079,0.158094
0.155646,0.107355,0.333104,0.242818,-0.206512,0.227724,0.331205,0.137667,0.581466,0.101049,-0.269276,-0.044669,0.303693,0.054039
0.053015,-0.013447,0.279938,-0.043136,-0.139984,0.588769,-0.005881,0.369684,0.539201,-0.037334,-0.13376,0.158271,0.440489,0.301417
0.121153,-0.053696,0.410612,0.112159,-0.120285,0.35342,0.26872,0.245819,0.486528,0.176462,-0.317555,-0.136973,0.422068,0.220314
-0.29,0.025868,0.313088,0.10765,0.169574,0.397782,0.253045,0.340101,0.304942,0.137317,-0.198516,-0.085329,0.381579,0.290377
-0.168681,-0.26691,0.221607,0.142392,0.08985,0.568433,0.302936,0.076335,0.580668,0.134208,-0.223882,-0.051744,0.411282,0.319111
-0.051568,0.098956,0.401397,0.182073,-0.123681,0.319429,0.029274,0.212569,0.595357,0.070207,-0.041699,0.034922,0.467522,0.100908
-0.166842,0.075474,0.285841,0.020638,0.114342,0.390576,0.155906,0.329678,0.556718,0.003076,-0.229153,-0.115688,0.228665,0.183144
-0.079419,0.077874,0.372681,0.118931,0.020334,0.38923,0.211852,0.167487,0.591575,0.122757,-0.143635,-0.014193,0.441157,-0.035935
-0.0077,-0.004115,0.201829,0.111918,-0.002248,0.486806,0.109947,0.223023,0.426473,0.127097,-0.117509,-0.030542,0.3915,0.195524
-0.1481,0.092195,0.66491,0.125162,-0.119189,0.061624,0.290222,-0.058949,0.588875,0.25296,-0.198059,-0.104806,0.211221,0.12467
-0.01305,-0.111928,0.320298,0.408134,0.080436,0.365551,0.005733,0.420737,0.419784,0.156528,-0.20051,0.009608,0.3044,0.283137
0.173924,0.048545,0.382055,0.087806,-0.254208,0.39591,0.441701,0.03214,0.37382,0.193329,-0.125095,-0.020264,0.52102,0.231372
-0.055251,0.034455,0.356989,0.197661,-0.118054,0.35132,0.146972,0.114889,0.629686,0.167194,-0.181292,-0.029723,0.462207,0.161201
0.13276,0.103068,0.284692,0.139655,-0.111828,0.249663,0.284149,-0.043966,0.646335,0.038678,-0.15988,0.08628,0.262122,0.386621
0.099765,-0.057086,0.378643,0.219243,-0.175283,0.354653,0.365326,0.116982,0.555964,0.093952,-0.350707,-0.086572,0.464782,0.198758
0.068159,-0.02403,0.453693,0.181397,-0.141195,0.30798,0.196949,0.040646,0.597678,0.196344,-0.262271,-0.095624,0.460083,0.177309
0.200238,-0.071199,0.33013,0.16455,-0.153762,0.29942,-0.072663,0.28934,0.566762,0.078201,-0.171678,0.001588,0.452086,0.231286
-0.037075,0.018939,0.244058,0.208142,0.057535,0.385128,-0.111223,0.130443,0.752134,0.052871,-0.083228,0.139274,0.225773,0.412164
0.137303,0.03999,0.367824,0.036321,-0.14316,0.252355,0.259984,0.186598,0.392343,0.074952,-0.224751,-0.002128,0.391701,0.28449
0.079502,-0.250875,0.389701,0.082002,0.029653,0.454329,0.02928,-0.075122,0.82263,-0.006212,-0.179072,0.213918,0.324199,0.489533
-0.229601,0.004654,0.339702,0.078665,0.013075,0.424603,0.088183,0.026865,0.77188,0.085767,-0.144868,0.066091,0.327744,0.390324
-0.241067,0.01672,0.39079,0.188928,0.092139,0.323224,0.260101,0.162129,0.407849,0.177007,-0.15311,-0.028223,0.291896,0.26553
-0.004413,-0.134694,0.488644,0.167413,-0.016468,0.397703,0.161357,0.095495,0.524853,0.270155,-0.137134,0.091832,0.375629,0.266622
0.190172,0.085293,0.174208,0.231799,-0.219465,0.272495,0.177994,0.166617,0.694359,-0.075369,-0.252261,0.081044,0.427874,0.373413
-6.7e-05,-0.072652,0.238716,0.205925,-0.012333,0.447791,0.287896,0.289089,0.445921,0.076278,-0.235713,0.004328,0.303131,0.271931
0.355771,0.169644,0.200754,0.079752,-0.372738,0.318483,0.287287,-0.037321,0.848178,0.057019,-0.349629,-0.06926,0.317527,0.064006
-0.036336,0.030815,0.363208,0.013245,-0.176092,0.523049,0.274805,0.064332,0.48347,0.263655,-0.238979,-0.083853,0.527015,0.172991
0.374002,-0.134249,0.495861,0.011321,-0.219525,0.361231,0.248215,-0.004927,0.68093,0.04682,-0.159954,-0.00671,0.609243,-0.059919
0.156792,0.030026,0.293597,0.146148,-0.127824,0.340882,0.105165,0.192436,0.501068,0.298301,-0.318438,-0.00863,0.432077,0.222517
-0.362711,0.139782,0.291739,0.060418,0.268722,0.366229,0.124318,0.076803,0.644888,0.050052,-0.172207,0.123409,-0.00806,0.518172
-0.093548,-0.086567,0.370347,0.134765,0.132859,0.337575,0.256621,0.194916,0.363809,0.21759,-0.212186,-0.154859,0.419022,0.221117
0.191782,-0.035542,0.278793,-0.013556,-0.120351,0.478747,0.329275,0.029727,0.513211,0.173296,-0.240171,0.039723,0.49407,0.188327
-0.127655,-0.113479,0.345497,0.221032,0.049461,0.45809,0.272872,0.027083,0.529293,0.294302,-0.246057,-0.09535,0.332113,0.159733
0.012202,0.005486,0.211144,0.177864,-0.025439,0.386318,0.167525,0.178694,0.547897,0.055568,-0.111523,0.011184,0.423938,0.316611
0.009516,0.006987,0.368735,0.200694,-0.085744,0.301035,0.231824,0.147045,0.398985,0.178046,-0.091664,0.003828,0.401741,0.228531
-0.04928,0.122496,0.232058,0.120647,0.099917,0.353812,0.06105,0.126578,0.641221,0.002954,-0.066053,0.139549,0.169233,0.446567
-0.212016,0.184703,0.356286,0.08084,0.058722,0.205221,0.372806,0.252209,0.365953,0.188836,-0.204211,-0.117921,0.228645,0.410208
0.013367,-0.143668,0.388132,0.190741,-0.049642,0.285616,-0.133434,0.212763,0.670496,0.181122,-0.067364,0.098616,0.250621,0.395755
0.057587,0.093367,0.292022,0.143582,-0.046636,0.338268,0.116332,0.087949,0.572583,0.125709,-0.181419,0.080909,0.333005,0.398518
0.042545,-0.04467,0.370789,0.077844,-0.046543,0.351117,0.250873,0.158483,0.501837,0.053586,-0.113773,0.018651,0.309084,0.314292
0.010923,-0.02363,0.42098,0.027996,-0.074947,0.489878,0.273396,0.150164,0.417263,0.194527,-0.208894,-0.066427,0.531463,0.169182
-0.206405,0.225985,0.362121,0.091303,-0.038591,0.464753,-0.171514,0.119766,0.772648,0.184257,-0.112699,0.116354,0.460902,0.319001
-0.075789,-0.276014,0.521309,0.206942,-0.096018,0.478047,-0.0417,-0.28901,0.85762,0.184331,-0.053371,0.120338,0.354066,0.295646
0.094192,0.004673,0.267131,0.180791,-0.191898,0.282748,0.15007,-0.090215,0.733703,0.039883,-0.061594,-0.020919,0.388236,0.249319
0.231147,-0.063,0.411944,0.082114,-0.269477,0.31719,0.425073,0.232899,0.530949,0.039514,-0.386362,-0.006139,0.362206,0.445794
0.070868,-0.073723,0.388587,0.243728,-0.135504,0.33058,0.040056,0.152425,0.426491,0.255253,-0.052136,0.039315,0.368642,0.266424
0.139512,-0.033071,0.280519,0.077853,-0.104533,0.515662,0.325777,-0.190318,0.581206,0.140028,-0.054986,0.030025,0.601153,-0.087521
-0.158177,0.054372,0.308858,0.142139,0.099101,0.412557,0.040821,0.286561,0.364853,0.264498,-0.209514,-0.001401,0.376398,0.096474
-0.034037,0.014129,0.322367,0.1308,-0.075766,0.484148,0.356192,0.094589,0.543915,0.067071,-0.210772,0.064158,0.493117,0.320501
-0.012834,-0.126342,0.323877,0.306206,0.159926,0.142856,0.133533,0.16738,0.643289,0.099517,-0.17682,0.03592,0.065072,0.410765
0.241834,-0.097954,0.12838,0.149487,-0.019044,0.367318,0.160264,0.152127,0.599491,0.140088,-0.043718,0.005719,0.095004,0.394308
0.132751,-0.576711,0.85425,0.188642,-0.23906,0.366874,0.21436,-0.451231,1.04005,0.190539,-0.19903,-0.019491,0.41827,0.106097
0.073474,0.021011,0.274196,0.183632,-0.143716,0.453639,0.19969,0.031848,0.561236,0.200117,-0.233041,-0.038863,0.514062,0.113903
-0.22978,0.151582,0.342221,0.038977,0.092108,0.46987,0.110975,-0.003454,0.75641,0.137689,-0.031028,0.099481,0.313395,0.538005
0.05712,-0.109122,0.392704,0.128775,-0.13566,0.343922,0.168988,0.347232,0.279363,0.156604,-0.149912,-0.10581,0.545064,0.091344
-0.007451,0.027684,0.333773,0.17262,-0.021932,0.496397,0.10089,0.346408,0.37127,0.22171,-0.158409,-0.050104,0.591004,0.08881
-0.131927,0.032147,0.38943,0.21444,-0.06531,0.354894,0.133236,-0.005636,0.738138,0.229672,-0.138546,-0.010129,0.176837,0.319332
0.062614,-0.067317,0.430021,0.099515,-0.01051,0.354178,0.286963,0.211772,0.56703,-0.030162,-0.229432,-0.089613,0.478203,0.074753
-0.032563,-0.023445,0.513893,0.174725,-0.115494,0.298035,-0.023712,0.003534,0.762653,0.218549,-0.059328,-0.009937,0.460774,0.114627
0.005953,-0.179871,0.29107,0.050431,0.055012,0.582382,0.200341,0.387478,0.378887,-0.009793,-0.308691,-0.171084,0.481194,0.298479
0.067529,-0.052361,0.418551,0.164024,-0.139089,0.387127,0.091893,0.215839,0.480818,0.12258,-0.128052,-0.039078,0.559709,-0.105092
0.185153,0.030101,0.20483,0.192711,-0.110188,0.214625,0.326296,0.207921,0.358307,0.147992,-0.121119,-0.158943,0.233861,0.263859
0.022524,0.06989,0.353058,0.141984,0.030965,0.144912,0.151639,0.247352,0.540419,0.141667,-0.194456,-0.126027,0.254317,0.206638
0.083556,-0.135106,0.384002,0.125592,0.030728,0.231683,0.173155,0.164336,0.580731,0.112379,-0.226391,0.028272,0.116832,0.316274
-0.014435,0.05793,0.402992,0.139458,-0.129425,0.271664,0.159614,0.181877,0.447452,0.188784,-0.172363,-0.015316,0.367367,0.148235
-0.052043,0.107447,0.39554,0.024721,-0.095654,0.467855,0.099409,0.088525,0.68271,0.228381,-0.194427,-0.032939,0.495395,0.173947
0.037832,0.06294,0.343711,0.197819,-0.069143,0.366223,0.096323,-0.091627,0.761996,0.136272,-0.179363,-0.01463,0.523184,0.151348
0.294119,-0.005931,0.241699,0.151029,-0.113829,0.263518,0.039508,0.11825,0.570628,0.070049,-0.143047,0.083407,0.353525,0.271591
-0.147306,-0.181915,0.501457,0.196797,0.124801,0.273674,0.167084,0.153718,0.616714,0.088716,-0.326557,-0.062318,0.182835,0.199673
-0.172848,-0.200258,0.59003,0.224881,0.124106,0.314816,-0.225623,0.334271,0.571214,0.146651,-0.007975,0.03044,0.386726,0.236206
-0.122422,-0.008271,0.290797,0.224582,0.024434,0.394074,0.247077,0.038701,0.522958,0.160049,-0.076896,-0.088727,0.43115,0.088314
0.041902,-0.03175,0.281327,0.345019,-0.037313,0.192818,0.179549,0.250317,0.527992,0.1722,-0.268218,-0.150577,0.239768,0.288462
-0.323964,-0.298445,0.295498,0.356539,0.293416,0.399858,0.158987,0.325066,0.427259,0.233537,-0.303213,-0.144813,0.18805,0.358657
-0.021923,-0.246353,0.511079,0.231281,0.036978,0.356721,0.026234,0.062467,0.679383,0.074664,-0.131147,0.109513,0.273352,0.346374
0.200757,-0.059611,0.255929,0.30948,-0.07988,0.276095,0.049838,0.352423,0.580137,0.086729,-0.237074,0.094991,0.32069,0.253038
0.119466,-0.110569,0.328901,0.103306,-0.096858,0.426681,0.096515,0.176924,0.496303,0.372693,-0.136405,-0.164592,0.486864,0.119791
0.038383,-0.134291,0.46403,0.133001,-0.080988,0.191856,0.20852,-0.042339,0.770585,0.169232,-0.304579,-0.012922,0.130001,0.332435
-0.273622,0.27933,0.380447,-0.080343,0.002423,0.383749,0.262747,0.036495,0.720424,0.033496,-0.394618,-0.04038,0.353535,0.321098
-0.097046,0.091566,0.196007,0.124458,-0.017388,0.376011,0.280842,0.169624,0.550287,0.107338,-0.29179,-0.00821,0.437075,0.269584
0.129115,0.048517,0.30827,0.065,-0.15176,0.307411,0.309313,0.267618,0.427078,0.015609,-0.263903,-0.056875,0.403876,0.311724
-0.25022,-0.207852,0.438531,0.149444,0.2303,0.407662,0.223316,-0.10614,0.80513,0.067478,-0.349941,0.05112,0.292174,0.433771
0.0218,-0.005062,0.274101,0.115166,0.02011,0.412914,0.044139,0.166645,0.455133,0.248233,-0.205288,-0.051503,0.519385,0.15996
-0.017327,-0.235373,0.445815,0.27063,0.071064,0.389425,-0.050649,0.017628,0.684011,0.181383,-0.027834,0.220738,0.358762,0.3017
-0.097486,0.105179,0.351009,0.11314,-0.164513,0.422704,0.288451,0.275356,0.385335,0.118202,-0.235473,-0.034733,0.447923,0.31759
0.0591,-0.133963,0.551663,0.047466,-0.182316,0.375932,0.147872,-0.009814,0.719931,0.033187,-0.326979,-0.023932,0.338866,0.190134
0.035281,-0.096817,0.404471,0.13233,0.011659,0.399749,0.036844,0.31149,0.542559,0.156202,-0.161193,-0.003791,0.340189,0.113647
-2.8e-05,-0.33767,0.508339,0.145437,0.019947,0.279469,0.119661,0.310819,0.412329,0.047286,-0.185429,-0.074989,0.326874,0.218454
0.104335,-0.252226,0.291466,0.330571,-0.033205,0.275157,0.053072,0.200824,0.496544,0.147675,-0.141388,0.057815,0.145545,0.464871
-0.06785,-0.033371,0.459149,0.06717,-0.01065,0.405427,0.034936,0.515311,0.405154,0.091498,-0.257962,-0.106806,0.574862,0.174023
-0.185484,0.020247,0.373268,0.214304,-0.090549,0.442354,0.198621,0.141066,0.511473,0.165686,-0.255814,-0.061585,0.453478,0.107182
-0.013379,-0.113188,0.332068,0.062269,0.116559,0.524478,0.328798,0.26143,0.447605,-0.000605,-0.403455,0.003883,0.417126,0.259291
0.197561,-0.21426,0.354121,0.211746,0.017304,0.341937,-0.002745,0.204981,0.585781,0.064674,-0.091058,0.213023,0.195357,0.487835
-0.208763,-0.000494,0.248633,0.239449,-0.032295,0.464989,0.144633,0.068072,0.646293,0.124191,-0.119879,0.062964,0.442469,0.340082
0.11535,0.056168,0.199607,0.205141,-0.168912,0.211985,0.369302,0.205717,0.476606,0.138552,-0.289326,-0.058491,0.220931,0.26495
0.05158,0.03532,0.259697,0.212063,-0.083062,0.354037,0.308255,0.344707,0.335062,0.160523,-0.183554,-0.104544,0.362948,0.195272
0.077378,-0.004964,0.281241,0.181856,-0.042541,0.456578,0.153109,0.015412,0.629518,0.080014,-0.084006,0.075689,0.567645,0.098444
0.035873,-0.133071,0.303638,0.132576,-0.05512,0.415013,0.069639,0.207266,0.560171,0.218003,-0.111906,-0.025789,0.318422,0.124374
-0.198643,-0.141155,0.502704,0.103945,0.144559,0.444361,0.149853,0.244413,0.566706,0.067152,-0.208011,0.084148,0.420107,0.422313
0.066048,0.030997,0.261602,0.147789,-0.160508,0.318831,0.251239,-0.057446,0.742452,0.04185,-0.228142,0.004975,0.456976,0.23138
0.072922,-0.087941,0.383897,0.095761,-0.048087,0.462466,0.105438,0.216457,0.483052,0.184787,-0.094535,-0.124662,0.520858,0.049915
-0.031386,-0.077928,0.391679,0.047429,0.032774,0.406253,0.246742,0.145409,0.48491,0.108795,-0.197662,0.031066,0.310293,0.260652
0.211391,-0.129451,0.365743,0.077506,-0.104034,0.387022,0.227772,0.060594,0.656663,0.135283,-0.347905,0.012414,0.434293,0.287446
-0.10898,0.176702,0.393117,0.171151,-0.2113,0.341992,0.435492,0.110228,0.497618,0.117654,-0.332919,-0.162418,0.483286,0.166448
0.010875,-0.081669,0.273636,0.162047,0.006295,0.385057,0.228772,0.120128,0.718693,-0.056159,-0.256958,0.058933,0.396057,0.259039
0.119147,-0.098773,0.422319,0.103702,-0.040958,0.276033,0.003203,0.232901,0.517542,0.182148,-0.104392,-0.039978,0.415812,0.1394
0.147623,0.077185,0.134039,0.147857,-0.174055,0.306898,0.135466,0.177263,0.591604,0.199996,-0.208122,-0.09056,0.357801,0.288483
-0.094446,0.080899,0.385337,0.084472,-0.044048,0.4384,0.282257,0.330216,0.482221,0.117844,-0.385769,-0.117589,0.533852,0.335004
0.014686,0.001343,0.578193,-0.015559,-0.166386,0.341357,0.072929,0.235008,0.557019,0.075308,-0.164287,-0.062625,0.494289,0.161363
-0.159729,0.074297,0.281183,0.280184,-0.055725,0.490316,0.199132,0.298487,0.422462,0.126108,-0.221953,0.048148,0.502291,0.241312
-0.224105,-0.144751,0.599833,0.158947,0.001236,0.402153,0.019474,0.405236,0.361777,0.139137,-0.163345,-0.056482,0.360757,0.019895
0.151285,0.029328,0.358445,0.169732,-0.186458,0.311889,0.313431,0.257414,0.379213,0.325024,-0.31003,-0.149563,0.59983,0.063485
0.145776,-0.212495,0.395007,0.137095,-0.039499,0.364759,0.194827,-0.176425,0.812013,0.245983,-0.222343,0.018381,0.362706,0.391162
0.235246,-0.076986,0.294659,0.173046,-0.230177,0.336743,0.123988,0.334838,0.531794,0.048773,-0.238536,-0.089028,0.392407,0.158319
0.186522,-0.442492,0.589129,0.126487,-0.079635,0.426768,0.099836,-0.001272,0.715495,0.111379,-0.145818,0.116168,0.425666,0.287691
-0.235393,-0.056657,0.282033,0.147144,0.084779,0.473277,0.222914,-0.026519,0.705138,0.105281,-0.208248,0.119257,0.342994,0.481128
0.094487,0.072321,0.253175,0.08373,-0.106695,0.325511,0.252047,0.128029,0.531261,0.200273,-0.242649,-0.085762,0.487978,0.099088
-0.030423,0.072543,0.415398,0.180472,-0.153596,0.245025,0.00573,0.128559,0.635017,0.169481,-0.147673,-0.01171,0.409075,0.157283
0.050023,-0.040612,0.457506,0.217079,-0.177781,0.35467,0.331782,0.37989,0.429576,0.041493,-0.372925,-0.148191,0.407339,0.264325
0.018046,-0.089069,0.215678,0.147684,0.038993,0.382309,0.098514,0.094445,0.531597,0.251064,-0.156545,-0.017583,0.335559,0.31501
0.047396,-0.057175,0.363936,0.121791,-0.05559,0.387863,0.206554,0.24843,0.409362,0.198628,-0.172593,-0.050637,0.367501,0.210235
0.083714,-0.14955,0.504745,0.08309,0.032517,0.345494,0.227931,0.335417,0.198044,0.171733,-0.19097,0.040445,0.472645,0.159602
0.192194,-0.21183,0.368522,0.079137,-0.11919,0.381638,0.552047,0.028142,0.615946,0.023341,-0.348014,-0.145002,0.410715,0.108225
-0.394003,0.031315,0.305153,0.34993,0.247752,0.460133,0.223043,0.080607,0.630886,0.114995,-0.152348,-0.111692,0.405709,0.130291
-0.128714,0.03988,0.246635,-0.031972,0.128241,0.373839,0.254959,0.161139,0.518084,0.070233,-0.22329,0.015157,0.200591,0.265778
-0.119206,-0.169907,0.491655,0.148293,0.131122,0.38242,0.270968,0.128232,0.66696,0.140943,-0.352891,-0.078103,0.375105,0.40174
0.031281,-0.022913,0.429123,0.056833,-0.141719,0.442675,0.268425,0.122267,0.616308,0.040669,-0.280703,-0.083709,0.511335,0.078246
-0.226602,-0.044594,0.381822,0.028588,0.148192,0.519453,0.055848,0.131747,0.58258,0.169446,-0.233817,0.060147,0.432365,0.252018
0.095206,-0.048295,0.409474,0.059102,-0.001461,0.360743,0.563263,0.030637,0.532564,0.058217,-0.339076,-0.093674,0.435884,0.191793
-0.119546,-0.144136,0.336256,0.313168,-0.046505,0.367835,0.038935,0.304498,0.283344,0.374195,-0.106508,-0.171846,0.445479,0.089496
0.138459,-0.278526,0.56447,0.115811,-0.098019,0.453779,0.143939,0.186629,0.558905,0.11103,-0.262719,0.114975,0.444235,0.142631
-0.059705,-0.056722,0.14811,0.328302,-0.070255,0.26156,0.035306,0.13394,0.718616,0.202797,-0.214048,-0.041127,0.11268,0.454209
-0.023062,-0.049535,0.286188,0.203916,-0.090929,0.372774,0.148772,0.122516,0.564322,0.054247,-0.182996,0.123876,0.448776,0.356871
-0.368319,0.032897,0.436674,0.208853,0.198037,0.248946,0.112031,0.148141,0.558566,0.22471,-0.101408,-0.014514,0.20129,0.412342
-0.23646,0.130052,0.386825,0.021387,0.068414,0.438908,0.026955,0.106945,0.711542,0.127427,-0.148556,0.122861,0.307146,0.374811
0.202966,-0.052018,0.235095,0.090727,-0.240395,0.504395,0.384151,0.178382,0.461192,0.049577,-0.253744,-0.12433,0.541349,0.165873
-0.095637,0.006194,0.315083,0.22167,0.032003,0.460003,0.006847,0.295901,0.503966,0.233311,-0.070709,0.052117,0.388139,0.130229
-0.125915,0.012125,0.534342,0.028682,-0.192467,0.48446,0.099407,0.2733,0.559236,-0.000257,-0.2238,-0.079842,0.570152,0.09571
0.021129,-0.186827,0.338018,0.074873,-0.030464,0.515071,0.077274,0.337212,0.512537,0.096447,-0.175519,0.057612,0.308635,0.261489
-0.138328,-0.158646,0.286339,0.268117,0.300062,0.408669,-0.043741,0.150654,0.533124,0.22182,-0.100719,0.176584,0.314876,0.396334
0.142184,-0.128087,0.477823,0.171101,-0.206424,0.283875,0.266719,0.370407,0.409279,0.104228,-0.229585,-0.158839,0.39325,0.082211
0.109033,-0.076819,0.360386,0.137617,-0.192364,0.358858,0.108688,0.191593,0.412341,0.265192,-0.142974,0.028592,0.304322,0.278062
0.192583,-0.00193,0.262049,0.169174,-0.174687,0.315645,0.216248,0.300618,0.436439,0.165503,-0.247795,-0.000136,0.244328,0.447424
-0.29218,-0.005533,0.351805,0.093562,0.195749,0.450157,0.035618,0.265242,0.642474,0.068636,-0.20431,0.185766,0.255384,0.433275
-0.038779,-0.157304,0.371899,0.210586,-0.08439,0.411309,0.243264,0.121588,0.41533,0.11052,-0.214663,-0.093142,0.390377,0.001139
-0.213395,0.115359,0.425498,0.10635,0.00975,0.411668,0.422912,0.140877,0.46122,0.112547,-0.300251,-0.154464,0.405888,0.054962
0.155847,-0.196585,0.430487,0.203174,-0.118433,0.41134,0.146604,0.191607,0.408513,0.256775,-0.218033,-0.108553,0.602269,0.158131
-0.450976,-0.206311,0.477328,0.225261,0.202121,0.444766,0.168126,0.228592,0.567591,0.113162,-0.235004,-0.023035,0.238974,0.370197
0.185728,-0.018853,0.199833,0.162691,0.007488,0.354212,0.200204,0.13962,0.592046,0.274235,-0.283715,0.042443,0.403076,0.249814
-0.049946,-0.238249,0.38497,-0.012974,0.093097,0.541591,0.221399,0.190983,0.492977,0.150694,-0.174891,0.069843,0.315422,0.391798
0.295536,-0.00599,0.329655,0.200347,-0.207521,0.074707,0.294845,0.115279,0.550252,0.13638,-0.064327,-0.160592,0.25675,0.157799
0.140925,-0.024927,0.175646,0.118787,-0.029596,0.484163,0.464341,0.050795,0.510362,0.105973,-0.312389,-0.04143,0.265459,0.179518
0.229436,-0.074174,0.29842,0.119158,-0.180015,0.407826,0.330944,0.097894,0.620347,0.142385,-0.290791,-0.020369,0.391467,0.314151
-0.089803,-0.125002,0.618658,0.070038,-0.006016,0.405829,0.119187,0.056165,0.555843,0.217503,-0.18861,0.046309,0.418008,0.085078
0.052238,0.040594,0.23624,0.118817,-0.131146,0.476011,0.318888,0.151982,0.520593,0.075136,-0.249343,0.088522,0.39913,0.216867
0.018254,0.057183,0.241876,0.091359,0.007701,0.533644,0.022295,0.240533,0.528032,0.143156,-0.110998,0.076252,0.565125,0.24171
-0.003728,-0.124136,0.492813,0.151273,-0.008706,0.284502,-0.009173,0.254951,0.595775,-0.016798,-0.063292,0.046058,0.414132,0.158522
-0.131684,-0.013156,0.280649,0.124001,-0.012546,0.321788,0.137142,0.043127,0.894744,9.4e-05,-0.373291,0.038361,0.237243,0.415124
0.250977,-0.066071,0.398201,0.181231,-0.311144,0.274144,0.14373,0.254489,0.432152,0.177599,-0.196733,-0.055242,0.35444,0.089109
-0.066974,0.009542,0.339611,0.058382,-0.020781,0.442087,0.20646,0.039634,0.691787,0.010554,-0.269138,0.030385,0.561622,0.170903
-0.031637,-0.217093,0.700228,0.134644,-0.013923,0.331663,0.291036,0.364221,0.288786,0.086149,-0.286362,-0.065023,0.583374,0.140929
0.112786,0.043408,0.196292,0.091172,-0.086945,0.421563,0.158062,0.362868,0.454322,-0.082447,-0.122051,-0.104136,0.451456,0.065491
0.288492,-0.13799,0.272771,0.175965,-0.175718,0.338031,0.093203,0.28048,0.548234,0.067827,-0.275345,-0.073444,0.419836,0.089202
0.066511,-0.104066,0.403688,0.148826,-0.129965,0.465169,0.163279,-0.027949,0.664232,0.151929,-0.189367,0.058341,0.428616,0.186504
-0.225543,-0.141039,0.560563,0.273509,0.147655,0.33935,0.169186,0.391451,0.469539,0.103482,-0.296919,-0.095875,0.392763,0.167166
0.035792,-0.063797,0.362017,0.174041,-0.126077,0.360412,0.082046,0.096441,0.636248,0.268389,-0.277032,-0.06803,0.484655,0.185805
0.006584,-0.062515,0.463858,0.184222,-0.104253,0.316958,0.164582,0.362783,0.392548,0.180983,-0.264911,-0.053371,0.380018,0.220068
-0.085322,-0.071527,0.436721,0.2135,0.097967,0.392895,0.169082,0.017521,0.678567,0.120892,-0.174452,0.110699,0.284213,0.422699
-0.186388,-0.077019,0.305885,0.228956,0.157234,0.343135,0.257925,0.195446,0.547892,0.045916,-0.262619,-0.08356,0.159076,0.375262
-0.146281,0.003925,0.211783,0.226663,-0.017196,0.370774,0.09673,0.199537,0.415318,0.312859,-0.229979,-0.082318,0.394526,0.204053
-0.017889,-0.176014,0.426298,0.113938,-0.06704,0.395765,0.318716,-0.133893,0.66121,0.227177,-0.15127,-0.170267,0.278261,0.290169
-0.053898,-0.14892,0.416523,0.219885,-0.111812,0.341307,0.097465,-0.091933,0.666678,0.21168,-0.160814,0.024799,0.278996,0.303947
0.250978,-0.173333,0.305118,0.041813,-0.226556,0.430084,0.191301,0.198585,0.4459,0.066746,-0.118695,0.066363,0.437047,0.335947
0.170257,-0.057136,0.324308,0.134719,-0.156977,0.431579,-0.018777,0.043448,0.629703,0.249266,-0.155926,0.114349,0.427857,0.256723
-0.100884,-0.070304,0.284912,0.105319,0.06402,0.532923,0.308566,0.165268,0.609683,0.053854,-0.088529,-0.030062,0.380042,0.411511
0.082115,0.103739,0.182595,0.087666,0.000862,0.25202,0.227791,0.290593,0.455526,0.038361,-0.156045,-0.130459,0.347426,0.196483
-0.100862,0.167774,0.298337,0.076507,0.038071,0.256468,0.191378,0.213573,0.657464,0.061012,-0.310043,-0.140952,0.256339,0.390715
-0.022669,0.052281,0.25597,0.049633,0.05334,0.24231,0.259949,0.137068,0.571002,0.043333,-0.162268,-0.098148,0.162459,0.238712
-0.076233,-0.176022,0.451393,0.213504,0.04772,0.383181,0.108001,-0.092952,0.715187,0.208503,-0.166733,0.20459,0.202077,0.552821
-0.011047,0.104369,0.199256,0.112691,-0.026354,0.289746,0.100769,0.105153,0.673109,-0.010678,-0.117598,0.165544,0.181199,0.466519
-0.059627,-0.021708,0.322413,0.147304,0.035961,0.405074,0.388682,0.073964,0.62086,0.040258,-0.23313,-0.024017,0.358386,0.246462
0.162861,-0.253192,0.388497,0.16717,-0.106477,0.378158,0.047292,0.103967,0.598475,0.055139,-0.184345,-0.033747,0.546341,0.045668
-0.157023,0.085309,0.319429,0.082888,0.046777,0.312696,0.226412,0.143322,0.562974,0.080959,-0.107194,-0.045856,0.089885,0.422001
-0.15129,-0.167707,0.526378,-0.008785,0.005838,0.43185,0.168401,-0.018473,0.721407,0.143087,-0.176498,0.043293,0.23088,0.49135
-0.19029,-0.035024,0.190492,0.043406,0.197731,0.508742,0.229417,0.120887,0.651273,0.066695,-0.297319,0.10505,0.326667,0.395518
0.422074,-0.100839,0.194533,0.081317,-0.275737,0.367136,0.345413,0.31002,0.279604,0.035207,-0.32459,0.127016,0.285203,0.430695
-0.156638,-0.045461,0.363905,0.140146,0.058485,0.425304,-0.107878,0.202911,0.530961,0.070008,0.000804,0.159252,0.383962,0.307432
-0.188869,-0.104232,0.403762,0.132689,0.072685,0.498827,0.030138,0.087853,0.591162,0.207509,-0.076269,0.021405,0.411441,0.119193
-0.038263,-0.157223,0.42182,0.326226,-0.153227,0.286019,-0.026965,-0.045921,0.670284,0.228097,-0.166587,0.125575,0.245402,0.303715
0.154019,-0.111835,0.408451,0.118138,-0.153895,0.290357,0.264325,0.034899,0.546441,0.081124,-0.233392,-0.026483,0.478286,0.214523
-0.238327,-0.221458,0.495947,0.274185,0.21357,0.212618,0.139747,0.18551,0.543671,0.152766,-0.201226,-0.080081,0.168404,0.36064
0.298007,0.010137,0.304925,0.113831,-0.192954,0.241142,0.374526,0.159286,0.42476,0.068795,-0.176166,-0.094836,0.456958,0.161999
-0.013952,0.014771,0.352872,0.153194,-0.141108,0.449207,0.405092,-0.006751,0.447456,0.326988,-0.249914,-0.192622,0.510847,0.078695
0.062249,-0.018869,0.342765,0.166059,-0.026555,0.319014,-0.024759,0.559752,0.459827,0.038659,-0.200146,0.030782,0.457059,0.309627
-0.063831,0.040956,0.312998,0.181406,-0.023574,0.363199,0.083315,0.092508,0.750871,0.047959,-0.157775,0.054549,0.348794,0.220174
-0.278489,0.174427,0.427028,0.174473,0.083365,0.37662,0.032282,0.391663,0.458279,0.08308,-0.101631,0.06266,0.317067,0.269446
-0.01873,-0.145094,0.339383,0.127604,-0.004834,0.47213,0.169798,0.134489,0.654247,0.072026,-0.311684,0.034786,0.350421,0.438895
0.162988,0.106223,0.491259,0.079561,-0.149282,0.35461,0.233289,0.06471,0.595843,0.160317,-0.146076,-0.114264,1.227853,-0.606607
-0.136767,-0.005337,0.452175,0.115422,-0.039351,0.391213,0.138201,0.083822,0.716498,0.118054,-0.320618,-0.095073,0.551758,0.2323
0.342149,-0.038477,0.169155,0.159336,-0.037737,0.207176,0.282251,0.32868,0.491158,0.081335,-0.307437,-0.082641,0.345693,0.338094
-0.254667,-0.087767,0.353954,0.126397,0.202145,0.466932,0.173721,0.213175,0.685982,-0.140391,-0.259689,-0.004984,0.340125,0.293724
0.170211,-0.158165,0.330254,0.14891,-0.084771,0.381147,0.236102,0.065279,0.627248,0.043165,-0.153146,-0.062919,0.329849,0.267268
-0.021913,0.117189,0.19248,0.14442,-0.119322,0.326173,0.100356,0.011221,0.614609,0.177847,-0.193308,-0.060947,0.348345,0.300063
0.025982,-0.06308,0.2739,0.232285,-0.061942,0.334867,0.146452,0.052967,0.585653,0.177358,-0.069229,-0.076981,0.421712,0.144179
-0.035673,-0.128698,0.444165,0.102305,-0.105033,0.419212,0.296674,0.123554,0.523374,0.12758,-0.339253,-0.073741,0.358539,0.261791
-0.081314,-0.03692,0.57567,0.160657,-0.043109,0.288534,0.325141,0.148791,0.241828,0.282868,-0.075355,-0.01923,0.500075,0.17565
-0.113516,-0.090214,0.321676,0.143363,0.153696,0.424873,0.118183,0.372595,0.357116,0.021612,-0.013993,0.055343,0.280192,0.390116
0.09122,0.051485,0.428053,0.038415,-0.203585,0.465436,0.446124,0.154936,0.416505,0.194195,-0.336736,-0.191522,0.607321,-0.011799
0.196832,-0.085644,0.288005,0.251792,-0.20856,0.241686,0.13265,0.172701,0.563537,0.184861,-0.169504,-0.055886,0.378267,0.275339
-0.04155,-0.104897,0.293878,0.101099,0.086536,0.479254,0.406425,0.22087,0.301871,0.197404,-0.235042,-0.124385,0.428284,0.216043
0.176602,0.001104,0.398559,0.127934,-0.151222,0.339659,0.295976,0.224146,0.375945,0.16108,-0.148764,-0.049497,0.496612,0.011332
0.228972,0.033349,0.157651,0.151461,-0.087029,0.343198,0.341771,0.06434,0.529648,0.184729,-0.193577,-0.156865,0.537243,0.084039
-0.290705,0.084133,0.305556,0.156667,0.016532,0.397026,0.075834,0.003107,0.534753,0.364172,-0.178125,-0.126175,0.276026,0.123641
0.073096,0.113311,0.297915,0.149587,-0.231485,0.365548,0.160351,0.009224,0.86135,0.09314,-0.235994,-0.171214,0.471993,0.092893
-0.026277,-0.149133,0.447298,0.203778,-0.098836,0.420505,0.087103,0.190171,0.447423,0.387793,-0.176425,-0.150576,0.508386,-0.011156
-0.191726,0.106009,0.168748,0.185143,0.001046,0.437024,0.188996,0.280926,0.592641,0.176071,-0.342452,-0.070515,0.461242,0.251667
-0.180035,0.034252,0.336382,0.160285,0.042842,0.347879,0.104376,0.223296,0.606034,0.097753,-0.317207,0.012905,0.302121,0.306401
0.185545,-0.049653,0.291575,0.011207,-0.070853,0.429366,0.399773,0.078217,0.39836,0.077799,-0.217123,0.002546,0.445884,0.20418
-0.082802,0.12783,0.203123,0.152741,-0.04078,0.335543,0.19112,0.29576,0.519852,0.095228,-0.356845,-0.129587,0.29618,0.316593
-0.009608,0.088394,0.355094,0.038201,-0.094718,0.3446,0.471187,-0.028802,0.51012,0.106263,-0.163374,0.027571,0.303859,0.314093
0.196302,-0.076894,0.269749,0.194101,-0.14797,0.282552,0.096744,0.285807,0.559059,0.122769,-0.267685,0.020175,0.429436,0.366583
0.10995,-0.212572,0.672884,0.139917,-0.186919,0.208757,-0.086045,0.206661,0.664424,0.076552,-0.139879,0.114884,0.228411,0.284444
-0.109364,-0.006628,0.430769,0.060865,-0.081636,0.331805,0.272633,-0.145346,0.691499,0.160721,-0.259262,-0.006391,0.297119,0.20448
-0.162845,0.070166,0.389281,0.172539,-0.036024,0.215778,0.008683,0.267935,0.534887,0.203496,-0.070289,-0.028982,0.187266,0.304474
-0.233306,0.174777,0.365501,0.060464,0.080998,0.398724,0.108636,0.150481,0.504025,0.227429,-0.049018,0.036399,0.320379,0.277311
0.150562,-0.141088,0.246094,0.23563,-0.034767,0.296534,0.344867,0.052052,0.463136,0.198021,-0.268408,0.000939,0.301956,0.339409
-0.053838,-0.042133,0.431603,0.048056,0.023962,0.360636,0.221663,0.046629,0.673951,0.133745,-0.156944,-0.008784,0.267696,0.437648
-0.107127,0.087398,0.259003,0.188686,0.050416,0.256152,0.280959,0.165262,0.560047,0.112008,-0.311125,-0.028154,0.192789,0.384041
-0.106619,-0.068965,0.353586,0.200752,0.02794,0.451311,0.284574,0.028824,0.528788,0.230854,-0.177074,-0.015385,0.484247,0.171979
-0.150086,-0.065874,0.320708,0.05034,0.044392,0.508565,0.27806,0.052578,0.658672,0.13259,-0.188624,-0.0628,0.183075,0.444754
0.069851,-0.1155,0.44037,0.181736,-0.170657,0.250602,0.349887,-0.133467,0.696673,0.117134,-0.302693,-0.059843,0.232779,0.138252
-0.248214,-0.071682,0.297091,0.22785,0.183107,0.461915,0.098063,0.183127,0.596779,0.070268,-0.109285,0.101927,0.293595,0.28612
0.057504,0.028102,0.379657,0.158297,-0.095076,0.357695,0.253469,0.279679,0.412193,0.199065,-0.160064,-0.114455,0.565285,0.094094
0.027301,-0.038864,0.260197,0.206277,-0.12092,0.320575,0.242986,0.21979,0.50516,-0.020801,-0.293914,-0.047197,0.469845,0.289484
0.230352,-0.055683,0.294904,0.014511,-0.284999,0.316858,0.386906,0.337095,0.214598,0.119361,-0.239286,-0.194816,0.358414,0.066657
0.433359,-0.19162,0.313527,0.273664,-0.190121,0.225467,0.160483,0.122082,0.583205,0.122595,-0.115064,0.121475,0.232826,0.381726
-0.259136,0.32022,0.246653,0.066725,0.074735,0.349384,0.044481,0.188158,0.682339,0.016429,-0.132883,0.058492,0.148641,0.40268
0.037904,-0.00176,0.384141,0.024476,0.036692,0.521154,0.38559,0.200068,0.476949,0.059576,-0.228116,-0.180978,0.74611,-0.148511
-0.280528,-0.017929,0.445699,0.163633,0.09403,0.486095,-0.058314,0.275812,0.483132,0.187291,-0.157287,0.195365,0.37334,0.291548
0.171695,-0.20844,0.199591,0.11526,0.045836,0.463148,0.124638,0.412218,0.340658,0.112969,-0.153475,-0.013637,0.438181,0.320224
-0.0225,0.019702,0.385487,-0.043987,-0.034283,0.482667,0.458509,0.349367,0.241066,0.138114,-0.18609,-0.15854,0.476252,0.317921
0.25515,0.021992,0.3385,0.105493,-0.196791,0.282851,0.125242,0.445241,0.354927,0.135985,-0.147896,-0.077925,0.578807,0.142499
0.089334,-0.245286,0.353751,0.25573,-0.008134,0.399619,0.116139,0.30576,0.443571,0.206987,-0.355288,-0.043353,0.559281,0.215409
0.203106,-0.21431,0.401167,0.060266,-0.150591,0.49625,0.155095,0.060143,0.715166,0.105215,-0.259731,0.109364,0.409167,0.260253
-0.147864,0.071637,0.248865,0.131445,0.065366,0.410711,0.221692,0.087254,0.591311,0.006107,-0.193768,-0.004961,0.366762,0.07315
-0.101698,-0.07459,0.529837,0.088314,-0.047736,0.452041,-0.032495,0.111561,0.532848,0.177217,-0.078641,0.155462,0.533333,0.130636
0.027315,-0.074134,0.251412,0.176649,0.046736,0.511202,0.27964,0.338907,0.274311,0.089528,-0.200992,0.028127,0.39826,0.315931
-0.241238,-0.005188,0.366725,0.090028,0.071344,0.363788,0.14845,0.032458,0.65684,0.171019,-0.161583,-0.072578,0.245914,0.229786
-0.321245,-0.041776,0.389878,0.251567,0.094052,0.482796,0.153515,0.015388,0.561933,0.284281,-0.176005,-0.103013,0.461064,0.17931
-0.211226,0.078584,0.370817,-0.027174,0.200196,0.341948,0.251861,0.199949,0.513411,0.157568,-0.3064,-0.021359,0.244397,0.369097
-0.145709,-0.044741,0.323175,0.174706,0.110126,0.428293,0.189573,0.267926,0.532814,0.149498,-0.23901,0.000812,0.286117,0.304438
-0.208848,-0.013907,0.16525,0.312593,-0.016608,0.385155,0.247817,0.118332,0.607568,0.014621,-0.193095,-0.050769,0.258821,0.396531
-0.064123,-0.189882,0.372984,0.094191,0.014479,0.614045,0.352111,-0.101545,0.706362,0.197705,-0.2985,-0.024525,0.500754,0.211121
0.165884,-0.27484,0.51952,0.077476,-0.147936,0.432924,0.177743,0.2896,0.422832,0.144782,-0.280327,-0.010808,0.349899,0.144118
-0.175176,0.009256,0.427822,0.035798,0.118753,0.47945,-0.053403,0.252996,0.489035,0.208892,-0.103151,0.054989,0.51934,0.132394
0.061909,-0.160674,0.444855,0.126083,-0.128319,0.34584,0.176385,-0.020802,0.703313,0.071562,-0.221536,0.110858,0.19277,0.370855
0.086369,-0.109575,0.199955,0.185849,0.03021,0.421399,0.104034,0.310018,0.373923,0.1442,-0.129572,-0.037247,0.432749,0.095759
0.141474,-0.061047,0.305745,0.248414,-0.138749,0.23013,0.145955,0.107291,0.626466,0.194273,-0.163479,0.009487,0.205403,0.303296
-0.276788,-0.029119,0.225117,0.285505,0.047831,0.379551,0.11609,0.198629,0.584314,0.074271,-0.224343,-0.026033,0.239931,0.345732
-0.006239,0.080586,0.117302,0.136975,0.067627,0.369893,0.198536,0.268563,0.546328,0.133143,-0.242432,-0.026624,0.228687,0.353629
0.039505,-0.11925,0.236944,0.24987,0.113481,0.424243,0.297428,0.104727,0.493311,0.163323,-0.255611,-0.009824,0.340221,0.326903
-0.03491,0.077071,0.449515,0.169959,-0.036985,0.291458,0.350439,0.159208,0.588682,0.102806,-0.357609,-0.152187,0.514993,0.203088
0.011654,-0.299102,0.519328,0.0556,0.043747,0.494725,0.215591,0.042654,0.436581,0.125463,-0.107978,0.183771,0.451693,0.219813
-0.239618,-0.007373,0.314673,0.264174,0.146548,0.383072,0.008277,0.058792,0.707224,0.147441,-0.178547,-0.042128,0.26102,0.174582
0.116485,-0.194923,0.304283,0.227718,-0.139626,0.397583,0.053021,0.178065,0.697349,0.026906,-0.217859,0.028735,0.212693,0.429034
-0.290023,0.078541,0.307147,0.054041,0.053308,0.545485,0.113097,-0.080306,0.824672,0.182211,-0.338797,0.052351,0.363368,0.426158
-0.013006,0.127808,0.221132,0.192651,-0.016729,0.310079,0.218846,0.194758,0.561165,0.030487,-0.124734,0.068506,0.151236,0.267531
-0.079751,-0.090734,0.244066,0.270342,0.202839,0.409993,0.142378,0.370098,0.300919,0.12778,-0.218337,0.01775,0.283637,0.173885
0.195392,-0.110623,0.475855,0.193607,-0.170862,0.369304,-0.003095,0.313308,0.529223,0.157971,-0.17736,0.054056,0.548038,0.008297
-0.076723,-0.05956,0.382851,0.197647,-0.061127,0.339389,0.206223,-0.124242,0.770858,0.145715,-0.236239,-0.067126,0.366344,0.125972
0.178876,-0.001832,0.269403,0.029733,-0.144019,0.414569,0.308028,0.283856,0.443613,0.087215,-0.170947,-0.239775,0.405699,0.053984
0.015655,-0.146488,0.410338,0.078448,-0.000818,0.386574,0.1177,0.30074,0.519713,0.034315,-0.259189,0.141236,0.137651,0.523693
0.044507,-0.205429,0.416896,0.124849,-0.017226,0.417913,0.164853,0.384502,0.370052,0.018737,-0.261122,-0.093453,0.46206,0.221426
-0.063728,-0.173758,0.370704,0.075726,0.013163,0.504738,0.235802,0.039161,0.52044,0.14785,-0.108159,-0.042846,0.408362,0.15157
0.016381,-0.235898,0.430695,0.162141,-0.092802,0.341871,0.278335,-0.316903,0.844141,0.095961,-0.288703,0.017776,0.440591,0.248199
-0.083017,0.064898,0.238126,0.126682,0.032061,0.424061,0.360378,0.18014,0.568968,0.081946,-0.36379,-0.085676,0.364359,0.187019
-0.171976,0.035804,0.379118,0.274206,0.072393,0.278966,0.178725,0.145201,0.61952,0.115553,-0.194505,0.04257,0.324143,0.261054
0.082036,-0.095748,0.318807,0.106847,0.003676,0.381645,0.174045,0.258476,0.433215,0.211526,-0.253474,-0.068395,0.580234,0.062125
-0.012582,-0.108095,0.505219,0.071464,-0.085076,0.451649,0.339604,-0.07668,0.938173,-0.048017,-0.39618,0.06231,0.394277,0.162489
0.137837,-0.066084,0.2814,0.17495,-0.078622,0.296788,0.248329,0.074689,0.498258,0.25651,-0.031753,-0.025547,0.336513,0.269554
-0.02284,-0.243573,0.577263,0.177015,-0.118967,0.471748,0.089836,0.268256,0.522835,0.08515,-0.341561,0.081012,0.540696,0.124204
0.018832,0.101574,0.408307,-0.018227,-0.209361,0.400675,0.088733,0.039533,0.627521,0.234491,-0.046174,-0.047594,0.444849,0.099762
-0.069036,-0.018191,0.468094,0.168899,-0.111325,0.402015,0.09007,0.044501,0.782947,0.228648,-0.26933,0.032081,0.281918,0.363084
0.066616,-0.328531,0.416875,0.033857,0.08832,0.526507,0.256094,0.190987,0.356674,0.039034,-0.224756,0.087873,0.282111,0.336665
-0.147429,0.054896,0.416196,0.102721,-0.015584,0.403405,0.057307,0.422034,0.446185,-0.003806,-0.270174,0.035663,0.455156,0.227828
0.035188,0.027675,0.31409,0.066514,-0.180568,0.313195,0.158194,0.304613,0.405592,0.045927,-0.20265,-0.0064,0.251206,0.250151
-0.014962,-0.200092,0.334835,0.181793,0.012789,0.398418,0.193747,0.239681,0.488275,0.179185,-0.177184,-0.009795,0.398827,0.398295
0.030561,-0.141106,0.299142,0.058578,-0.038766,0.497105,0.116256,-0.066577,0.638586,0.198622,0.011884,0.04478,0.42363,0.296777
-0.29289,-0.125303,0.505853,0.296189,0.143217,0.393467,0.220991,0.094175,0.607769,0.077927,-0.300535,0.121624,0.257816,0.472412
-0.028356,0.012462,0.360169,0.126678,-0.040333,0.350526,-0.040208,0.172174,0.671788,-0.058284,-0.129038,0.076882,0.400131,0.306824
0.074327,-0.081272,0.366225,0.237002,0.116338,0.118612,-0.030952,0.208335,0.615168,0.06328,-0.082366,0.070896,0.153644,0.376194
-0.015642,-0.036072,0.280484,0.235102,-0.076703,0.398428,0.121197,-0.097873,0.783298,0.067815,-0.165461,0.004447,0.385403,0.17625
-0.211719,0.081867,0.347845,0.215588,-0.032726,0.241021,0.068911,0.20736,0.541862,0.181693,-0.107596,0.034618,0.112967,0.428073
-0.148821,0.023777,0.31225,0.144502,0.083994,0.44318,0.351764,0.193885,0.479103,0.049497,-0.165431,0.02511,0.384271,0.247467
-0.045084,-0.09899,0.303232,0.124157,-0.1082,0.443924,0.270971,0.105071,0.609088,0.073064,-0.242554,-0.078249,0.479926,0.226457
-0.028981,-0.006309,0.26215,0.114766,-0.015125,0.377025,0.178366,0.143558,0.643036,0.148015,-0.253486,0.01268,0.388374,0.270337
0.101768,-0.021925,0.288561,0.068837,-0.121951,0.358764,-0.128848,0.105562,0.772397,0.007245,-0.152249,0.163897,0.320374,0.448485
-0.043332,0.247852,0.001215,0.165058,0.096795,0.338491,0.174568,0.102361,0.627341,0.075212,-0.145225,0.030474,0.258296,0.292524
0.136611,-0.194788,0.495754,0.178804,-0.090151,0.275495,-0.007407,0.183767,0.469305,0.255625,-0.052991,-0.078968,0.371358,0.031069
-0.015088,0.015775,0.405412,0.19284,-0.094301,0.349635,0.207593,0.207514,0.425087,0.043856,-0.202151,0.075078,0.387144,0.298251
-0.121949,-0.254039,0.673718,0.161871,-0.046068,0.405364,0.054186,0.283375,0.455559,0.196334,-0.26498,-0.094418,0.391653,0.146753
-0.042823,-0.071484,0.364758,0.13644,-0.16483,0.405678,0.110666,0.143858,0.557637,0.241304,-0.203754,-0.007218,0.229804,0.332455
-0.174354,-0.04456,0.286615,0.168183,0.089714,0.435192,0.172761,0.171301,0.670004,-0.101532,-0.218212,0.056606,0.183417,0.396676
0.053305,-0.089653,0.175689,0.340142,-0.034268,0.323644,0.057163,0.319031,0.58085,0.073364,-0.247524,0.059049,0.25369,0.34984
0.153176,0.142523,0.313597,-0.02569,-0.22901,0.329982,-0.034527,0.256099,0.623879,-0.035627,-0.096599,0.226385,0.232846,0.445148
0.073211,-0.004339,0.483876,0.114617,-0.126736,0.21357,0.080915,0.158204,0.575108,0.184865,-0.107247,-0.048879,0.390096,0.134822
0.095678,0.046016,0.307547,0.191757,-0.081662,0.310621,0.349197,-0.063791,0.638586,0.191331,-0.205664,0.072303,0.231472,0.359118
0.01919,-0.058113,0.243082,0.175803,-0.047411,0.370624,0.302457,-0.043097,0.567164,0.06146,-0.300829,-0.010526,0.432294,0.229128
-0.004236,0.054098,0.296606,0.206183,-0.077422,0.298465,0.167879,0.442773,0.372288,0.03928,-0.253276,-0.042976,0.499755,0.25738
0.099453,-0.011965,0.180539,0.173529,0.006477,0.335955,0.161801,0.203519,0.595318,-0.013453,-0.127529,0.038435,0.318337,0.27569
0.08726,0.006151,0.246981,0.302458,-0.07677,0.294428,0.19982,0.125418,0.485669,0.197039,-0.133771,0.012429,0.18701,0.350176
-0.029888,-0.064374,0.311079,0.191409,-0.131105,0.319984,0.168363,0.338495,0.347086,0.024073,-0.178495,-0.047662,0.403905,0.208207
-0.099498,0.020688,0.133305,0.130556,-0.036487,0.577154,0.239117,-0.069707,0.812366,0.091287,-0.313064,-0.067489,0.504833,0.258461
0.256847,-0.114992,0.180902,0.170871,-0.180909,0.425174,0.218755,0.068288,0.580086,0.116255,-0.269664,0.089159,0.37272,0.190992
-0.123658,0.121017,0.15806,0.101083,-0.014868,0.428159,0.058151,0.349036,0.479738,0.101911,-0.199482,-0.108524,0.316868,0.21719
0.142625,-0.047963,0.247894,0.055596,-0.079742,0.517621,0.388024,0.447887,0.256165,-0.008583,-0.277467,-0.143802,0.549913,0.106941
0.104036,-0.053451,0.426596,0.102124,-0.162259,0.452601,0.02774,0.221458,0.486414,0.294093,-0.16304,-0.117795,0.7584,-0.029089
0.361878,-0.108842,0.329088,0.130242,-0.337191,0.349064,0.17345,0.043199,0.593928,0.218512,-0.231504,-0.142863,0.40381,0.125539
0.09115,-0.138432,0.356194,0.099893,0.037857,0.38284,0.175653,0.083495,0.593933,-0.012752,-0.155377,0.22632,0.1114,0.513262
-0.05553,-0.023325,0.417291,0.168469,-0.104558,0.358966,0.084172,0.101939,0.813737,0.004332,-0.176571,0.001193,0.440424,0.211177
-0.297572,0.0639,0.238245,0.037842,0.30788,0.531904,-0.040575,0.016804,0.663272,0.159544,-0.091238,0.021678,0.502053,0.199985
0.003688,0.009561,0.411303,0.102645,-0.057121,0.300246,-0.028479,0.198745,0.557984,0.105754,-0.143288,0.124727,0.379003,0.330951
0.251186,-0.076805,0.277688,0.234694,-0.148436,0.292397,0.15877,0.069093,0.571736,0.070258,-0.140506,0.00428,0.40466,0.079201
0.183839,-0.10873,0.359234,0.13526,-0.110023,0.383603,0.081473,0.377287,0.524883,0.152409,-0.144441,0.010429,0.372327,0.141043
-0.17906,-0.072301,0.359304,0.172537,0.042473,0.454439,0.003655,0.277538,0.479812,0.172528,-0.028311,0.147028,0.24943,0.508627
0.060716,-0.260357,0.482983,0.102417,-0.113532,0.526376,0.247585,0.214496,0.496429,0.161533,-0.198571,-0.024288,0.427089,0.253101
0.098441,-0.041541,0.379789,0.120798,-0.034166,0.279492,0.14282,0.208422,0.538044,0.109987,-0.105753,-0.019981,0.484723,0.248765
-0.029738,0.060707,0.233164,0.193536,-0.042831,0.293244,0.07946,-0.200105,0.850754,0.162261,-0.072457,0.165968,0.292862,0.476005
-0.114044,0.15851,0.306469,0.148206,-0.072401,0.36335,0.029677,-0.008663,0.648928,0.251055,-0.173732,0.003795,0.431842,0.132615
-0.119534,0.085386,0.27557,0.157531,-0.146914,0.421768,-0.159483,0.259633,0.602795,0.2166,-0.150518,0.093255,0.427696,0.378481
-0.256726,0.092284,0.240053,0.054844,0.16072,0.39708,0.223682,0.010888,0.538258,-0.021079,-0.120062,0.25639,0.262475,0.498454
-0.157894,0.077354,0.241386,0.229273,0.124151,0.362844,0.222096,-0.009153,0.59934,0.135052,0.002142,0.015146,0.282667,0.355056
0.155911,-0.044531,0.228639,0.048334,-0.107015,0.35856,0.454153,0.101632,0.448207,0.065899,-0.157002,0.008661,0.329079,0.445831
0.182556,0.052021,0.449257,0.262803,-0.294212,0.258227,0.334263,0.460107,0.434012,0.051271,-0.419916,-0.214649,0.436006,0.141629
-0.091329,-0.288864,0.523723,0.167876,0.02666,0.391515,0.179015,-0.264589,0.819199,0.03169,-0.120964,0.066267,0.346184,0.198772
-0.023042,0.143933,0.199669,0.009852,-0.128078,0.498823,-0.091849,0.120017,0.648048,0.070618,-0.003912,0.126891,0.398681,0.374973
-0.044959,-0.103644,0.264507,0.05391,0.050564,0.40103,0.248576,0.126086,0.501432,0.15271,-0.16183,-0.023118,0.254318,0.294379
0.158452,-0.054993,0.291867,0.201363,-0.104862,0.283465,0.187847,0.439618,0.392936,0.01335,-0.169793,0.014144,0.397114,0.36764
0.257736,0.072428,0.217805,0.184586,-0.25301,0.314557,0.222003,0.126121,0.40226,0.215358,-0.167994,0.040971,0.380518,0.354471
-0.027809,0.000326,0.209678,-0.007521,0.010728,0.43062,0.078452,0.129351,0.494136,0.276858,-0.116964,-0.076406,0.273351,0.325381
-0.056831,0.030522,0.27884,0.233193,0.012796,0.391947,-0.014152,0.177021,0.512824,0.206344,0.018113,0.00649,0.440933,-0.008273
-0.179317,-0.108429,0.399782,0.276393,0.005942,0.385897,-0.013536,0.103898,0.725502,0.038519,-0.111445,0.249072,0.252835,0.405203
-0.218166,-0.275737,0.703955,0.165146,0.19013,0.330778,-0.019777,-0.09586,0.935963,0.020493,-0.236928,0.215078,0.200877,0.352076
0.273761,0.027347,0.295354,0.101837,-0.186951,0.167732,0.068288,0.361795,0.338637,0.109069,-0.07348,-0.027314,0.243721,0.121556
-0.097973,-0.042724,0.284897,0.193023,-0.014616,0.281661,0.109885,0.03406,0.529828,0.305321,-0.102586,-0.007363,0.277965,0.160205
0.044049,-0.127889,0.444027,0.16914,-0.109862,0.368124,-0.066081,0.200506,0.550323,0.323885,-0.171191,0.110758,0.360137,0.249376
-0.257757,-0.011055,0.321628,0.070584,0.039616,0.57134,0.198877,0.231256,0.448756,0.158558,-0.227927,-0.020503,0.337646,0.273904
-0.244297,-0.186973,0.437648,0.348879,0.094116,0.404978,0.268481,0.256425,0.356952,0.216552,-0.261607,-0.166829,0.409009,0.145478
-0.126282,-0.023911,0.227803,0.118523,0.116466,0.436579,0.231634,0.232145,0.457551,0.058277,-0.177732,-0.045247,0.225053,0.416896
0.052086,-0.189963,0.338827,0.186626,-0.099656,0.40499,0.157532,0.075681,0.522898,0.164501,-0.236869,0.028717,0.261676,0.294643
0.192453,0.011038,0.293627,0.081719,-0.129625,0.174434,0.104835,0.318534,0.493964,0.08227,-0.1734,-0.078756,0.217411,0.392236
0.157916,-0.12171,0.331119,0.144335,-0.009704,0.429005,0.085058,0.214185,0.452681,0.147684,-0.11709,0.031708,0.408433,0.19296
0.04347,0.027989,0.221202,0.096857,-0.074645,0.290327,0.278216,0.024055,0.670455,0.074327,-0.360101,0.050467,0.19251,0.327216
0.000201,-0.079062,0.335529,0.067506,0.036765,0.442123,0.101133,0.183756,0.636152,0.192537,-0.210601,-0.058161,0.339436,0.274453
0.002557,-0.329786,0.553394,0.081975,0.084324,0.247413,0.215366,0.262863,0.516789,0.141731,-0.37139,0.100601,0.135807,0.421938
-0.234849,-0.23099,0.474911,0.185123,0.08501,0.45803,0.303198,0.239824,0.434189,0.115755,-0.343354,-0.073698,0.517208,0.20413
0.059458,-0.09501,0.323765,0.132405,-0.106827,0.424516,-0.119173,0.086864,0.734376,0.099346,-0.069726,0.114855,0.384316,0.235948
-0.112799,-0.174586,0.481382,0.268317,-0.014917,0.331857,-0.000162,0.035566,0.693567,0.263304,-0.09879,0.004741,0.310015,0.303144
0.153831,-0.235526,0.405918,0.137657,-0.115606,0.353472,0.141562,0.44968,0.28217,0.168876,-0.245922,-0.022774,0.288508,0.236117
0.098776,-0.002192,0.341248,0.126198,-0.126741,0.394652,0.288833,0.416506,0.303259,-0.011013,-0.302374,-0.03698,0.452303,0.203841
-0.083268,-0.13013,0.293071,0.191962,0.026203,0.46691,0.130198,0.199895,0.604774,0.113238,-0.239293,0.0963,0.160652,0.477489
0.104622,-0.010524,0.317685,0.183727,-0.045761,0.383607,0.043413,0.172899,0.716284,0.052859,-0.151261,-0.049719,0.498146,0.174732
0.20005,-0.154102,0.448986,0.071599,-0.180206,0.3804,0.259079,0.215746,0.545393,0.018672,-0.311909,-0.01074,0.53221,0.124991
-0.083804,-0.010571,0.226271,0.079389,-0.07641,0.437387,0.141478,-0.076838,0.632142,0.174972,-0.086477,-0.024322,0.354717,0.258012
0.103915,-0.03215,0.339828,0.156018,-0.029739,0.308311,0.109959,0.323572,0.366746,0.143984,-0.241564,-0.015631,0.454002,0.18342
-0.039733,0.033861,0.245481,0.162369,0.053083,0.469116,0.054455,0.272515,0.431243,0.088424,-0.088872,0.172365,0.434243,0.297793
-0.156733,-0.143884,0.561802,0.207576,-0.044577,0.460143,0.090989,-0.083187,0.650781,0.272923,-0.131529,0.061368,0.398946,0.014673
-0.134528,-0.026939,0.370911,0.156507,0.111205,0.312265,0.240165,0.211607,0.398125,0.201671,-0.24796,-0.0397,0.26993,0.201104
0.082104,-0.067737,0.199395,0.121663,0.089004,0.309178,0.292799,0.400416,0.384792,0.029502,-0.25744,-0.097157,0.385535,0.395814
0.08268,-0.038447,0.270083,0.092167,-0.128668,0.621049,0.396395,-0.129318,0.704497,0.121217,-0.224994,0.003297,0.604937,0.16947
0.216896,-0.161172,0.461973,0.138423,-0.150328,0.358429,0.166121,0.131318,0.504315,0.13621,-0.126281,0.043473,0.410474,0.221918
-0.100743,-0.020689,0.350206,0.10096,0.028375,0.392745,0.151994,0.281284,0.415897,0.167157,-0.22869,0.000736,0.433424,0.230605
-0.11458,-0.189486,0.642967,0.198637,-0.043807,0.35532,0.031753,0.04977,0.638683,0.280717,-0.169899,-0.025427,0.47695,0.127152
0.076552,-0.178329,0.343815,0.140091,-0.100615,0.453637,-0.004309,0.23612,0.53255,0.223312,-0.097182,-0.120499,0.434353,0.205658
0.188648,-0.084709,0.238659,0.09388,-0.074443,0.511475,0.320698,0.102453,0.540354,0.060273,-0.178986,-0.056289,0.465911,0.201297
-0.168352,-0.060984,0.237532,0.228702,0.152736,0.408132,0.344947,0.271023,0.384616,0.217879,-0.293608,-0.12285,0.359936,0.351403
0.176074,-0.12778,0.370575,0.131335,-0.130501,0.215045,0.330772,0.079051,0.585398,0.211865,-0.274952,-0.172746,0.127441,0.365087
-0.09246,-0.108628,0.284361,0.087083,0.099703,0.464383,0.049105,0.091531,0.589332,0.193643,-0.117668,-0.052225,0.49982,0.227783
0.144417,-0.042829,0.353695,0.214723,-0.069935,0.231519,0.144835,-0.074247,0.653763,0.16298,-0.022683,0.083137,0.313173,0.153858
-0.018639,-0.094371,0.463754,0.059221,0.055402,0.435791,0.301061,0.246575,0.350768,0.240589,-0.078287,-0.071131,0.455598,0.087515
-0.154505,-0.110791,0.4458,0.129264,-0.019734,0.38583,0.335557,0.268374,0.324991,0.131805,-0.242863,-0.018609,0.34399,0.337988
-0.104895,0.203167,0.33245,0.025601,-0.091572,0.433933,0.087874,0.027588,0.801236,-0.019442,-0.174043,0.024318,0.603568,0.078832
-0.21976,0.00406,0.367994,0.056194,0.07993,0.448639,0.341078,0.015763,0.561059,0.122625,-0.26242,-0.069375,0.341923,0.281329
0.210362,-0.22984,0.403539,0.08107,-0.182547,0.369719,0.256279,0.316659,0.225058,0.186314,-0.229297,-0.056094,0.426127,0.214146
0.027996,-0.09197,0.325156,0.278034,-0.111096,0.326643,0.13636,0.014739,0.779218,0.029856,-0.227084,0.143707,0.282732,0.404825
-0.007629,-0.115171,0.49339,0.294548,-0.093601,0.303971,0.014174,0.440663,0.509591,0.065385,-0.24213,-0.048112,0.410321,0.256795
0.098258,-0.182424,0.330394,0.196231,-0.086818,0.371759,0.153254,0.15167,0.714531,0.089565,-0.162938,-0.111503,0.231656,0.375768
-0.051766,0.14292,0.303879,0.15772,-0.055838,0.267373,0.072645,0.204301,0.466679,0.312865,-0.211235,-0.125641,0.339054,0.090072
-0.247278,-0.006029,0.43368,0.14476,-0.053077,0.441364,0.087961,0.200896,0.476032,0.262033,-0.219305,-0.046064,0.519454,0.257297
-0.014928,-0.097989,0.300064,0.046741,0.110657,0.423506,0.274527,0.26674,0.310755,0.244676,-0.108632,-0.128558,0.314748,0.217425
0.046595,-0.082071,0.325476,0.252198,-0.113416,0.262913,0.288155,0.200217,0.443219,0.155674,-0.275339,-0.129183,0.316964,0.1418
-0.127056,-0.176421,0.315609,0.231206,0.103808,0.474437,0.214538,0.378623,0.321328,0.105996,-0.259176,-0.232469,0.346718,0.144634
0.043718,-0.17354,0.488476,0.189077,-0.041076,0.243577,0.053052,0.253553,0.579418,0.028917,-0.200662,-0.063503,0.3359,0.1274
-0.095947,-0.248973,0.469888,0.095365,0.045184,0.371821,0.297091,0.145923,0.541127,0.164882,-0.187937,-0.104426,0.290052,0.14877
-0.005194,-0.152535,0.60209,0.160836,-0.04388,0.318795,0.362893,0.014896,0.605973,0.17926,-0.251343,-0.121484,0.441181,0.125904
-0.063245,-0.296945,0.445326,0.071259,-0.073496,0.587256,0.110997,-0.210396,0.79284,0.140361,-0.121327,0.201522,0.391752,0.32275
0.086015,-0.144701,0.281359,0.202666,-0.096238,0.418774,0.256337,0.288237,0.404531,0.192526,-0.253929,-0.057657,0.465697,0.101493
-0.18662,0.108794,0.268762,-0.010502,0.144509,0.495494,0.061516,0.322643,0.493225,0.132433,-0.385398,0.080959,0.280721,0.424712
-0.086973,-0.085211,0.218028,0.197942,0.007218,0.371464,0.071212,0.388228,0.333277,0.164168,-0.169908,-0.002589,0.28298,0.227753
-0.106691,-0.005985,0.209396,0.166246,-0.041245,0.564683,0.119145,0.33047,0.359294,0.071822,-0.119356,0.02029,0.590421,0.142437
0.173257,-0.012249,0.328168,0.159807,-0.171966,0.132038,0.121652,0.391651,0.331657,0.129509,-0.22516,-0.149306,0.256109,0.085374
-0.004753,-0.276632,0.358717,0.160413,0.128819,0.483358,0.233682,0.143345,0.47444,0.196078,-0.223809,-0.146202,0.462801,0.115776
-0.022669,-0.078093,0.346212,0.283145,0.04116,0.242159,0.205872,0.098937,0.457605,0.198735,-0.178987,-0.062466,0.191727,0.331453
0.119912,-0.108426,0.47397,0.119853,-0.131519,0.362266,0.191269,-0.048791,0.617635,0.283716,-0.101574,-0.058271,0.303181,0.172415
-0.203931,0.030418,0.227668,0.162335,0.089746,0.412434,0.311967,0.215026,0.546637,0.091606,-0.231303,-0.132339,0.45153,0.110463
-0.122886,-0.022788,0.353547,0.116934,-0.060697,0.468319,0.169232,-0.226315,0.829893,0.118011,-0.151048,0.057284,0.311181,0.167027
-0.022547,-0.050024,0.332173,0.08253,0.061492,0.481153,0.427884,0.345303,0.305781,0.065517,-0.217404,-0.096512,0.537124,0.055197
-0.022382,-0.083599,0.241824,0.06537,-0.036036,0.533566,0.261838,0.290928,0.582742,-0.045719,-0.296482,0.042349,0.445036,0.286104
0.069659,-0.009232,0.250539,0.195032,-0.132716,0.387893,0.099945,0.385739,0.42155,0.018576,-0.266466,0.059424,0.304071,0.314978
0.103719,-0.136708,0.347756,0.229513,-0.042109,0.30963,0.202496,0.195615,0.425869,0.220373,-0.202341,-0.097398,0.373535,0.293014
0.034959,0.107867,0.104993,0.241418,-0.098537,0.347117,0.222516,0.026134,0.649701,0.018732,-0.112757,0.072717,0.408517,0.312741
-0.025143,-0.027652,0.211706,0.24495,0.092063,0.364484,0.343756,0.021517,0.369741,0.228278,-0.074908,-0.009124,0.456743,0.190237
-0.107273,-0.008027,0.164513,0.250284,0.081325,0.426023,0.28012,-0.008158,0.587094,0.20234,-0.177739,-0.029386,0.48236,0.130006
-0.019391,0.022821,0.356665,0.187067,-0.047891,0.39238,0.156905,0.22596,0.446266,0.248416,-0.119902,-0.086273,0.502806,0.269999
-0.008639,-0.015483,0.227427,0.166752,-0.052153,0.328064,-0.053435,0.225814,0.518357,0.071699,-0.11679,0.065293,0.27262,0.186607
-0.090213,-0.091856,0.531785,0.174491,0.017382,0.395234,-0.125943,0.208763,0.550281,0.153516,0.049628,0.106076,0.360812,0.380056
-0.08608,0.079945,0.403039,0.126978,-0.136457,0.46588,0.010094,0.262492,0.631279,0.043561,-0.216261,0.045226,0.473407,0.203686
0.042736,-0.152689,0.219948,0.240983,0.02183,0.364514,0.165631,0.03624,0.70318,0.03524,-0.189784,0.031228,0.256854,0.357325
0.410497,-0.050729,0.226897,0.004647,-0.228908,0.277716,0.280029,0.205516,0.591259,-0.047955,-0.304522,-0.192249,0.280932,0.219442
-0.066625,-0.123471,0.258725,0.158154,0.057419,0.414104,0.272404,0.204338,0.516443,0.06944,-0.266975,-0.098025,0.179082,0.101564
-0.079567,-0.025402,0.448355,0.21247,-0.013734,0.323171,0.262035,0.127917,0.502884,0.150883,-0.272458,0.019272,0.369661,0.386514
-0.280889,-0.226134,0.430023,0.228545,0.166598,0.521798,0.210409,0.348206,0.424757,0.225857,-0.371804,-0.099648,0.320869,0.326814
-0.001338,-0.167281,0.418736,0.086805,0.02829,0.414412,0.175409,-0.145393,0.764194,0.067696,-0.227758,0.06371,0.444443,0.271013
-0.023893,0.075647,0.421933,0.215613,-0.185858,0.28835,0.033779,0.283704,0.312415,0.191365,-0.198502,0.028853,0.53844,0.225697
0.148921,0.011926,0.39191,0.151444,-0.27905,0.321059,0.168757,0.420618,0.355585,0.100876,-0.279059,-0.095253,0.379379,0.132336
0.113678,-0.015754,0.286275,0.18686,-0.145848,0.380125,0.199179,0.168473,0.555677,0.11578,-0.196901,-0.059684,0.518134,0.100968
-0.005725,0.007748,0.162197,0.160925,-0.065563,0.444576,0.125511,0.30531,0.411988,0.129652,-0.214646,0.067589,0.333163,0.358057
-0.092577,-0.150571,0.429993,0.149545,-0.090923,0.483595,0.205957,0.245011,0.573383,0.122623,-0.307415,-0.006103,0.425556,0.304965
-0.07481,-0.118369,0.428159,0.237378,0.123473,0.337663,0.367505,0.301904,0.323863,0.133627,-0.24156,-0.130656,0.325287,0.202153
0.291752,-0.07693,0.34554,0.227709,-0.251703,0.254699,0.00399,0.014636,0.804117,0.129217,-0.113456,0.083883,0.218404,0.38177
0.098359,-0.250794,0.229148,0.324839,0.099176,0.381881,0.087454,0.240046,0.449178,0.109193,-0.254925,0.126787,0.255188,0.309951
-0.324853,-0.088249,0.433828,0.263692,0.08624,0.366518,-0.072449,0.318688,0.757567,0.09155,-0.229728,0.020165,0.236753,0.430993
-0.061442,-0.112442,0.4899,0.152445,-0.00814,0.385178,0.220197,0.337054,0.36819,0.077564,-0.239927,-0.089774,0.560044,0.232652
-0.040859,-0.279901,0.320648,0.283718,0.212563,0.46721,0.053322,0.062238,0.578614,0.253998,-0.210126,0.038718,0.333691,0.366588
-0.223536,-0.163476,0.5455,0.044535,0.050353,0.287611,0.219546,-0.074441,0.806604,0.050322,-0.272117,-0.081263,0.227526,0.317396
-0.262637,-0.086103,0.392664,0.211418,0.099749,0.378671,-0.113336,0.008724,0.748627,0.081056,-0.140016,0.148995,0.294904,0.348038
-0.080444,-0.14396,0.501871,0.282549,-0.059809,0.380646,-0.11739,0.113807,0.803503,0.11589,-0.192429,0.055925,0.389052,0.259358
0.145584,-0.236091,0.350881,0.362017,0.03266,0.359756,0.012516,-0.025456,0.623094,0.349483,-0.029439,0.058041,0.496809,0.147827
-0.034054,-0.114566,0.463139,0.165425,-0.031719,0.346204,0.016987,0.0279,0.708722,0.168976,-0.068539,0.102555,0.294463,0.369415
-0.087492,-0.114201,0.382366,0.342098,-0.04851,0.375211,-0.183285,-0.125761,0.785968,0.288115,-0.070639,0.068653,0.377428,0.052436
0.047392,0.030281,0.254079,0.197363,-0.06243,0.290194,0.092404,-0.096025,0.881903,0.073509,-0.195545,0.044633,0.266938,0.300926
0.204425,0.016778,0.292218,0.059811,-0.070787,0.212828,0.292794,0.150433,0.465432,0.082699,-0.235359,-0.191561,0.269465,0.237624
0.000821,-0.196415,0.435654,0.051077,-0.093311,0.507346,0.155644,0.303931,0.438065,0.094602,-0.295517,-0.062641,0.410547,0.261029
0.093576,-0.165662,0.251705,0.279472,-0.03004,0.249691,0.264335,0.432404,0.294655,0.126245,-0.280542,-0.16019,0.29901,0.126578
-0.113592,0.033424,0.417061,0.135376,0.068759,0.376407,0.156565,0.184541,0.472238,0.069039,-0.179115,0.01881,0.460928,0.142582
-0.026184,0.002447,0.37455,0.204667,0.064207,0.343378,-0.054564,0.183474,0.597208,0.077366,-0.114415,0.082263,0.39014,0.367956
0.311575,0.023587,0.204089,0.118801,-0.272121,0.366865,0.485227,0.12571,0.326939,0.173764,-0.19623,-0.146569,0.462574,0.028969
0.134071,-0.173728,0.452493,0.047971,-0.16442,0.304636,0.290654,-0.057717,0.676002,0.104965,-0.297245,0.04797,0.279392,0.268347
0.097352,0.054917,0.204855,0.044815,-0.093876,0.440801,0.169298,0.162201,0.585419,0.094342,-0.183925,0.01568,0.224686,0.275074
-0.091444,-0.00183,0.246767,0.142241,-0.010183,0.406263,0.21746,0.163654,0.603146,0.203405,-0.27609,-0.152516,0.271691,0.374166
-0.079139,-0.025566,0.204235,0.158553,0.143475,0.398427,0.200308,0.211812,0.444385,0.088972,-0.259357,0.119582,0.348106,0.389014
-0.021766,0.049246,0.487254,0.134182,-0.038859,0.266497,0.296503,0.298305,0.438325,0.222721,-0.243831,-0.144579,0.492148,0.165925
-0.227929,-0.135175,0.427415,0.199235,0.031804,0.430102,0.181018,-0.112116,0.670403,0.179436,-0.119047,0.082516,0.208386,0.232623
-0.221421,-0.057196,0.351088,0.309648,0.162202,0.321667,0.014865,0.262871,0.567154,0.070654,-0.147424,-0.018808,0.251888,0.212858
-0.06913,-0.166699,0.244736,0.341357,0.023775,0.472353,0.200332,0.148677,0.519468,0.056479,-0.206375,0.083089,0.361206,0.326636
-0.126645,0.021101,0.276878,0.226992,0.151433,0.333934,0.016682,0.075915,0.550213,0.185688,-0.036337,0.134517,0.300936,0.342102
-0.047519,0.019859,0.352345,0.119683,-0.029415,0.485189,0.256112,0.169461,0.519691,0.12504,-0.337522,-0.131507,0.515865,0.068205
-0.010119,-0.137316,0.267596,0.176566,0.081269,0.536817,0.228183,0.073471,0.447831,0.338609,-0.164014,-0.070069,0.542213,0.033069
0.115678,-0.06635,0.304387,0.08007,-0.067351,0.426248,0.125325,0.08037,0.616179,0.112868,0.026345,0.09013,0.42301,0.437498
-0.160058,0.071902,0.319035,0.138318,0.103952,0.420687,0.387198,0.123771,0.415852,0.131558,-0.228692,-0.008889,0.323761,0.271958
-0.047986,0.003488,0.256773,0.133258,0.027397,0.446212,0.345322,0.313167,0.370871,0.049523,-0.303062,-0.17069,0.410655,0.159597
-0.052722,-0.089222,0.296172,0.183103,0.026105,0.337091,0.038791,0.141075,0.737048,0.039454,-0.128718,0.087757,0.183555,0.424414
-0.150058,-0.144812,0.185061,0.353839,0.059838,0.455154,0.145772,0.24708,0.433664,0.038155,-0.161245,0.036281,0.222056,0.471424
-0.211524,-0.132501,0.444066,0.125395,0.060816,0.443356,0.132042,0.212092,0.508345,0.187856,-0.11473,-0.063175,0.251518,0.296655
0.037846,0.019686,0.348137,0.077569,-0.084094,0.416139,0.228661,0.369582,0.436535,0.079451,-0.309386,-0.073429,0.41872,0.334246
0.175219,-0.086302,0.414891,0.116094,-0.273076,0.340352,0.218605,0.01364,0.620843,0.16248,-0.330599,0.013082,0.485786,0.195056
-0.12009,-0.052689,0.347593,0.090453,0.129414,0.347394,0.413444,0.087583,0.465378,0.124948,-0.223156,-0.03176,0.249795,0.378459
0.287373,0.115892,0.271493,0.108878,-0.220533,0.12519,0.243018,0.283782,0.455174,0.047521,-0.332124,-0.113161,0.339597,0.19684
0.056872,0.056394,0.344344,0.007173,-0.10687,0.447703,0.117443,0.027718,0.749636,0.078788,-0.171472,0.058676,0.384259,0.196146
-0.186185,0.041177,0.509924,0.176966,-0.03762,0.344358,-0.076264,0.250767,0.58911,0.194699,-0.043091,0.08285,0.378173,0.294058
0.08138,-0.242164,0.35724,0.229307,-0.066334,0.410199,0.120582,-0.004042,0.781116,0.036914,-0.118577,0.120021,0.25479,0.486447
0.068319,-0.05006,0.34788,0.167344,-0.112205,0.383466,-0.144687,0.278651,0.554153,0.120514,0.034786,0.208732,0.217245,0.388653
0.032488,-0.098549,0.299267,0.187096,-0.059066,0.408292,0.046523,-0.175917,0.811093,0.245773,-0.130561,0.095068,0.342173,0.308481
-0.156493,-0.074708,0.38441,0.242458,0.038243,0.336386,0.029891,0.059776,0.612761,0.161951,-0.10948,0.108448,0.281984,0.319272
0.288138,-0.020337,0.258265,0.255498,-0.061235,0.293624,0.077825,0.352184,0.462572,0.119928,-0.169254,-0.038263,0.371782,0.230331
-0.014139,-0.167895,0.209381,0.118059,0.028214,0.547383,0.112383,0.444,0.368647,-0.047486,-0.252442,0.089115,0.30917,0.288062
-0.206642,-0.014237,0.203243,0.185139,0.129,0.543905,0.075869,0.234791,0.472828,0.234058,-0.251631,0.102056,0.306923,0.25836
0.007504,-0.110105,0.394163,0.158155,-0.025621,0.326109,0.370794,0.10907,0.443851,0.11229,-0.179033,-0.033399,0.242207,0.249324
0.16858,-0.147953,0.332274,0.273627,-0.032808,0.239809,-0.007199,0.127703,0.628149,0.252248,-0.04778,0.027573,0.310104,0.314544
-0.375474,0.071504,0.347681,0.090558,0.118316,0.463267,0.194639,0.131784,0.39101,0.29744,-0.236736,-0.116946,0.426476,0.227413
-0.080662,0.03239,0.223243,0.050121,0.078182,0.453138,0.098481,0.276537,0.584953,0.060999,-0.282124,0.070394,0.2702,0.351794
-0.055459,-0.126793,0.370482,0.136189,0.009587,0.406147,0.138619,0.349665,0.394361,0.254132,-0.188451,-0.098099,0.311957,0.320145
0.040917,-0.00417,0.329047,0.23213,-0.034394,0.392206,0.078122,0.25614,0.377725,0.159207,-0.174812,0.059807,0.428342,0.302584
-0.033859,-0.089088,0.473331,0.196557,-0.099131,0.443141,0.062952,0.286309,0.463239,0.176089,-0.275455,0.038695,0.489188,0.192947
0.31608,-0.02608,0.137436,0.128775,-0.257273,0.241062,0.072716,-0.012293,0.728476,0.048382,-0.097583,0.112344,0.057348,0.387906
0.056212,-0.264362,0.298689,0.243211,-0.038816,0.449032,0.139604,-0.383153,1.040076,0.233571,-0.246807,-0.024297,0.419195,0.247881
-0.156349,0.057303,0.487765,0.088932,-0.038842,0.353425,-0.056353,0.21918,0.557104,0.134025,-0.171882,0.128504,0.360043,0.302552
0.048533,-0.174142,0.306739,0.183818,-0.026242,0.389452,0.159092,0.141479,0.580139,0.055511,-0.315865,0.125322,0.216134,0.442644
-0.021542,-0.29902,0.476209,0.223696,0.025314,0.358528,0.094433,0.207101,0.563855,0.129861,-0.231914,-0.014316,0.202603,0.169628
-0.099459,-0.147973,0.351473,0.188288,0.165405,0.384872,0.25658,0.282228,0.400484,0.138609,-0.257256,-0.128716,0.370227,0.205922
0.172101,-0.110814,0.38844,0.251893,-0.095817,0.201389,0.10523,0.013184,0.73487,-0.055119,-0.162042,0.246319,0.126224,0.518028
0.087794,-0.312625,0.509518,0.207009,-0.030292,0.292842,0.013863,0.370284,0.399154,0.124471,-0.191594,-0.02852,0.377197,0.156662
-0.254688,0.008976,0.387748,0.052959,0.139717,0.368763,-0.010099,0.494564,0.345446,0.054365,-0.357229,-0.029746,0.352988,0.301844
-0.287115,-0.121461,0.434115,0.197672,0.196202,0.317261,0.353526,0.247123,0.431376,0.123264,-0.368433,-0.053787,0.162056,0.298766
0.165876,-0.042579,0.303828,0.131976,-0.044522,0.402863,0.306199,0.294061,0.440755,0.153296,-0.344885,-0.189446,0.501205,-0.127189
-0.05814,0.054986,0.227057,0.203431,-0.036749,0.375103,0.217495,0.238083,0.544126,0.020933,-0.23797,-0.02861,0.361556,0.243044
-0.150597,-0.041745,0.275955,0.153748,0.048838,0.486011,0.243207,0.02939,0.535494,0.221313,-0.169613,0.125436,0.327768,0.395022
-0.116154,0.242014,0.400449,0.100982,-0.101909,0.234019,0.100057,0.180629,0.749301,0.034206,-0.204749,-0.034302,0.347466,0.402559
-0.076208,-0.117183,0.552083,0.053388,0.010727,0.392187,0.092655,0.309158,0.436774,0.07409,-0.085509,0.109358,0.444774,0.298302
0.200613,-0.148727,0.450686,0.19875,-0.230486,0.254111,0.25607,0.22188,0.446357,0.244025,-0.406383,-0.187066,0.477233,0.05774
-0.095662,0.038286,0.358832,0.123258,0.075735,0.299495,0.243512,0.149789,0.475908,0.159287,-0.1517,-0.034397,0.325257,0.206628
-0.292804,0.058751,0.299332,0.200972,0.133925,0.366815,0.16883,-0.099485,0.768455,0.198745,-0.163033,0.017897,0.28374,0.408344
-0.019444,0.072979,0.26861,0.124792,-0.059266,0.370748,-0.00921,0.372566,0.472893,0.209124,-0.384973,-0.148776,0.540354,0.020253
-0.110491,-0.035898,0.405833,0.170219,0.068041,0.290678,0.211427,0.097438,0.618483,0.051824,-0.128415,0.102104,0.135883,0.552883
0.033672,-0.2034,0.425324,0.216096,-0.006356,0.363548,0.118175,0.352842,0.415221,0.101604,-0.158211,-0.070801,0.408946,0.153403
-0.132621,0.010066,0.384927,0.084762,0.011991,0.362772,0.224328,0.335888,0.518194,-0.00269,-0.347111,-0.0163,0.360705,0.268394
0.198442,-0.042233,0.241323,0.202607,-0.125079,0.436573,0.294688,0.220671,0.460329,-0.015214,-0.141795,0.059461,0.461318,0.274449
-0.181201,-0.005813,0.467573,0.09184,0.024596,0.378887,0.165485,0.455249,0.319299,0.175335,-0.238841,-0.061652,0.501521,0.103841
0.034145,-0.042798,0.140296,0.123511,-0.012145,0.583919,0.162441,0.278292,0.449352,-0.000648,-0.119198,0.145578,0.480546,0.363384
-0.076989,-0.044832,0.430592,0.109812,-0.114767,0.372089,0.262295,0.106086,0.536889,0.125249,-0.311621,-0.033026,0.26246,0.404249
-0.258526,0.048958,0.381398,0.197195,0.088776,0.295676,-0.042514,0.367076,0.487302,0.043827,-0.18274,0.10064,0.300702,0.345836
-0.089271,-0.146813,0.387753,0.209745,0.057619,0.364597,-0.054222,-0.013624,0.90684,0.136304,-0.223405,0.018136,0.186703,0.378673
-0.0817,-0.209273,0.390024,0.19841,-0.080312,0.398621,0.340635,-0.275945,0.87783,0.037702,-0.260899,0.046089,0.345789,0.359817
-0.057873,-0.163493,0.448089,0.075159,-0.059515,0.444692,-0.006557,0.368846,0.33339,0.248568,-0.094097,0.027499,0.466501,0.213671
-0.123979,-0.098011,0.488936,-0.043034,-0.028353,0.452694,0.059389,0.10603,0.576749,0.263213,-0.214681,-0.071387,0.346349,0.25915
-0.161021,-0.138527,0.235621,0.276522,0.150126,0.364114,0.072721,0.090949,0.602065,0.194084,-0.068395,0.097839,0.193139,0.356096
0.03021,-0.236596,0.548175,0.235304,-0.207417,0.3944,-0.029918,-0.036473,0.803505,0.224668,-0.220776,0.086118,0.246564,0.252668
-0.151087,-0.04575,0.438928,0.069522,0.105631,0.366397,0.138753,0.025186,0.670967,0.117597,-0.209892,-0.106183,0.307714,0.203704
-0.200058,-0.05296,0.296946,0.210828,0.173244,0.302009,0.038488,0.097885,0.684498,0.117323,-0.184579,-0.005817,0.182805,0.403048
-0.112855,-0.188525,0.411097,0.30225,0.245394,0.309804,-0.053659,0.109974,0.463125,0.266744,-0.010431,0.052091,0.309428,0.202511
-0.014193,0.068532,0.260221,0.166783,0.01226,0.370871,-0.009082,0.276635,0.623178,0.135756,-0.091609,-0.04248,0.451185,0.345066
0.116057,-0.069066,0.363246,0.109838,-0.10772,0.428431,0.234536,0.330113,0.357965,0.151544,-0.291902,-0.015781,0.399449,0.173362
0.106682,-0.029322,0.411913,-0.019088,-0.114572,0.393691,0.038344,0.153653,0.638165,0.04347,-0.092194,0.001105,0.473672,0.18372
0.158673,-0.192116,0.318099,0.187086,-0.121007,0.356008,0.052287,0.500476,0.340018,0.04839,-0.214348,-0.058706,0.362924,0.278478
-0.045083,0.119302,0.177651,0.196987,-0.017381,0.426319,0.026343,0.153856,0.709523,0.041609,-0.146285,0.083988,0.345817,0.277328
-0.209772,-0.08099,0.452522,0.077747,0.058643,0.428471,0.089669,0.126831,0.665821,0.219436,-0.186767,0.008532,0.210125,0.509467
-0.135838,-0.099503,0.373381,0.196992,0.078605,0.394975,0.147767,0.118467,0.65235,0.114846,-0.237902,0.066714,0.257709,0.337514
0.086686,-0.193547,0.44266,0.007609,0.015487,0.337521,0.201917,0.194059,0.525992,-0.010113,-0.177411,-0.015106,0.228563,0.442795
0.108009,0.070383,0.404535,0.081579,-0.136287,0.287227,0.0883,0.3537,0.502534,-0.009778,-0.101275,0.059295,0.320609,0.231096
0.22514,-0.118148,0.316481,0.20311,-0.349893,0.421647,-0.235706,0.068752,0.958815,0.106825,-0.221781,0.098979,0.303164,0.339671
-0.02774,-0.097578,0.363019,0.289039,-0.056992,0.217765,0.064812,0.045977,0.718733,0.045935,-0.133496,0.034625,0.237069,0.20729
-0.096313,0.08777,0.49463,0.130516,0.038367,0.286666,0.048158,0.489484,0.523401,0.040327,-0.30278,0.003174,0.463038,0.313309
0.282099,-0.081313,0.354604,-0.10923,-0.211431,0.540272,0.227612,0.304564,0.404727,0.173043,-0.331923,-0.055293,0.602231,0.059213
0.29151,-0.065654,0.306261,0.071555,-0.103937,0.283931,0.202574,0.27806,0.484527,0.225429,-0.250515,-0.191278,0.301859,0.273662
-0.268878,-0.167594,0.451757,0.078495,0.237138,0.414868,0.199298,0.213547,0.43379,0.090247,-0.29815,0.135009,0.359512,0.350157
-0.159487,0.020792,0.277768,0.213171,-0.082562,0.333205,0.148207,-0.01883,0.593855,0.26158,-0.040367,-0.168287,0.380826,0.163725
0.139788,-0.072983,0.306083,0.194183,-0.156837,0.316681,0.225263,0.192436,0.608599,0.084327,-0.249875,-0.01154,0.23047,0.280795
-0.006011,0.06308,0.316417,0.099473,-0.00682,0.394556,0.098788,-0.095645,0.774292,0.046266,-0.154077,0.246006,0.261931,0.506585
0.098618,0.111136,0.240396,0.064472,-0.259355,0.461101,0.186265,0.040113,0.63651,0.143634,-0.201318,0.077775,0.443016,0.282707
-0.0202,-0.102301,0.401653,0.227756,-0.099929,0.376126,0.067069,0.102355,0.605325,0.123012,-0.12931,-0.081473,0.531667,-0.002464
0.013887,-0.181042,0.469791,0.271228,-0.002278,0.406873,0.026675,-0.053977,0.799341,0.244848,-0.158045,0.062638,0.484208,-0.000276
-0.228284,-0.010476,0.239574,0.125026,0.23321,0.35429,0.058337,0.145432,0.652479,0.103796,-0.182056,0.114793,0.142345,0.542838
0.250222,-0.180519,0.435482,0.225146,-0.156032,0.340034,0.298876,0.191201,0.401516,0.192414,-0.180519,-0.123062,0.563368,-0.119599
0.166831,-0.13137,0.29275,0.187557,-0.107421,0.384292,0.15789,0.010396,0.731989,0.104563,-0.170071,-0.027565,0.203073,0.314886
0.064163,0.003267,0.264196,0.138799,-0.120727,0.341907,-0.000724,0.157058,0.688136,0.05623,-0.174143,0.092056,0.393284,0.26596
-0.4551,-0.043832,0.362077,0.246938,0.205648,0.396866,0.232186,-0.12133,0.640432,0.216702,-0.145248,-0.067383,0.319075,0.173854
-0.036775,-0.170169,0.42417,0.108482,-0.016734,0.350983,0.219375,0.256803,0.423414,0.207445,-0.217382,-0.06431,0.21656,0.377596
0.084425,-0.128651,0.498181,0.219953,-0.117623,0.395792,0.088467,0.259819,0.54621,0.19001,-0.291842,-0.165659,0.580922,0.027409
0.007404,-0.069074,0.392258,0.267416,-0.107484,0.249186,0.009568,0.274202,0.391879,0.270806,-0.059493,-0.151296,0.385673,-0.015855
0.013361,-0.059189,0.290732,0.098966,-0.053435,0.485046,0.060583,0.175021,0.541194,0.166844,-0.195178,0.098301,0.316431,0.377274
0.16022,-0.277985,0.309225,0.248228,-0.124342,0.440278,0.277145,0.437971,0.253407,0.167918,-0.258311,-0.072435,0.351293,0.151544
0.082528,-0.051583,0.22393,0.11964,0.042804,0.300186,0.219453,0.099416,0.56559,0.024339,-0.176762,-0.046716,0.117892,0.203145
-0.181089,-0.055529,0.397424,0.14137,0.027112,0.51251,0.314803,0.081277,0.607866,0.042063,-0.280617,-0.012016,0.457156,0.190178
0.02472,0.049348,0.456591,0.107206,-0.050345,0.377596,-0.058997,0.351387,0.489184,0.039899,-0.008897,-0.033207,0.558162,0.217133
-0.178213,-0.134077,0.506733,0.318099,0.055764,0.333268,0.284767,0.230939,0.523012,0.080179,-0.380324,-0.000111,0.294462,0.362838
-0.012855,-0.309464,0.440114,0.127661,0.088566,0.449482,0.046314,0.293486,0.695978,-0.045389,-0.296833,0.078648,0.277731,0.326757
0.087305,-0.086281,0.251541,0.094607,-0.050115,0.329158,-0.017527,0.400165,0.467396,0.053142,-0.15819,0.001398,0.437488,0.257244
-0.177976,0.032217,0.36461,0.058749,0.191118,0.380419,0.082387,0.21103,0.47895,0.080064,-0.125076,0.075762,0.330554,0.3175
0.009316,0.011112,0.281281,0.130448,-0.030021,0.404409,0.321563,0.095679,0.645519,-0.082873,-0.305584,0.086331,0.319637,0.49726
0.049966,-0.034481,0.363537,0.103185,-0.059691,0.378886,0.177429,0.037451,0.629126,0.054405,-0.166648,0.10972,0.283633,0.298101
0.0803,0.077188,0.298789,0.195318,-0.270159,0.46863,0.246924,0.273093,0.57893,0.016967,-0.384972,-0.065019,0.579283,0.160418
-0.009988,-0.060109,0.342778,0.137376,-0.106783,0.329254,0.167627,0.078549,0.645373,0.125654,-0.236951,0.005977,0.308297,0.448043
0.148269,-0.127178,0.304246,0.228498,-0.059076,0.309534,0.281752,0.20082,0.354759,0.173825,-0.172225,-0.053963,0.226817,0.371817
-0.364281,-0.058863,0.293198,0.231995,0.16669,0.506906,0.193896,0.237858,0.562771,0.032517,-0.235528,0.081142,0.341219,0.389565
-0.03646,-0.110078,0.347501,0.231998,-0.132102,0.291423,-0.054542,0.092186,0.66876,0.198873,-0.085378,-0.024048,0.283251,0.28992
0.136969,-0.086989,0.475362,-0.019483,-0.145611,0.494241,0.377875,-0.095898,0.672112,-0.029158,-0.237748,0.062491,0.815088,-0.008603
0.078419,0.079532,0.153934,0.162771,0.035974,0.284843,0.330605,-0.128784,0.923331,-0.146738,-0.138186,0.015863,0.21158,0.32072
-0.063785,0.024919,0.182077,0.155542,-0.037164,0.273969,0.169705,0.04163,0.599207,0.007098,-0.026132,-0.053815,0.311541,0.306108
0.225032,-0.04561,0.235909,0.128644,-0.087903,0.158449,0.246,0.173199,0.490787,0.24577,-0.31406,-0.082508,0.227422,0.236967
-0.16335,-0.093219,0.473451,0.150746,-0.001348,0.443122,0.222458,-0.061491,0.68906,0.182637,-0.197151,-0.073172,0.43662,0.025542
0.011666,-0.086126,0.207929,0.218941,-0.073249,0.499822,0.07211,0.288643,0.544511,0.148492,-0.215511,0.053983,0.34087,0.176346
-0.292766,0.269112,0.187883,0.059106,0.144558,0.435079,-0.000267,0.062688,0.779642,0.016199,-0.083563,0.07367,0.404995,0.330225
-0.148248,-0.160197,0.385183,0.059182,-0.01259,0.536569,0.362362,0.26668,0.295872,0.205354,-0.198231,-0.043995,0.504957,0.316382
-0.040582,-0.113536,0.502803,0.257823,-0.023276,0.315033,-0.029554,0.156647,0.626279,0.1387,-0.109798,0.092504,0.278618,0.357108
-0.129453,-0.12258,0.319746,0.22257,0.116962,0.332345,0.074587,0.24568,0.516023,0.059359,-0.234639,-0.001369,0.372129,0.347549
-0.091376,-0.271519,0.5724,0.248629,-0.001411,0.303951,0.039633,-0.257276,0.884134,0.095567,-0.122048,0.129271,0.245747,0.178675
-0.001104,-0.175984,0.358748,0.302308,-0.002352,0.24708,0.253634,0.209155,0.404662,0.290764,-0.214871,-0.132548,0.291838,0.139092
-0.041839,-0.192644,0.452954,0.120319,0.020899,0.5062,0.235276,-0.011102,0.711233,0.077727,-0.246802,0.026616,0.518765,0.114016
-0.065843,-0.124874,0.383793,0.120092,0.090486,0.353104,0.11391,-0.211376,0.890426,0.161744,-0.354779,-0.008676,0.282954,0.365252
-0.278708,-0.145808,0.492744,0.205992,0.058403,0.368088,0.289468,0.192593,0.389509,0.260577,-0.278947,-0.046713,0.35443,0.177915
0.007081,0.095249,0.30118,0.021089,0.012636,0.33792,0.176725,0.282747,0.618186,-0.029764,-0.462312,-0.003372,0.346824,0.257025
-0.079115,-0.123708,0.361689,0.110921,-0.083641,0.550048,0.03057,0.047501,0.586744,0.218081,-0.140746,0.079735,0.495376,0.267301
0.244512,-0.045346,0.337887,0.026939,-0.244006,0.504757,0.240842,0.305404,0.448211,0.06727,-0.287037,-0.002181,0.522396,0.274674
-0.092005,-0.195022,0.52034,0.225162,-0.051008,0.32068,0.090508,-0.119103,0.846388,0.08346,-0.130922,0.022275,0.279681,0.307912
0.005717,0.023389,0.324288,0.201272,-0.001797,0.268618,0.01322,0.208737,0.59391,0.120319,-0.154283,0.058725,0.166479,0.412111
0.415176,0.011452,0.440923,0.096271,-0.432294,0.236825,0.032331,0.181263,0.619934,0.124193,-0.262769,-0.039312,0.451893,0.101073
-0.129258,-0.111581,0.541533,0.180266,-0.086218,0.421656,-0.136235,-0.005393,0.931707,0.070019,-0.174388,0.260836,0.220055,0.346743
0.060577,-0.06721,0.457259,0.040844,-0.068501,0.43745,0.266609,0.101887,0.529331,0.052247,-0.24345,0.09459,0.558667,0.177617
0.007351,-0.146769,0.369701,0.097341,-0.021924,0.477928,0.145219,0.151208,0.623557,0.141959,-0.151179,0.008206,0.374621,0.237923
-0.010738,-0.008657,0.339974,0.103861,0.077245,0.303013,0.181305,0.035644,0.745698,0.249177,-0.317858,-0.156784,0.225508,0.271437
-0.172555,-0.318172,0.60492,0.274466,0.045083,0.49549,-0.003888,0.122842,0.666401,0.144888,-0.10457,-0.001518,0.465652,-0.008539
0.18303,-0.129626,0.421314,0.172398,-0.155247,0.414004,0.071767,0.272119,0.441469,0.103608,-0.118331,0.033178,0.561401,0.1829
-0.001173,-0.252884,0.436349,0.170932,0.082622,0.436248,0.219196,0.305479,0.411012,0.114475,-0.308051,0.018022,0.469785,0.264783
0.009445,0.030258,0.464409,0.009956,-0.178537,0.453872,0.275867,0.13653,0.430949,0.152498,-0.261979,-0.137939,0.559233,0.008827
-0.020237,-0.014666,0.382051,0.169288,-0.055842,0.303556,-0.035499,0.396931,0.595148,-0.009158,-0.255356,0.046664,0.238082,0.203368
-0.011283,-0.018684,0.222309,0.141481,0.004803,0.317801,0.340651,0.250733,0.259727,0.188915,-0.197662,-0.118959,0.241672,0.192399
-0.160707,-0.148489,0.344445,0.18272,0.07163,0.441674,0.050757,-0.071722,0.845633,0.110546,-0.252649,0.10383,0.248064,0.505533
0.037622,-0.112756,0.348344,0.190367,0.05411,0.334365,0.187608,0.288927,0.359843,0.196259,-0.165385,-0.080879,0.388667,0.285985
-0.085138,0.154787,0.383038,0.11563,-0.098884,0.464633,0.061688,0.064031,0.806716,0.069181,-0.17683,0.053756,0.521224,0.150662
0.103497,-0.013608,0.441101,0.071927,-0.11161,0.385683,0.211439,0.209553,0.312783,0.182922,-0.199298,-0.068111,0.589324,-0.053467
0.193165,-0.045309,0.218151,0.027463,-0.085593,0.487944,0.133031,0.147168,0.673341,0.028257,-0.167254,-0.001983,0.41225,0.144185
-0.086469,0.051948,0.324502,0.11522,0.003576,0.256611,0.325966,0.055911,0.579528,0.03624,-0.102781,-0.092456,0.314648,0.424242
0.099901,-0.045552,0.20938,0.105389,-0.078732,0.400924,0.078264,-0.000148,0.581035,0.191249,-0.109976,0.132246,0.290614,0.374612
0.236264,0.049169,0.184581,0.152375,-0.185843,0.41124,0.42269,0.243855,0.335926,0.120762,-0.169439,-0.128096,0.524693,0.152644
-0.00481,-0.015106,0.21234,0.082579,0.079362,0.328323,0.147388,-0.013369,0.614232,0.177597,-0.084433,0.081905,0.159768,0.471851
-0.299233,-0.025421,0.481567,0.14285,0.145069,0.414877,0.287538,0.169242,0.587258,0.047372,-0.361767,0.015137,0.308525,0.324304
-0.125622,-0.001804,0.389231,0.126353,0.020329,0.377315,-0.000383,-0.036738,0.791927,0.230053,-0.172013,0.002854,0.384909,0.306054
-0.262291,0.029664,0.380349,0.094923,0.130199,0.372007,-0.00049,0.191265,0.586873,0.03779,-0.092216,0.091614,0.414545,0.310314
0.141141,-0.261152,0.360651,0.152756,0.015538,0.410954,0.422255,-0.176394,0.711449,0.077957,-0.258924,0.067968,0.274807,0.379922
-0.070483,-0.187028,0.490961,0.087116,-0.113196,0.376785,0.22948,0.159188,0.543648,0.138375,-0.076964,-0.148166,0.227664,0.267843
-0.245932,0.026615,0.384319,0.085428,-0.015331,0.379442,0.042908,0.27025,0.506044,0.196902,-0.207718,-0.054718,0.483879,0.189375
0.30124,-0.241008,0.355707,0.056439,-0.16794,0.338105,0.390258,0.023189,0.537532,0.13966,-0.224762,0.031747,0.210519,0.423232
0.002513,-0.076805,0.4546,0.224835,-0.130497,0.294165,-0.109911,0.158907,0.704747,0.122637,-0.104694,0.074679,0.370795,0.33058
-0.233804,-0.115405,0.36107,0.135286,0.1588,0.347207,0.306731,0.300597,0.350728,0.142155,-0.343514,-0.058626,0.224412,0.266467
-0.003664,-0.088289,0.300852,0.081943,0.063002,0.518803,0.095317,0.075601,0.734516,-0.086542,-0.138725,0.069705,0.600273,0.21642
0.043631,-0.109672,0.430308,0.141861,-0.105853,0.41581,0.243431,-0.06046,0.64519,0.195812,-0.242171,-0.044974,0.333668,0.087511
-0.033116,-0.026412,0.455104,0.068635,-0.019961,0.416458,0.329561,0.35988,0.336357,0.02754,-0.19732,-0.084144,0.568894,0.219609
0.064857,0.168707,0.202356,0.137094,-0.192124,0.202093,0.418336,0.218272,0.397983,0.146391,-0.331778,-0.123561,0.214704,0.228669
0.262435,-0.065811,0.267866,0.119446,-0.164076,0.397279,0.378617,0.208565,0.559772,-0.002262,-0.27847,0.023655,0.45817,0.278666
-0.322299,0.01467,0.318544,0.176738,0.138017,0.269805,0.221606,0.202338,0.509425,0.117743,-0.240011,-0.030611,0.149057,0.256164
-0.237155,-0.222077,0.545107,0.179271,0.056935,0.525743,0.363117,0.075201,0.442013,0.201681,-0.280651,-0.075825,0.471022,0.241666
-0.172962,-0.139901,0.367254,0.1842,0.134369,0.376035,0.046876,-0.054522,0.601229,0.169401,-0.107779,0.072632,0.274737,0.317587
-0.0897,-0.048151,0.351071,0.258079,-0.082729,0.266839,-0.019424,-0.034161,0.801292,0.218215,-0.098007,-0.056811,0.319336,0.228096
0.053837,-0.071387,0.586913,0.17285,-0.156778,0.327218,-0.006333,0.240576,0.569446,0.144736,-0.21179,0.127853,0.559888,0.174507
0.011377,-0.06451,0.382344,0.178311,0.016746,0.359788,-0.002331,0.312189,0.537768,0.048025,-0.142682,0.148043,0.232001,0.506414
0.029909,-0.128178,0.353257,0.084071,-0.031387,0.374365,0.280228,0.248612,0.465835,0.065681,-0.283177,-0.057016,0.465019,0.131259
0.002879,-0.212691,0.563352,0.130218,-0.071075,0.457729,0.31047,0.04623,0.603517,0.185987,-0.176857,0.014845,0.443332,0.325983
0.262039,-0.107184,0.28167,0.135918,-0.05922,0.30505,0.035966,0.184213,0.453237,0.251769,-0.11455,-0.068237,0.500261,0.09161
0.252834,-0.189337,0.285254,0.13144,-0.193183,0.4242,0.214403,0.264745,0.597951,0.007306,-0.277147,0.011899,0.353766,0.325313
0.130394,-0.079314,0.470021,0.055408,-0.149335,0.354913,0.253069,0.230536,0.442248,0.164218,-0.265111,-0.088143,0.405893,0.18821
0.103169,-0.219589,0.399108,0.167469,0.059837,0.276707,0.265522,0.258536,0.49596,0.060589,-0.203247,-0.037539,0.324367,0.31813
-0.03445,-0.115902,0.380133,0.056734,-0.034486,0.404208,0.241229,0.091998,0.673616,0.092873,-0.307459,-0.071775,0.297874,0.312586
0.109404,0.204762,0.099169,0.202864,-0.16187,0.326272,0.392808,-0.035167,0.673629,0.071852,-0.310838,-0.137329,0.50968,0.122861
-0.488985,-0.043024,0.457674,0.223964,0.316147,0.415172,0.177525,0.17277,0.645105,0.162346,-0.317964,2.5e-05,0.256079,0.428066
0.032719,-0.071584,0.421587,0.074353,-0.097186,0.449278,0.2694,0.168004,0.607641,0.231561,-0.41605,-0.047875,0.297967,0.358604
0.008541,0.006483,0.345321,0.16543,-0.187001,0.259349,0.325126,-0.136057,0.668791,0.198997,-0.218826,-0.000159,0.274862,0.24408
-0.120255,0.005612,0.389165,0.084193,0.028494,0.438612,0.040244,0.204472,0.554584,0.210258,-0.061645,0.025562,0.47713,0.272236
0.015806,-0.00477,0.38123,0.252953,0.006776,0.19298,0.261451,0.056743,0.639246,0.062033,-0.299471,0.00832,0.213549,0.378868
-0.158386,0.021993,0.354579,0.127698,0.068131,0.372477,0.059057,0.224836,0.48943,0.088285,-0.113042,0.06225,0.307762,0.226374
-0.048984,-0.078342,0.388321,0.182109,-0.027089,0.347903,0.257013,0.139817,0.525345,0.158653,-0.279152,-0.048325,0.350349,0.139347
-0.234279,0.06972,0.328212,0.161911,0.163684,0.519808,0.170072,-0.008689,0.672807,0.202305,-0.121952,-0.02394,0.387192,0.276641
-0.035739,-0.056716,0.358271,0.095693,-0.076926,0.330344,0.169661,0.043768,0.689881,0.072575,-0.20996,0.080859,0.117371,0.33802
0.023412,-0.117765,0.429453,0.196736,0.012084,0.308174,0.262409,0.258426,0.321425,0.239773,-0.15126,-0.11466,0.390227,0.146747
-0.002504,-0.120752,0.256139,0.180453,0.0346,0.311189,0.133733,0.382237,0.459439,0.064119,-0.33328,0.077111,0.190121,0.354596
-0.059691,-0.021912,0.352412,0.087601,-0.066995,0.435462,0.038673,0.25163,0.528303,0.123537,-0.191634,-0.066521,0.479366,0.151907
0.08274,-0.235694,0.515665,0.17566,-0.06272,0.363825,0.240409,-0.032044,0.568556,0.206262,0.016739,0.010636,0.170615,0.306468
-0.027405,-0.084339,0.546842,0.15164,-0.033759,0.321009,-0.040562,0.422362,0.400001,0.165398,-0.16448,-0.039749,0.474307,0.168491
-0.205201,-0.04597,0.433484,0.157256,0.158921,0.407933,0.189433,0.294888,0.361188,0.125957,-0.233249,-0.079206,0.352414,0.189202
0.124066,0.038974,0.158007,0.23398,-0.030405,0.26965,0.010112,0.36386,0.482678,0.013014,-0.151737,0.100918,0.327643,0.397001
0.02352,-0.229418,0.388894,0.043732,0.025157,0.497832,-0.059232,0.215289,0.624185,0.153011,-0.167305,-0.044838,0.432753,0.150973
0.016762,-0.016782,0.185948,0.189972,-0.034169,0.322869,0.266327,-0.03531,0.811811,-0.053622,-0.291116,0.133842,0.189125,0.493561
-0.062364,-0.117924,0.265175,0.203785,0.090766,0.438211,0.020288,0.270322,0.296302,0.149546,-0.050267,0.127818,0.344989,0.311689
0.001346,-0.092327,0.469579,0.174097,-0.137495,0.303717,0.058587,0.182204,0.658992,0.06926,-0.215372,0.083381,0.29931,0.227898
-0.213127,-0.001501,0.464049,0.120044,0.084961,0.44655,0.02607,0.107293,0.638475,0.068353,-0.045305,0.123909,0.398278,0.227247
-0.04292,0.009013,0.176452,0.172339,-0.132205,0.378896,0.067404,0.082609,0.682591,0.081921,-0.1493,0.027581,0.280999,0.291951
-0.028871,-0.018117,0.300512,0.149395,-0.026296,0.30337,0.102929,-0.017209,0.673585,0.196946,-0.088567,-0.092018,0.440923,0.105863
0.01714,-0.041133,0.353806,0.237136,0.044906,0.377542,0.289057,0.250467,0.425418,0.026138,-0.257613,-0.074236,0.472563,0.090449
-0.396177,0.089089,0.398255,0.152439,0.222997,0.361128,0.358011,0.265364,0.400009,0.223777,-0.329078,-0.0316,0.326684,0.320074
-0.269585,0.015565,0.34598,0.159758,0.074261,0.398053,0.168024,-0.010623,0.658958,0.153474,-0.140211,-0.044025,0.319367,0.230593
0.02931,0.017361,0.64741,0.110831,-0.11696,0.326588,-0.041032,0.090294,0.647607,0.287485,-0.099945,-0.1279,1.699637,-1.288733
0.00067,-0.244488,0.384474,0.23975,-0.168979,0.382636,0.006296,0.204342,0.529997,0.262606,-0.126912,-0.039309,0.35981,0.23831
0.247197,-0.106555,0.267376,0.183241,-0.070706,0.38479,-0.092998,0.094449,0.684974,0.114092,-0.073773,0.124072,0.527845,0.295077
-0.014017,-0.096686,0.275351,0.273474,0.143297,0.223886,-0.14596,0.104929,0.750612,0.112308,-0.031632,0.218616,0.058011,0.478419
0.076404,0.073976,0.394291,0.026346,-0.117637,0.324423,0.15937,0.112789,0.50715,0.318458,-0.142874,-0.136446,0.385003,0.133111
-0.089454,0.043141,0.506078,0.083466,-0.109413,0.368586,0.224666,0.180406,0.580327,0.220362,-0.314316,0.040786,0.43079,0.2407
0.022058,0.212494,0.349606,0.089982,-0.230371,0.258903,0.40349,0.121313,0.36328,0.170554,-0.180497,-0.098765,0.493831,0.072921
-0.176667,0.10709,0.221022,0.094195,0.025136,0.453313,0.104176,0.156298,0.696632,0.132945,-0.191518,-0.054627,0.283413,0.309531
0.217904,0.010649,0.11961,0.196528,-0.167604,0.450185,0.353587,0.295218,0.472731,0.021237,-0.168211,-0.19191,0.405413,0.079185
0.139588,-0.035683,0.188533,0.113801,0.018896,0.383757,0.13883,0.209938,0.497584,0.190027,-0.242731,0.039181,0.334733,0.154569
-0.145598,-0.071592,0.307156,0.107064,0.041784,0.444166,0.290032,0.174947,0.487215,0.090131,-0.293967,0.007527,0.386598,0.325925
-0.018258,-0.062718,0.381576,0.208318,0.040146,0.440801,-0.025328,0.162523,0.599642,0.160565,-0.081157,0.083574,0.486399,0.165868
0.115215,-0.155156,0.296144,0.092102,-0.048059,0.561146,0.106967,0.233224,0.40384,0.299898,-0.160625,-0.090282,0.574949,-0.002322
0.342252,-0.050263,0.318831,0.142533,-0.259192,0.096112,0.350766,0.35978,0.35277,0.041753,-0.313083,-0.139729,0.301898,0.192327
-0.020099,-0.178457,0.577577,0.164598,-0.073132,0.280907,0.016104,0.057248,0.81879,0.040766,-0.274645,0.151607,0.102887,0.472656
0.064255,0.042326,0.328749,0.228665,-0.118235,0.17125,0.167787,-0.113866,0.684331,0.293715,-0.15605,-0.124998,0.208887,0.226139
-0.041011,0.037119,0.283427,0.10122,-0.053326,0.415328,0.386918,0.01863,0.699458,0.02642,-0.329048,-0.149318,0.352578,0.120004
0.134819,-0.006859,0.268301,0.20354,-0.095169,0.317173,0.305206,0.177652,0.63004,0.037306,-0.253984,-0.026686,0.342921,0.372033
0.064501,-0.03391,0.252244,0.223656,-0.224436,0.295976,0.238697,0.191308,0.580774,0.088174,-0.398191,-0.06826,0.349051,0.335423
-0.113825,0.092151,0.314778,0.177572,-0.017805,0.359628,0.01377,0.21724,0.659375,0.100574,-0.292614,0.10319,0.25856,0.429442
-0.167284,-0.121348,0.624358,0.206311,-0.040778,0.410473,-0.14935,-0.004291,0.820854,0.166238,-0.103898,0.149644,0.490972,0.12642
-0.053551,-0.187082,0.435878,0.227483,-0.012177,0.358074,0.15547,-0.124634,0.771571,0.121469,-0.117774,0.010517,0.185705,0.338234
-0.111334,0.00294,0.206852,0.157501,0.030571,0.395586,0.316101,-0.10658,0.591627,0.240323,-0.235026,-0.090143,0.256252,0.254708
-0.123512,-0.164746,0.308217,0.267799,0.044987,0.433265,0.234278,0.023318,0.407182,0.269244,-0.135045,-0.090028,0.423356,0.157333
-0.225792,-0.244114,0.451874,0.224642,0.276969,0.40735,-0.071921,0.324443,0.658739,0.125713,-0.24879,-0.053856,0.335103,0.434069
0.029272,0.144696,0.456906,0.065866,-0.13549,0.261928,0.101256,0.327741,0.463146,0.190432,-0.217471,-0.029106,0.40525,0.176839
-0.309398,-0.098217,0.441584,0.095923,0.13787,0.450004,0.043232,-0.081222,0.839217,0.047802,-0.126459,0.12539,0.237989,0.408213
0.22801,-0.168987,0.400446,0.001781,-0.15128,0.313309,0.111748,0.295732,0.505034,0.161345,-0.096624,0.030552,0.193056,0.235673
-0.209665,-0.183284,0.650634,0.269566,-0.102693,0.267463,-0.056644,0.081178,0.670352,0.273121,-0.180112,-0.090938,0.310029,0.080487
-0.082497,-0.117689,0.524887,0.231078,-0.023627,0.302194,-0.092071,0.231724,0.604884,0.216337,-0.056255,0.017266,0.39747,0.218986
0.012603,-0.0588,0.204686,0.092957,0.085211,0.468404,0.317315,0.175022,0.685261,-0.02359,-0.334343,-0.011677,0.275984,0.354102
0.172914,0.009737,0.331384,0.117566,-0.094203,0.312775,0.228087,0.28241,0.42129,0.083387,-0.103742,-0.068237,0.464997,-0.001563
0.050622,-0.090778,0.308901,0.236996,0.022017,0.392351,0.173373,0.336547,0.530185,0.084089,-0.21881,0.012398,0.374095,0.315203
0.090995,-0.130676,0.348541,0.112636,-0.078644,0.497884,0.14228,0.075772,0.613715,0.127075,-0.167303,-0.094583,0.537647,0.124102
-0.003743,-0.173612,0.303063,0.113663,0.052062,0.523624,0.072869,0.140929,0.580648,0.169822,-0.114352,0.086984,0.423315,0.381285
-0.20712,0.044637,0.339268,0.047232,0.077186,0.345117,0.271578,0.217656,0.467915,0.104812,-0.241824,-0.106102,0.287601,0.154986
0.053254,-0.087065,0.342664,0.21802,-0.129508,0.344203,0.201329,0.204653,0.528726,0.212176,-0.167265,-0.108596,0.439154,0.115271
0.094862,0.019585,0.256254,0.237442,-0.110813,0.285491,0.244379,0.322508,0.564651,-0.036445,-0.220042,-0.023295,0.226614,0.397674
0.089968,-0.231213,0.53052,0.237228,0.018447,0.322946,0.211792,0.026981,0.630085,0.097867,-0.167154,-0.030024,0.277565,0.05719
-0.09039,-0.024443,0.334115,0.110162,-0.079947,0.428072,0.252955,0.045471,0.639033,0.262827,-0.259428,-0.086322,0.496173,0.213491
0.107849,-0.238588,0.433494,0.206755,-0.109745,0.365069,-0.07931,0.371034,0.513922,0.114555,-0.1348,0.070134,0.34679,0.395097
0.102056,0.034291,0.213823,0.032979,-0.054378,0.425895,0.035274,0.116027,0.689888,0.077658,-0.257883,0.029656,0.355048,0.210007
0.131663,-0.080406,0.25356,0.123465,-0.060527,0.390484,0.387964,0.252276,0.513295,-0.002954,-0.351123,-0.091723,0.311732,0.273907
0.061273,-0.030012,0.300113,0.066848,-0.235979,0.427217,0.116334,0.214481,0.555086,0.068085,-0.184676,-0.057437,0.504496,0.163511
0.005634,-0.226099,0.25979,0.254101,0.102747,0.439173,0.282588,0.189725,0.493127,0.081783,-0.273732,-0.016364,0.317864,0.520081
0.007424,-0.070546,0.473861,0.174517,-0.037556,0.307729,0.073175,0.117661,0.476719,0.152921,-0.10507,0.088663,0.362635,0.317728
0.018882,-0.199051,0.355014,0.173129,0.069657,0.406987,0.180195,0.14907,0.581613,0.173433,-0.275073,0.057016,0.24574,0.373078
-0.231448,-0.066636,0.491902,0.077784,0.06656,0.322043,0.244129,0.044079,0.751098,-0.00014,-0.261529,-0.092567,0.128464,0.361225
0.207329,-0.068277,0.277009,0.307189,-0.143085,0.297428,0.334543,0.210524,0.436592,0.070856,-0.261085,-0.065467,0.448142,0.153247
0.018108,-0.096487,0.324858,0.275646,-0.06103,0.279845,0.008049,0.146974,0.626845,0.18123,-0.180498,0.10223,0.191256,0.448856
-0.179684,5.9e-05,0.41938,0.191595,-0.088692,0.303813,0.114291,0.166587,0.738576,0.047674,-0.300449,-0.180495,0.275295,0.264206
0.235945,-0.025862,0.14801,0.307461,-0.020276,0.237215,-0.025731,0.063254,0.770553,0.044552,-0.18642,0.204816,0.30667,0.422989
-0.084944,-0.016487,0.404936,0.165497,-0.053519,0.242937,0.098431,0.143631,0.613615,0.223134,-0.156652,-0.039699,0.182022,0.433012
-0.103211,-0.014113,0.341615,0.201919,0.020407,0.403625,-0.077021,0.432496,0.375664,0.163969,-0.165702,-0.07947,0.593446,0.086214
-0.120956,0.011035,0.235497,0.063249,0.056882,0.460078,0.332411,0.051464,0.571132,0.200767,-0.267885,-0.113988,0.319756,0.290927
-0.146839,0.06029,0.485665,0.193798,-0.079438,0.270193,0.177801,0.100025,0.572814,0.198597,-0.127647,-0.068443,0.336117,0.232557
-0.05086,-0.218433,0.53049,0.191942,0.029577,0.388778,0.280248,0.345711,0.399221,0.11308,-0.421868,-0.103017,0.386607,0.116401
0.00586,-0.249925,0.537037,0.23578,-0.085034,0.314399,0.095319,-0.001055,0.742266,0.085301,-0.330807,-0.048566,0.271977,0.14403
-0.015573,-0.093742,0.379555,0.121459,-0.100517,0.333299,0.07769,0.201029,0.555911,0.238483,-0.222398,-0.031501,0.347213,0.306787
-0.112018,-0.151789,0.36949,0.032794,0.046088,0.501012,0.258483,-0.07101,0.606997,0.127237,-0.186408,0.052531,0.243448,0.336411
-0.11902,0.066955,0.339442,0.175042,0.044124,0.345723,0.154577,0.112544,0.679187,0.068241,-0.210203,0.01866,0.302383,0.266326
0.483884,0.078474,0.027282,0.186151,-0.277452,0.173798,0.334006,0.131606,0.577551,0.122218,-0.366417,-0.029594,0.393494,0.265754
0.00435,-0.076849,0.350923,0.049669,-0.013183,0.402803,0.372443,0.085965,0.552748,0.208581,-0.309185,-0.131892,0.40523,0.169604
-0.145904,0.1617,0.259359,0.124969,-0.047432,0.288446,0.186702,0.413929,0.295383,0.039953,-0.161177,-0.030329,0.339351,0.254488
-0.0815,-0.030054,0.193098,0.203528,0.001411,0.518914,0.198091,0.077561,0.562549,0.321193,-0.280649,-0.02864,0.186964,0.286747
-0.00261,-0.090552,0.273042,0.110651,0.037618,0.36998,0.309861,0.196815,0.359827,0.063478,-0.277352,-0.041641,0.272175,0.268375
0.305652,-0.099726,0.409443,0.214633,-0.306924,0.330896,0.158203,0.293646,0.404455,0.216059,-0.226377,-0.097243,0.490938,0.057313
-0.200758,-0.013587,0.301093,0.160291,0.031381,0.534713,0.091892,0.499472,0.372238,0.021733,-0.275602,-0.050657,0.439273,0.268776
-0.156573,-0.002813,0.409232,0.102363,-0.058939,0.467134,0.192925,0.215501,0.586442,0.127962,-0.259337,-0.079552,0.320167,0.224224
0.30493,0.006092,0.328881,-0.061051,-0.214049,0.428208,0.24666,0.228296,0.461247,0.041861,-0.216904,-0.00839,0.480636,0.096702
-0.192999,-0.013929,0.403432,0.080065,-0.009404,0.491531,0.192095,0.039479,0.526129,0.231901,-0.170269,-0.059626,0.523313,0.153612
0.155954,-0.07469,0.27905,0.070273,-0.102869,0.445419,0.248767,0.144434,0.552561,0.039056,-0.211691,0.048525,0.253075,0.409543
-0.35231,-0.036489,0.542486,0.104586,0.215376,0.423194,-0.088866,0.077406,0.816724,0.121525,-0.242471,0.136562,0.337978,0.229598
-0.158633,0.026498,0.310939,-0.005969,0.003677,0.525547,0.039259,0.33105,0.446144,0.155952,-0.134261,-0.019192,0.458991,0.271943
0.226025,-0.16852,0.348088,0.194224,-0.074239,0.323603,0.2617,0.132852,0.471264,0.16291,-0.248521,-0.080481,0.532,0.156426
-0.246112,0.04569,0.39697,0.193668,-0.056111,0.432828,0.247179,0.369972,0.405351,0.069522,-0.227214,-0.077325,0.390043,0.267635
0.004336,-0.11505,0.370808,0.095136,-0.072415,0.356474,-0.065308,0.022176,0.830531,0.030084,-0.085686,0.08885,0.260468,0.197179
-0.321134,-0.0747,0.565834,0.133813,0.086635,0.507376,-0.076418,0.219456,0.502052,0.195881,0.083578,0.077045,0.488164,0.202565
-0.006746,-0.119956,0.409011,0.174808,-0.08506,0.39199,0.170313,0.113607,0.624481,0.162804,-0.237591,-0.071406,0.306713,0.291894
-0.028411,0.113518,0.319745,-0.035458,-0.109707,0.525017,0.306077,0.164956,0.402141,0.212648,-0.105863,0.039294,0.423297,0.050556
-0.073259,-0.078335,0.344438,0.084595,-0.013315,0.363645,0.097303,0.209849,0.599236,0.103978,-0.209868,0.04493,0.169731,0.511229
-0.1367,-0.229432,0.518233,0.086544,-0.052792,0.435727,0.215414,0.116692,0.575406,0.126338,-0.279249,-0.006603,0.391014,0.377068
-0.119191,0.092558,0.247402,0.23944,0.065043,0.439764,0.241666,0.280931,0.473877,0.110313,-0.330193,-0.046672,0.49256,0.276705
0.1918,-0.028735,0.234694,0.119514,-0.177432,0.432543,0.058206,-0.031315,0.789894,-0.003292,-0.132041,0.172542,0.280655,0.36531
-0.087832,0.066172,0.108125,0.156665,0.063961,0.330642,0.34386,0.161482,0.532399,0.160133,-0.272446,-0.08279,0.283177,0.298383
0.086793,-0.106708,0.262442,0.050902,-0.058804,0.441102,0.282969,0.173451,0.539125,0.094035,-0.199682,-0.083107,0.364513,0.362462
-0.236077,0.070908,0.47714,0.056849,-0.013376,0.434459,-0.030707,0.188658,0.651271,0.073734,-0.120826,0.080579,0.436667,0.258392
0.148302,-0.114532,0.228233,0.050294,0.007204,0.381612,0.346556,0.373581,0.313478,0.115759,-0.315946,-0.211685,0.324228,0.142672
0.097543,0.166733,0.348286,0.007439,-0.12604,0.341971,0.252663,0.177225,0.536033,0.022654,-0.182753,-0.099026,0.414122,0.133589
0.146825,-0.132731,0.315968,0.148037,-0.059956,0.320969,0.08038,0.480756,0.231971,-0.016264,-0.071167,0.180059,0.300879,0.491593
-0.005133,-0.028067,0.373872,0.06218,-0.009073,0.349989,0.103306,0.306738,0.462798,0.092358,-0.197484,0.097657,0.305776,0.410692
0.022563,0.038769,0.370481,0.179446,-0.107107,0.315096,0.293325,-0.177607,0.825537,0.270938,-0.321496,-0.096264,0.599399,0.205
-0.016706,-0.008033,0.21725,0.210556,-9e-05,0.428319,0.428077,0.229625,0.485505,0.148664,-0.462399,-0.083886,0.544877,0.170844
-0.126139,-0.289232,0.512468,0.247665,0.177015,0.445766,-0.08387,0.207736,0.558976,0.096377,-0.11129,0.071855,0.287095,0.419643
0.047804,0.031584,0.24568,0.213065,-0.153153,0.389548,0.227945,-0.154495,0.69802,0.099885,-0.205365,0.160844,0.293645,0.461957
-0.198821,-0.050346,0.364203,0.199246,0.136482,0.347557,0.213007,0.159329,0.655784,0.067487,-0.293262,-0.156511,0.330523,0.258931
-0.021137,-0.18977,0.299474,0.062023,0.08586,0.573007,0.017731,-0.061542,0.552466,0.269283,-0.103183,0.079436,0.500217,0.281969
0.300872,-0.167763,0.374747,0.122124,-0.259706,0.39286,-0.042475,0.356367,0.477295,0.154198,-0.131302,-0.017309,0.518801,0.151675
0.190762,-0.119469,0.199361,0.21335,-0.147756,0.420876,-0.022767,0.219157,0.704469,-0.121838,-0.210397,0.112131,0.288023,0.337872
-0.124061,0.014865,0.276884,0.208562,-0.022311,0.408775,0.109042,0.230733,0.357182,0.218462,-0.117057,-0.039745,0.355976,0.290044
0.133771,-0.298325,0.400247,0.151036,-0.046527,0.447259,0.030061,0.102872,0.678858,0.154272,-0.219081,0.162242,0.408745,0.227638
0.017122,0.020834,0.355235,0.231822,-0.099301,0.284336,0.165882,0.096773,0.582571,0.148832,-0.189633,0.061408,0.277655,0.209978
-0.278747,-0.156841,0.373148,0.258934,0.1802,0.382128,0.118658,-0.007444,0.720842,0.214748,-0.239364,-0.117964,0.341495,0.298462
0.115536,-0.05404,0.324008,0.146817,-0.04077,0.441669,0.256892,-0.101217,0.580851,0.261988,-0.205646,-0.031185,0.551785,0.088589
0.179755,-0.316557,0.412998,0.088041,-0.147483,0.483788,-0.138259,0.199448,0.496214,0.141122,0.0011,0.186742,0.29969,0.337809
-0.036806,-0.207448,0.269553,0.308116,0.118214,0.365437,-0.021217,0.234475,0.435273,0.172896,-0.092014,0.104076,0.406704,0.322248
0.122801,-0.117803,0.590647,0.098069,-0.326001,0.338321,0.261244,0.254105,0.563516,0.013599,-0.207845,-0.181875,0.489765,0.127825
-0.206715,-0.094484,0.305928,0.212677,0.061578,0.530089,-0.026996,0.173785,0.559891,0.162619,-0.183589,0.148104,0.301202,0.418862
0.064396,0.275911,0.18409,0.083647,-0.196125,0.213555,0.199486,0.18497,0.625905,0.034329,-0.321238,-0.076316,0.295417,0.344764
0.022002,-0.17664,0.365801,0.11338,0.006657,0.431878,0.16268,0.24694,0.478704,0.108324,-0.245641,-0.051173,0.4115,0.159549
0.097634,0.093495,0.323029,-0.030201,-0.161336,0.318722,0.264572,-0.116238,0.702704,0.011205,-0.184065,0.100599,0.307097,0.181947
-0.090144,-0.026051,0.409007,0.15325,-0.10364,0.406166,0.335353,0.421495,0.273927,0.075495,-0.327155,-0.142023,0.548188,0.113368
-0.112455,-0.063799,0.416364,0.102454,-0.05325,0.355178,0.186762,0.131863,0.56388,0.146839,-0.229449,-0.048798,0.354469,0.160959
-0.128778,-0.142579,0.485252,0.129977,-0.008889,0.446164,0.126025,0.183289,0.528977,0.12632,-0.206959,0.111317,0.295596,0.464831
-0.310113,-0.037741,0.389648,0.174496,0.046426,0.290484,-0.098222,-0.003358,0.911421,0.029987,-0.086471,0.076392,0.165525,0.45021
0.095193,-0.189587,0.34904,0.134566,-0.112693,0.316552,0.106768,0.314108,0.423266,0.188556,-0.254273,-0.036336,0.369996,0.111584
0.056097,-0.015844,0.292423,0.069661,-0.243831,0.347126,0.144583,0.007012,0.711613,0.120459,-0.184407,-0.108233,0.322167,0.279919
-0.005421,0.02059,0.180645,0.255535,-0.043164,0.29828,0.116488,0.278875,0.503975,0.156067,-0.240179,-0.044718,0.18714,0.363443
-0.220941,-0.044809,0.211428,0.018556,0.182066,0.478489,0.571906,0.073182,0.406563,0.212486,-0.414888,-0.07489,0.292117,0.389422
-0.165132,-0.197556,0.337302,0.189787,0.031621,0.654134,0.214684,0.038803,0.555621,0.140709,-0.199942,0.027287,0.414167,0.191863
-0.059364,0.022446,0.395357,0.155303,-0.048334,0.47609,0.345542,0.363215,0.333298,0.053903,-0.21473,-0.243298,0.564816,0.112639
0.164326,-0.203298,0.342237,0.173028,-0.06892,0.353217,0.166026,0.446404,0.242209,0.201289,-0.236135,-0.114684,0.477274,0.173273
0.010018,0.106155,0.220087,0.07677,-0.052381,0.473073,0.337137,0.165452,0.508982,0.156569,-0.239849,-0.149884,0.47984,0.114468
0.102996,0.020165,0.315622,0.019825,-0.106572,0.518275,-0.064855,0.335337,0.535644,0.128012,-0.058807,0.237588,0.336302,0.452354
-0.017986,-0.411668,0.522787,0.222788,0.03919,0.447355,0.208366,0.062759,0.556172,0.083112,-0.203442,0.098196,0.241934,0.377685
0.005404,-0.19091,0.372984,0.278434,0.005553,0.257949,0.178284,0.411087,0.322346,0.090888,-0.211828,0.055195,0.28533,0.484519
0.003264,-0.227451,0.498308,0.211053,-0.158783,0.446455,0.001681,0.19029,0.528391,0.191563,-0.185101,0.075188,0.424184,0.29479
-0.117404,0.057192,0.239086,0.112344,-0.094657,0.393018,0.283364,0.137825,0.51094,0.082999,-0.193281,0.069668,0.213694,0.450069
-0.071489,-0.12786,0.147299,0.054273,0.058154,0.492635,0.160839,0.226797,0.526872,0.119706,-0.226659,-0.116448,0.3752,0.146838
-0.02721,-0.058988,0.115189,0.146249,0.159694,0.468149,0.117038,0.253135,0.471607,0.084691,-0.185298,-0.067798,0.280083,0.220486
-0.486019,-0.059363,0.742378,0.114779,0.098307,0.389343,0.033928,-0.334559,1.112395,0.185771,-0.255044,-0.041532,0.279835,0.304736
0.10753,-0.174145,0.559266,0.143467,-0.2337,0.334673,-0.041286,0.007846,0.809841,0.114566,-0.189836,-0.036872,0.438698,0.116745
0.054103,-0.154688,0.438145,0.2538,-0.176582,0.325323,0.209071,-0.002735,0.678599,0.17402,-0.253411,0.048859,0.345156,0.218234
0.198885,-0.014659,0.333153,0.217154,-0.145537,0.260195,0.002777,0.110548,0.596764,0.206112,-0.138547,0.106934,0.280114,0.219952
0.077942,-0.141348,0.398328,0.300886,-0.163091,0.303457,-0.048034,0.095854,0.506339,0.339283,-0.004145,-0.034107,0.521769,0.089244
0.107381,-0.015219,0.433259,0.123672,-0.070752,0.30046,0.10917,0.27316,0.583501,0.165751,-0.2206,-0.15841,0.471663,-0.006253
0.084281,-0.051737,0.378946,0.013512,-0.10941,0.395008,0.090288,0.325069,0.352919,0.129861,-0.028682,-0.046045,0.483517,0.15101
0.270464,0.016483,0.157354,0.21004,-0.123963,0.258883,0.458844,-0.127055,0.997331,-0.102031,-0.425838,-0.112117,0.41312,0.084129
0.139259,-0.040254,0.169347,0.081664,-0.01617,0.443242,0.086528,0.154928,0.545047,0.246038,-0.086916,-0.149865,0.383388,0.222735
-0.25814,-0.084979,0.4544,0.103495,0.068973,0.424939,0.257201,-0.00682,0.512962,0.256604,-0.159799,-0.027701,0.39553,0.281222
0.070045,0.084224,0.16624,0.191625,-0.065627,0.284432,0.328046,0.00515,0.682331,0.098799,-0.31603,-0.122731,0.407273,0.24905
-0.112038,-0.230204,0.278425,0.305656,0.070312,0.48015,0.104442,-0.07674,0.74838,0.201261,-0.115515,-0.053646,0.396888,0.108793
0.220722,-0.105818,0.404336,0.256809,-0.224407,0.269123,-0.026439,0.219986,0.56322,0.199807,-0.235217,0.03449,0.415049,0.084201
-0.128059,-0.371493,0.624657,0.209679,-0.027302,0.41194,0.213728,0.348823,0.254946,0.077495,-0.166102,0.020738,0.423304,0.248585
-0.115227,0.047318,0.186831,0.165222,0.050119,0.517339,0.291124,0.000705,0.516232,0.128543,-0.107739,0.039149,0.417257,0.197976
-0.170225,-0.093488,0.356019,0.193157,-0.036335,0.44782,0.145223,0.36317,0.409982,0.023,-0.100749,0.030079,0.385717,0.283673
0.042594,-0.031596,0.244552,0.128457,-0.075849,0.528664,0.217724,0.043079,0.562938,0.138687,-0.166458,0.000542,0.549334,0.23072
0.122918,-0.26271,0.40483,0.131109,-0.066634,0.518117,0.22312,0.086607,0.542831,0.10978,-0.145475,0.075478,0.328904,0.357111
-0.051651,-0.062267,0.449642,-0.021214,-0.053137,0.418237,0.252578,0.196199,0.375019,0.207638,-0.222441,-0.079566,0.306011,0.229865
0.10228,-0.203002,0.49173,-0.011688,-0.032847,0.497083,0.004529,0.366358,0.512987,0.168169,-0.262814,0.055264,0.44348,0.207459
0.069234,-0.030171,0.358556,0.33131,-0.247631,0.285553,0.161846,0.218132,0.532208,0.130639,-0.11638,0.068466,0.29597,0.349912
0.231301,-0.11566,0.4115,0.227528,-0.192903,0.26236,0.215656,0.253555,0.415013,0.056696,-0.284545,-0.064408,0.415657,0.305696
-0.195611,0.216875,0.33121,0.186294,0.012737,0.306673,0.17389,0.164426,0.584987,0.177221,-0.353095,-0.066024,0.349498,0.391271
0.137307,-0.158002,0.31906,0.217534,-0.062394,0.251519,0.137138,0.103274,0.61789,0.189861,-0.215434,-0.01568,0.288388,0.206271
-0.187963,0.112657,0.281342,0.114873,-0.056847,0.403085,0.074456,0.181089,0.636892,0.007832,-0.163906,-0.040308,0.468796,0.242742
0.220945,0.030481,0.199192,0.096196,-0.238422,0.406308,0.362506,0.123202,0.366149,0.176839,-0.283862,-0.127817,0.520528,0.040248
-0.133244,0.038455,0.396645,0.117967,0.000588,0.295041,0.166833,0.20805,0.436397,0.164852,-0.180318,-0.100563,0.136488,0.126235
-0.148609,-0.109949,0.505985,0.125674,0.107864,0.34437,0.225411,0.122473,0.573832,0.035327,-0.233955,0.079274,0.174962,0.225766
-0.141412,-0.007152,0.202694,0.166036,0.209013,0.517118,0.268673,0.164936,0.584523,0.013717,-0.247801,0.079475,0.219657,0.455884
-0.12646,-0.078419,0.46566,0.042259,-0.077275,0.526437,0.401843,-0.017913,0.62707,0.09194,-0.282873,-0.057816,0.506186,0.229054
0.219493,-0.079536,0.285626,0.260792,-0.196685,0.461745,0.256729,0.246002,0.375279,0.098357,-0.193325,-0.034746,0.512353,0.133906
-0.064156,-0.110648,0.35284,0.08879,-0.134004,0.424945,0.048924,0.129695,0.507845,0.259699,-0.099168,-0.117646,0.343343,0.228739
-0.17785,0.200047,0.33366,0.08358,-0.02043,0.392533,0.003305,0.129704,0.640791,0.14327,-0.162427,0.05283,0.422144,0.268875
0.04135,-0.106781,0.315763,0.22637,-0.120091,0.368415,0.089466,0.058449,0.624142,0.094829,-0.12718,0.071672,0.323538,0.233631
-0.151774,-0.02939,0.418014,0.095834,0.082038,0.392076,0.289677,0.045859,0.560177,0.124612,-0.221549,-0.087617,0.29139,0.223182
-0.131858,0.119336,0.406562,0.083776,-0.027672,0.390915,0.073126,0.190721,0.700938,0.042972,-0.240514,0.145353,0.335696,0.384259
0.324222,-0.072185,0.466631,0.097092,-0.3206,0.353809,0.305053,0.332956,0.400087,0.155481,-0.277275,0.009186,0.346462,0.245135
0.071124,-0.106355,0.3442,0.148929,-0.073127,0.354297,-0.007918,0.321819,0.599709,-0.019736,-0.068931,0.133165,0.345692,0.319224
0.043462,-0.040774,0.286874,0.182522,-0.003509,0.320623,0.124124,0.089759,0.539969,0.169721,-0.074155,-0.115497,0.411728,0.060207
0.05594,-0.133694,0.333046,0.220816,0.040961,0.354042,0.237655,0.118337,0.503383,0.260058,-0.151762,0.027677,0.382254,0.355488
0.064255,-0.080289,0.253472,0.260458,-0.032797,0.392671,0.100835,-0.094666,0.74552,0.09875,-0.054987,0.099482,0.366338,0.395049
0.397146,-0.105132,0.278999,0.122532,-0.173896,0.263422,0.092258,0.412151,0.434508,0.11124,-0.216324,-0.115827,0.399508,0.157492
0.092638,-0.093551,0.390238,0.144972,-0.11957,0.237906,0.311443,0.267517,0.429384,-0.002714,-0.326828,-0.121899,0.251801,0.029933
-0.09194,0.049546,0.395966,0.151034,-0.08598,0.332707,0.21619,0.372468,0.41797,0.140101,-0.25755,-0.19148,0.446284,0.219502
0.102811,-0.092669,0.345109,0.172643,-0.012188,0.362837,0.100806,-0.032223,0.814193,0.077391,-0.142948,0.083043,0.301836,0.271703
0.207946,-0.149928,0.301439,0.056851,-0.011216,0.405934,0.3922,-0.018837,0.579913,0.107146,-0.188846,-0.122074,0.359404,0.172591
0.010423,-0.14182,0.31297,0.169169,0.105998,0.347212,0.320025,-0.17792,0.636495,0.120879,-0.043171,0.249994,0.083929,0.57382
-0.13431,-0.047634,0.372482,0.223078,-0.146257,0.393073,0.152012,-0.053596,0.595647,0.139465,-0.146325,-0.067905,0.485283,0.138331
-0.167257,-0.105863,0.465567,0.250256,-0.104184,0.367122,0.019164,0.050518,0.42177,0.407014,-0.097049,-0.010765,0.390658,0.177067
0.161116,-0.097764,0.333144,0.190451,-0.15813,0.274122,0.081602,0.21089,0.513942,0.098373,-0.121757,0.010669,0.469492,0.262038
-0.066851,-0.032126,0.339346,0.045725,-0.049857,0.527573,0.173438,0.011721,0.704875,0.028521,-0.155122,0.072502,0.320844,0.271939
-0.326754,0.13375,0.17208,0.201042,0.074843,0.547296,0.374269,-0.104611,0.700715,0.135818,-0.224516,-0.0657,0.397729,0.242045
0.257171,-0.188524,0.439643,0.238102,-0.216015,0.367287,0.016691,0.037052,0.645224,0.170791,-0.089806,0.063557,0.426455,-0.026696
-0.093936,0.097671,0.287604,0.030025,-0.070624,0.581604,0.2636,0.02423,0.466529,0.205101,-0.186203,-0.033921,0.616271,0.000257
-0.11754,0.00623,0.185923,0.231062,0.083086,0.350481,0.478044,0.064044,0.447649,0.13454,-0.231839,-0.090195,0.213164,0.390481
-0.257995,-0.085178,0.30445,0.221191,0.137478,0.4179,0.303374,0.06636,0.602523,0.117483,-0.188353,-0.113759,0.243479,0.234547
-0.107762,-0.113533,0.2095,0.277466,-0.018391,0.462241,0.187399,0.240733,0.615299,0.089157,-0.351866,-0.077296,0.4532,0.164754
-0.118432,-0.062141,0.337683,0.263003,0.030937,0.376742,0.072171,0.474772,0.368885,0.143348,-0.251667,0.008979,0.320365,0.403629
-0.248061,-0.137128,0.470589,0.264575,0.052929,0.271773,-0.210441,0.162756,0.522372,0.266005,-0.129201,0.019024,0.378081,0.159116
0.010976,-0.228008,0.346261,0.242464,0.021898,0.485514,0.102389,0.199665,0.504217,0.109682,-0.153904,0.054415,0.363256,0.222653
-0.097188,-0.148425,0.372641,0.174529,0.037747,0.39208,0.239377,0.242872,0.5786,0.005234,-0.286793,-0.012038,0.280521,0.421166
0.179217,0.001432,0.488764,0.041299,-0.376791,0.188206,0.27782,0.21202,0.477287,0.162761,-0.410609,-0.146055,0.381438,0.112679
0.039889,0.128416,0.09966,0.09682,-0.036265,0.452738,0.21846,-0.071847,0.712983,0.140197,-0.181572,0.104095,0.385218,0.420182
0.062984,-0.043531,0.327366,0.111103,-0.194239,0.471077,0.07967,0.285687,0.496874,0.133958,-0.12703,-0.016761,0.278891,0.20999
-0.259991,-0.105525,0.301358,0.193779,0.314569,0.365288,-0.075881,0.466598,0.425419,0.048055,-0.111816,0.133537,0.221308,0.451859
-0.172215,0.173248,0.200295,0.120822,-0.110698,0.434337,0.225933,0.04431,0.718276,0.018772,-0.228386,0.05035,0.436296,0.326707
0.111155,-0.07719,0.25883,0.273949,-0.044067,0.425785,0.33883,0.259996,0.369744,0.18835,-0.284313,-0.05113,0.619344,0.145652
0.000875,-0.034342,0.259549,0.125198,0.066182,0.270178,0.186969,0.186521,0.524935,0.085822,-0.188973,-0.020408,0.19467,0.254751
-0.017227,-0.196912,0.447907,0.121617,-0.041069,0.354502,-0.07818,0.064746,0.648643,0.252756,-0.046178,0.111707,0.463407,0.148223
0.028051,-0.112042,0.439957,0.203354,-0.11035,0.310933,0.434848,0.016781,0.515956,0.298654,-0.296316,-0.077344,0.541779,0.17602
0.154427,0.118651,0.387776,0.087012,-0.231619,0.231691,0.155739,0.426631,0.467188,0.003887,-0.185441,-0.01724,0.303623,0.249215
0.049371,-0.096293,0.328614,0.038278,0.065129,0.449583,0.169001,0.230942,0.364445,0.070652,-0.104381,-0.003943,0.368352,0.228678
0.009362,-0.082981,0.49561,0.098588,-0.133776,0.238729,0.220675,0.294406,0.311552,0.168541,-0.268005,-0.079525,0.453009,0.095092
0.044624,-0.032564,0.443715,0.090715,-0.112886,0.359747,0.258868,0.122841,0.577602,-0.000287,-0.180596,0.127176,0.194749,0.47823
-0.162082,0.055887,0.346754,0.154307,0.017041,0.328531,0.295828,0.213942,0.46382,0.250976,-0.286194,-0.131919,0.451283,0.196471
-0.261046,0.141053,0.335801,0.143693,0.078885,0.421316,-0.047929,0.41765,0.472033,0.119416,-0.115564,-0.033498,0.424943,0.176116
-0.095536,-0.240041,0.554692,0.216375,0.044136,0.311757,-0.072894,-0.114549,0.792482,0.216797,-0.113377,0.040398,0.432302,0.266102
-0.180611,-0.082539,0.362698,0.186385,0.139352,0.411482,-0.059135,0.406668,0.315352,0.209848,-0.097111,0.072385,0.304677,0.163567
0.07206,0.070694,0.268885,0.260516,-0.091862,0.302267,-0.137325,0.356554,0.512986,0.118975,-0.068966,0.053788,0.283335,0.241737
0.068976,0.004138,0.512893,0.143087,-0.233563,0.269623,0.243426,-0.140184,0.702537,0.101814,-0.207625,-0.034203,0.482405,0.257222
-0.119245,-0.014508,0.464254,0.102886,-0.132804,0.355633,0.012241,0.263104,0.675338,0.084997,-0.258739,0.069957,0.313006,0.389597
0.025787,-0.281691,0.497627,0.165023,-0.077802,0.474655,0.215105,0.185547,0.650489,0.04898,-0.291545,-0.00542,0.283068,0.304588
-0.106609,-0.055484,0.21019,0.191863,0.058955,0.512017,0.1894,0.284295,0.440599,0.162522,-0.36453,-0.095663,0.466419,0.250888
0.146558,-0.147234,0.298671,0.16248,-0.05476,0.43759,0.169214,0.35538,0.345618,0.112944,-0.205325,0.023011,0.455131,0.294578
0.096245,0.109941,0.168326,0.259782,-0.286663,0.329744,0.390688,0.176406,0.574184,0.055035,-0.4016,-0.113664,0.427607,0.140185
0.186506,-0.112403,0.336282,0.2132,-0.158135,0.352147,0.072464,0.239054,0.445857,0.269663,-0.189981,-0.082803,0.440045,-0.024468
0.151071,-0.000853,0.388204,0.09208,-0.139914,0.314962,0.026579,0.329261,0.525687,0.00387,-0.132857,-0.007515,0.469455,0.207097
0.001905,-0.127351,0.479241,0.220294,-0.116022,0.262002,0.139137,0.046983,0.578159,0.200847,-0.17489,-0.097885,0.389839,0.177823
-0.20258,0.078126,0.398856,0.028252,0.061204,0.428924,0.237437,-0.047602,0.720071,0.005507,-0.188093,0.201568,0.187701,0.52823
0.077172,0.127998,0.172404,0.086603,-0.160516,0.352219,0.136631,0.254775,0.49933,0.063417,-0.140681,-0.030152,0.457559,0.257868
0.118212,-0.047033,0.259935,0.175882,-0.149626,0.372868,0.186438,0.154454,0.632502,0.092702,-0.319179,-0.017678,0.226222,0.412033
0.09967,0.041442,0.266684,0.137722,-0.253343,0.388994,0.023011,0.171302,0.634114,0.13616,-0.142109,0.006209,0.392066,0.291983
-0.144764,0.133743,0.247302,0.142998,-0.057542,0.451759,0.256924,-0.188599,0.857308,0.145051,-0.261261,0.076051,0.494204,0.16164
-0.17407,-0.042955,0.193493,0.261472,-0.0382,0.451644,0.317965,0.097036,0.500017,0.155957,-0.237733,-0.089969,0.352171,0.337915
0.142351,-0.059665,0.390741,0.155873,-0.173158,0.189414,0.137649,0.057435,0.64595,0.09976,-0.183515,0.051577,0.200584,0.276646
0.134395,-0.043484,0.236794,0.110988,-0.09405,0.426761,0.431911,0.28771,0.392732,0.08953,-0.360999,-0.182846,0.479318,0.110172
-0.349778,-0.168325,0.535315,0.153965,0.21278,0.396367,-0.267221,-0.114932,0.928402,0.133822,0.072155,0.143071,0.367657,0.423872
-0.323366,-0.048056,0.357739,0.021871,0.039001,0.585836,0.059662,0.189073,0.618169,0.043057,-0.174496,-0.003812,0.483537,0.268318
0.029061,0.112267,0.059736,0.140111,0.046771,0.397903,0.047247,0.100349,0.813778,-0.072365,-0.19617,0.073041,0.162746,0.540304
0.092185,-0.045649,0.330492,0.137532,-0.113431,0.278553,0.079547,0.188601,0.539959,0.244564,-0.192171,-0.011965,0.356344,0.344111
0.030477,0.082045,0.211363,0.24497,0.048265,0.290668,0.121188,0.251592,0.518988,0.212196,-0.216598,-0.078416,0.289551,0.250517
-0.009489,-0.044549,0.247428,0.173553,0.009189,0.437316,0.273557,0.160826,0.603511,0.114343,-0.300996,-0.056635,0.310033,0.301732
0.057,0.006065,0.218765,0.06914,-0.14217,0.442599,0.180432,0.27923,0.580441,-0.0367,-0.246651,0.07383,0.361351,0.321208
-0.096987,0.006772,0.306416,0.294451,0.070224,0.158099,0.279804,0.193276,0.603757,0.098338,-0.373964,-0.135974,0.162198,0.321395
0.044006,-0.333738,0.43864,0.313071,0.022761,0.335964,0.207295,0.266137,0.387961,0.090042,-0.174157,-0.018745,0.350295,0.228494
-0.091725,-0.233859,0.491173,0.213166,-0.108023,0.413754,0.108969,0.037988,0.470736,0.296856,-0.15452,0.04686,0.461534,0.171019
-0.029274,0.113328,0.258788,0.10666,-0.049939,0.342685,0.31815,0.286129,0.344152,0.139962,-0.247382,-0.202717,0.41008,0.201821
-0.249831,0.132883,0.230256,0.158247,0.152878,0.493956,0.009826,-0.173243,0.785967,0.303682,-0.013155,0.044735,0.494417,0.144447
0.166859,-0.185478,0.270624,0.205545,-0.132332,0.445175,0.252392,-0.094179,0.918099,0.020407,-0.309442,0.027189,0.307105,0.309232
-0.020193,-0.142727,0.291954,0.129382,-0.067378,0.442598,-0.014827,0.257372,0.557882,0.162819,-0.087788,0.00525,0.331016,0.404317
0.007828,-0.033738,0.415188,0.137639,-0.099424,0.377839,0.077336,0.085533,0.561722,0.375936,-0.038616,-0.181666,0.619789,0.052043
0.216024,0.146583,0.256553,0.183638,-0.15028,0.284839,0.325851,0.089159,0.530403,0.013671,-0.240666,0.113733,0.476248,0.065485
-0.01253,-0.072923,0.423481,0.179208,-0.127032,0.310138,0.181551,-0.194799,0.761195,0.156247,-0.082841,0.034123,0.411532,0.249826
-0.268333,-0.267509,0.533063,0.126632,0.055505,0.462827,0.28365,0.059493,0.54326,0.199897,-0.161455,-0.012702,0.29202,0.332745
-0.075768,-0.072685,0.51944,0.093294,-0.008266,0.313231,0.196471,0.014764,0.662827,0.170002,-0.247981,-0.086401,0.317791,0.176714
0.30014,-0.20893,0.425755,0.053064,-0.306861,0.366351,0.279795,-0.022706,0.604011,0.210812,-0.170658,-0.178069,0.348654,0.085793
-0.192538,0.038855,0.437943,0.031589,-0.039209,0.348137,-0.019204,0.077652,0.654651,0.184424,-0.207221,0.066223,0.223669,0.430778
-0.036704,0.02664,0.234663,0.219252,0.215366,0.215226,0.248442,0.176371,0.626265,0.104926,-0.195767,-0.074346,0.223871,0.476788
0.03345,-0.082687,0.392482,0.182239,-0.102804,0.315499,0.241982,0.177661,0.580328,0.059687,-0.306177,0.023807,0.337802,0.293345
-0.17921,-0.115378,0.516197,0.140859,-0.001056,0.443108,0.305629,0.14317,0.501025,0.145808,-0.196975,-0.137328,0.391992,0.164869
0.251605,-0.117329,0.222256,0.059948,-0.120155,0.527221,0.072637,0.257872,0.467975,0.293127,-0.269588,-0.050083,0.557758,0.001887
-0.196436,0.1519,0.353717,0.099756,-0.023592,0.362138,-0.040314,0.105345,0.716767,0.153338,-0.172641,-0.067555,0.43087,0.294918
0.057728,-0.281348,0.54062,0.174566,-0.102806,0.350464,0.055581,0.138714,0.483179,0.304571,-0.131205,-0.089019,0.373016,0.201874
-0.015633,0.010568,0.236035,0.176535,0.011534,0.378191,0.325443,-0.101373,0.870842,0.013801,-0.259276,0.032763,0.383309,0.312108
-0.404144,0.098168,0.294446,0.158437,0.223756,0.390378,0.027444,0.064439,0.654285,0.083531,-0.173155,0.056031,0.190491,0.385226
-0.031385,-0.028623,0.457232,0.197818,-0.004344,0.349996,0.133061,0.414068,0.456572,0.070223,-0.287784,0.106954,0.431426,0.312272
-0.090091,0.013786,0.339476,0.082875,-0.018004,0.406696,0.17996,-0.00992,0.650315,0.083537,-0.162131,0.090594,0.343826,0.341403
0.072092,-0.148599,0.536667,0.202081,-0.078695,0.356409,0.091648,0.050775,0.588792,0.195588,-0.156252,-0.067622,0.509004,0.028239
-0.130882,0.036604,0.491558,0.211619,-0.012076,0.230386,0.236158,0.083408,0.564692,0.248026,-0.143436,-0.140301,0.32164,0.220579
-0.284904,0.058957,0.369238,0.111731,0.08597,0.513478,0.115518,0.181323,0.482872,0.14737,-0.082637,-0.033467,0.351342,0.15455
0.028685,-0.058197,0.372301,0.180564,-0.11272,0.279961,0.327035,0.262061,0.419873,0.119756,-0.234869,-0.028166,0.350063,0.263473
0.029466,-0.053515,0.400397,0.213557,-0.018587,0.212829,0.131732,0.200276,0.50726,0.284253,-0.134041,-0.078261,0.298591,0.213806
-0.103979,0.031616,0.329963,0.208842,0.04261,0.44621,0.208654,-0.171872,0.740434,0.113337,-0.074519,0.027677,0.408442,0.057483
0.031217,-0.049293,0.300887,0.189423,-0.082452,0.38884,0.127364,0.168449,0.491496,0.167643,-0.13205,-0.044576,0.448754,0.166801
0.068145,-0.303409,0.464681,0.183462,-0.031086,0.442397,0.279692,0.321912,0.474447,0.06185,-0.331436,-0.029112,0.388555,0.351926
-0.103707,0.131274,0.172034,0.209894,0.005646,0.379555,0.278787,0.101881,0.434201,0.136361,-0.310879,-0.004627,0.399736,0.187738
0.153011,-0.130668,0.442691,0.099663,-0.171867,0.296159,0.265484,0.361698,0.357778,0.143677,-0.258323,-0.12238,0.395012,0.155603
0.137234,-0.058381,0.211324,0.306079,-0.080851,0.448211,0.107762,0.024478,0.670805,0.154108,-0.169852,0.191365,0.328255,0.290107
-0.126496,-0.000455,0.563988,0.038661,-0.081627,0.425698,-0.283144,0.235911,0.721804,0.14621,-0.000152,0.110972,0.491274,0.162045
-0.049383,0.024532,0.402101,0.073825,-0.095513,0.449275,0.077452,0.289948,0.710137,0.107311,-0.411299,0.049421,0.271918,0.387021
0.138451,-0.189955,0.363578,0.178581,-0.065305,0.425293,-0.044326,0.281065,0.588033,0.137562,-0.18836,0.119827,0.25822,0.313135
-0.015815,-0.091251,0.436341,0.09641,-0.035988,0.368845,0.108277,0.096484,0.487125,0.264534,-0.15913,-0.048807,0.548211,0.138008
0.054997,-0.276308,0.554084,0.231938,-0.118698,0.297971,0.187361,0.226365,0.492247,0.067347,-0.21192,-0.01247,0.470924,0.247948
-0.203616,-0.011865,0.161225,0.113311,0.148087,0.443989,-0.246398,0.110647,0.685797,0.236835,-0.121301,0.160325,0.075806,0.500781
-0.032843,-0.506867,0.635249,0.349775,0.005429,0.248497,-0.035415,-0.039015,0.805405,0.078511,-0.137537,0.196295,0.085474,0.364397
-0.069133,-0.121345,0.339157,0.115401,-0.027536,0.476123,0.090994,0.061239,0.531226,0.233516,-0.121728,0.117931,0.358817,0.406255
0.108361,-0.313295,0.290969,0.260325,-0.023278,0.43101,0.192935,0.225817,0.493702,0.23698,-0.244205,-0.008275,0.321944,0.427428
-0.226241,-0.128769,0.504268,0.169799,0.119245,0.30911,0.069485,0.051303,0.750709,0.166178,-0.174168,0.146608,0.031275,0.527468
-0.059117,-0.232246,0.446657,0.173515,-0.132864,0.420202,0.082988,-0.241877,0.957312,0.20813,-0.260465,-0.129597,0.397068,0.218752
0.265121,-0.145007,0.289447,0.055611,-0.11303,0.370093,0.138415,0.219171,0.433311,0.146219,-0.07833,-0.00575,0.401948,0.247056
-0.271864,0.037333,0.163081,-0.012098,0.211766,0.490405,0.348615,0.229003,0.496412,0.044834,-0.371304,-0.089589,0.225664,0.460684
0.160315,-0.166691,0.321487,0.21763,-0.124749,0.362934,-0.000698,0.107139,0.557409,0.248359,0.011523,0.150864,0.199154,0.554069
-0.018582,0.010331,0.390925,0.275361,-0.029955,0.248089,0.00122,0.220476,0.581524,0.229022,-0.120877,-0.065438,0.535054,0.283212
0.222972,0.035307,0.358469,0.126428,-0.297838,0.259117,0.308605,0.304794,0.433567,0.120929,-0.351021,-0.124875,0.39549,-0.022596
-0.025466,-0.034224,0.375279,0.114471,-0.027451,0.377082,0.274299,0.027788,0.858879,-0.144771,-0.205276,-0.082723,0.284883,0.393097
-0.062302,-0.182526,0.425137,0.280882,0.018668,0.392591,-0.063528,0.260639,0.466189,0.080475,-0.112122,0.10272,0.365029,0.215948
0.032594,0.011433,0.467536,0.174028,-0.086803,0.311797,0.229627,0.233282,0.494163,0.187339,-0.201808,-0.119637,0.539046,-0.049594
0.396055,0.142537,0.230889,0.006975,-0.395023,0.262342,0.387176,0.031082,0.65995,0.20947,-0.280031,-0.186874,0.275875,0.241481
0.157381,-0.070213,0.362788,0.112404,-0.227274,0.309191,0.26955,0.237197,0.49695,0.076939,-0.302789,-0.13653,0.308526,0.078858
-0.213112,0.075058,0.40322,0.249952,0.095038,0.24967,0.216129,0.098152,0.591006,0.134376,-0.159256,-0.033062,0.192987,0.394353
-0.028636,-0.087755,0.395657,0.052114,-0.025972,0.355338,0.256403,0.206845,0.528049,0.134242,-0.348383,-0.078059,0.334765,0.116011
0.120167,-0.259185,0.287603,0.182757,0.02448,0.512866,0.163687,0.405531,0.444164,-0.006611,-0.187385,-0.079957,0.285648,0.382506
0.258316,0.03316,0.359868,0.084175,-0.271449,0.237296,0.189375,0.365027,0.428431,0.091303,-0.266037,-0.124404,0.45109,0.228452
-0.097683,0.065649,0.235678,0.098676,-0.127859,0.505201,0.193699,0.297393,0.544592,0.103948,-0.330925,-0.042055,0.46208,0.372151
0.298974,-0.137096,0.364101,0.17336,-0.126333,0.392076,-0.02211,-0.202238,1.008427,0.130447,-0.045211,0.11043,0.530917,0.210579
0.106682,-0.096451,0.383353,0.053744,-0.081386,0.328769,0.235379,0.266619,0.480996,0.064776,-0.148194,-0.013415,0.294156,0.278625
-0.430379,-0.332635,0.775493,0.194675,0.138358,0.413256,-0.054683,0.005768,0.85171,0.092985,-0.218859,0.028425,0.178492,0.425604
-0.214328,0.15505,0.213498,0.208909,0.089412,0.431326,0.279441,0.105283,0.360836,0.252556,-0.221893,-0.004497,0.387433,0.131284
0.266236,-0.107503,0.340547,0.099338,-0.183287,0.352797,0.182891,0.143403,0.653658,0.062761,-0.223168,0.006465,0.50641,0.241862
0.008416,0.107395,0.152617,0.166669,-0.05085,0.477598,0.285211,0.232642,0.551291,0.013022,-0.246166,0.151093,0.253381,0.507638
0.136244,-0.098695,0.314213,0.102165,-0.037849,0.394236,0.237669,0.184244,0.404927,0.291725,-0.164445,-0.086033,0.445192,0.140575
0.019619,0.179619,0.356246,0.119061,-0.120873,0.347409,0.064119,0.142742,0.586514,0.247355,-0.250556,-0.088801,0.518249,0.113125
0.147881,-0.371184,0.695056,0.156003,-0.244738,0.27853,0.301595,0.173019,0.501547,0.096457,-0.246117,-0.150414,0.381249,0.087642
-0.205083,-0.008836,0.370857,0.237221,0.098836,0.377251,-0.067107,0.36723,0.439017,0.139493,-0.066409,0.069509,0.30961,0.215271
-0.052119,-0.058137,0.363542,0.143714,-0.014524,0.435093,0.251251,0.185158,0.523946,0.120325,-0.249521,-0.004834,0.379148,0.166744
-0.011761,-0.119736,0.421835,0.24272,-0.186747,0.411475,0.027477,0.085589,0.643558,0.142192,-0.128465,0.060742,0.50418,0.217687
0.018899,0.067583,0.164423,0.219682,0.013601,0.380127,0.304229,0.08648,0.692359,0.188078,-0.3142,-0.082302,0.379245,0.159341
-0.012333,0.07602,0.191858,0.159582,0.000415,0.360709,0.194592,-0.027967,0.754444,0.105977,-0.231981,0.047002,0.230888,0.30788
-0.024251,-0.032923,0.292519,0.160184,-0.000752,0.398904,0.138731,0.150268,0.714859,0.121862,-0.318782,-0.061508,0.188234,0.347
0.028959,-0.196584,0.503848,0.096161,-0.041328,0.350576,0.020908,0.224647,0.506503,0.148042,-0.30448,-0.063123,0.449186,0.176303
-0.278503,-0.178277,0.325457,0.212438,0.057796,0.328069,-0.100379,0.159768,0.529908,0.253927,-0.193472,0.079045,0.256266,0.300689
0.037292,0.018318,0.16738,0.129877,0.065957,0.40979,0.19806,0.013637,0.711665,0.057404,-0.110544,0.005117,0.197868,0.215436
0.047782,0.130879,0.348671,0.096828,-0.192575,0.24109,0.176611,-0.082304,0.647573,0.24359,-0.200873,-0.141177,0.442091,0.155153
0.003152,-0.133233,0.292329,0.163855,-0.021268,0.353547,0.202294,0.055999,0.644673,0.184713,-0.281182,-0.145335,0.350005,0.297491
0.190862,-0.210198,0.432618,0.035776,-0.204733,0.426999,0.189195,0.22244,0.579194,0.09207,-0.38467,-0.041414,0.286712,0.115978
-0.030377,-0.034155,0.319645,0.120305,-0.068845,0.53398,0.352138,0.088984,0.438184,0.073181,-0.12745,0.062109,0.47016,0.128142
-0.00409,-0.043017,0.453285,0.06941,-0.044775,0.348079,0.194854,0.352391,0.454935,0.223539,-0.354651,-0.103948,0.334683,0.293055
0.262189,0.080096,0.152019,0.058547,-0.088847,0.336085,0.07639,0.155297,0.611147,0.145224,-0.03417,-0.039265,0.328176,0.267171
0.008919,0.082326,0.431727,0.12584,-0.113508,0.105467,0.126348,0.10289,0.657337,0.0691,-0.203294,0.092704,-0.034716,0.595692
-0.071785,-0.318894,0.450793,0.214757,0.05416,0.346105,0.333393,0.208467,0.297081,0.242193,-0.228905,-0.024625,0.234183,0.188361
-0.143322,0.035835,0.274073,0.242304,0.116972,0.398764,0.062411,0.366683,0.490305,0.173033,-0.259079,-0.009753,0.346941,0.307799
-0.040784,-0.064332,0.535487,0.161108,-0.079576,0.301289,-0.021279,0.217203,0.616297,0.00224,-0.215332,0.097087,0.375324,0.264561
0.022464,0.15041,0.090605,0.192873,-0.025125,0.312941,0.167781,0.23647,0.647077,-0.036511,-0.277878,0.019793,0.340742,0.321965
0.118163,-0.252342,0.475845,0.192846,-0.070184,0.323385,0.211089,-0.022694,0.520522,0.172015,-0.09411,-0.090414,0.388632,0.110065
-0.181634,0.086206,0.246368,0.029209,0.103248,0.55843,0.135297,-0.021911,0.630937,0.243463,-0.142949,-0.004215,0.408609,0.344057
-0.101409,0.162363,0.191018,0.115181,-0.036916,0.384643,0.084632,0.336738,0.410518,0.001054,-0.050191,-0.071084,0.43296,0.179417
-0.090379,0.038441,0.17182,0.236441,-0.102681,0.420897,0.153117,0.101374,0.559492,0.215506,-0.196672,0.001614,0.382234,0.224337
-0.181657,0.206319,0.135042,0.104014,0.07037,0.486161,0.025167,0.140887,0.585991,0.087982,-0.112639,0.054011,0.47134,0.151451
-0.135186,-0.062764,0.263165,0.253376,0.082459,0.408741,0.05314,0.239515,0.512552,0.142106,-0.223161,0.027018,0.412667,0.343953
-0.07263,-0.021361,0.274545,0.162636,0.049495,0.398765,0.245,0.355485,0.435945,0.106345,-0.265192,-0.161305,0.418549,0.192701
-0.073104,0.050752,0.319183,0.277727,-0.125185,0.280448,0.234587,0.434309,0.354097,0.076914,-0.359277,-0.087244,0.392871,0.133767
0.093124,-0.240774,0.448558,0.107092,-0.118562,0.269911,0.476312,0.27087,0.263101,0.053655,-0.212681,-0.100312,0.308806,0.287694
0.030511,0.001098,0.516669,0.110232,-0.185563,0.311314,0.025925,0.263705,0.535171,0.183008,-0.188208,0.039371,0.528248,0.193321
-0.094,-0.234934,0.538395,0.017747,0.163045,0.431091,0.23362,0.164871,0.511416,0.045167,-0.229558,-0.144151,0.298457,0.025057
-0.1679,0.000433,0.279643,0.114521,0.096864,0.418782,0.175531,0.176562,0.588187,-0.026761,-0.244236,0.142645,0.281334,0.561425
-0.016652,-0.003353,0.258062,0.078327,0.085295,0.419205,0.135003,0.051821,0.615643,0.230891,-0.138201,-0.07691,0.319432,0.312691
0.051812,-0.087387,0.281082,0.218045,-0.072816,0.364815,0.340682,0.191628,0.445083,0.05687,-0.276969,-0.04404,0.340049,0.356432
0.103486,-0.249213,0.509933,0.130061,-0.16183,0.406678,-0.022583,-0.006241,0.721681,0.159581,-0.07331,0.178645,0.318745,0.347941
-0.01825,0.002932,0.249115,0.134049,0.003206,0.596052,0.091827,-0.031529,0.670444,0.107579,-0.055999,0.203416,0.531117,0.353038
-0.086517,-0.136887,0.409824,0.096263,0.027158,0.509278,0.429067,-0.109169,0.626527,0.166125,-0.286351,0.082583,0.510155,0.151859
0.286449,-0.050541,0.323229,0.191147,-0.200083,0.323059,0.174358,0.121003,0.538014,0.072797,-0.111144,0.177699,0.413677,0.315388
0.212941,-0.1122,0.395658,0.176927,-0.128876,0.304413,0.13908,0.1561,0.57252,0.102946,-0.12462,0.072454,0.396866,0.307606
-0.076238,0.073242,0.16187,0.197692,-0.050684,0.355195,0.144289,0.284006,0.296243,0.162823,-0.102147,-0.095596,0.312966,0.044644
0.140892,-0.092492,0.222488,0.083199,-0.040608,0.35565,0.165554,0.311676,0.390618,0.15593,-0.175316,0.00955,0.227915,0.445165
0.13695,-0.05919,0.268023,0.031261,-0.182146,0.446728,0.11715,0.30053,0.464791,0.173181,-0.248225,-0.051338,0.397429,0.270925
0.040397,-0.039204,0.432304,0.191963,-0.155999,0.382981,0.260287,0.171401,0.523871,0.190367,-0.174107,-0.183397,0.44955,0.015394
0.083126,-0.076864,0.42819,0.118816,-0.042061,0.2271,0.225121,0.085944,0.555113,0.119729,-0.129332,-0.049108,0.403455,0.219801
-0.113157,0.074072,0.29489,0.213918,-0.101332,0.369987,0.143556,0.156267,0.57426,0.136631,-0.130641,-0.054541,0.416443,0.246659
-0.048788,-0.176287,0.269601,0.033967,0.072245,0.480673,0.22267,0.208324,0.466009,0.236723,-0.335876,-0.088647,0.313407,0.318747
-0.359865,0.115395,0.310314,0.184891,0.062818,0.476165,-0.02269,0.188446,0.465721,0.253371,-0.082758,0.11274,0.446462,0.287286
0.072871,0.086018,0.37287,0.145306,-0.151094,0.256669,0.144489,0.096312,0.662509,0.040988,-0.176443,0.105649,0.339098,0.273153
-0.02848,-0.110556,0.500579,0.160891,0.039669,0.272107,0.142351,0.326767,0.421951,0.11765,-0.281311,-0.115959,0.340495,-0.051798
0.007502,-0.080464,0.212549,0.106768,0.169589,0.481674,0.087548,0.281509,0.419362,0.178152,-0.110275,0.009777,0.42352,0.307976
-0.081494,-0.21233,0.215399,0.327177,0.152741,0.436353,0.227097,0.50712,0.336192,0.010919,-0.312333,-0.06291,0.260613,0.186558
0.062501,-0.146277,0.39031,0.193271,-0.015468,0.262625,0.282051,0.132008,0.559368,0.213147,-0.280236,-0.030142,0.242447,0.426741
0.072898,-0.25508,0.57388,0.162444,-0.189303,0.434308,0.125861,0.112032,0.624561,0.150315,-0.240958,0.030422,0.508038,0.174193
-0.457125,-0.011027,0.51276,0.116338,0.184123,0.31403,0.012411,0.119185,0.616764,0.258823,-0.29021,-0.034575,0.366284,0.26486
-0.058935,-0.166521,0.300518,0.198947,0.110439,0.429517,0.109821,0.291795,0.429599,0.094143,-0.190275,0.136155,0.242194,0.551835
-0.129091,0.012122,0.24727,0.089156,0.067946,0.481832,0.209041,0.198266,0.440745,0.173273,-0.165324,-0.118235,0.344981,0.223611
-0.125651,0.128627,0.394927,0.09139,-0.173025,0.216336,0.448456,0.170865,0.456449,0.181061,-0.449055,-0.027778,0.265482,0.194222
-0.246335,-0.335378,0.677407,0.044415,0.156501,0.296073,0.085008,0.027327,0.706295,0.129896,-0.157004,0.068664,0.049817,0.40081
-0.194311,-0.007376,0.30276,0.098829,0.069402,0.520548,0.264913,0.376008,0.313654,0.176215,-0.205901,-0.139112,0.490601,0.084212
-0.364098,0.014916,0.336371,0.24527,0.154356,0.306611,0.062429,0.065433,0.685191,0.174821,-0.134954,-0.043048,0.173356,0.401047
0.080746,-0.18108,0.39007,0.242759,-0.084751,0.331887,0.103996,0.273941,0.37715,0.205855,-0.117829,0.03994,0.426546,0.13287
0.039788,-0.10854,0.471149,0.069847,-0.221566,0.493847,0.170405,0.00744,0.579383,0.06884,-0.104177,0.178891,0.446892,0.301891
-0.132161,-0.159124,0.275434,0.151951,0.102299,0.540546,-0.013184,0.240162,0.550984,0.138979,-0.170137,0.15235,0.426427,0.342575
0.205716,0.01314,0.295975,0.144531,-0.222014,0.339338,-0.017659,0.013618,0.7886,0.078842,-0.178472,0.06047,0.372867,0.235191
0.172874,-0.099958,0.374895,0.235307,-0.16406,0.333588,0.231302,0.161565,0.564488,0.112728,-0.174999,-0.101707,0.393651,-0.003511
0.023466,-0.081102,0.388802,0.254613,-0.132652,0.428406,0.003358,0.215983,0.525376,0.150904,-0.222426,0.01357,0.639221,0.048808
0.184878,-0.119876,0.401549,0.035479,-0.128962,0.389495,0.161409,0.241389,0.509712,0.135009,-0.103746,-0.029992,0.269701,0.372577
-0.111772,-0.053931,0.293236,0.142414,0.058047,0.495984,0.272436,0.082082,0.524646,0.126385,-0.125202,-0.041752,0.466255,0.226003
0.057042,-0.010473,0.459863,0.039842,-0.173982,0.443203,0.113842,-0.112472,0.938275,-0.028885,-0.148904,0.04982,0.533852,0.079134
0.066494,0.082296,0.399467,0.134651,-0.157044,0.344255,0.340695,0.024778,0.398059,0.159292,-0.230904,-0.005429,0.732433,-0.069134
-0.075111,-0.125293,0.450503,0.11807,0.042879,0.332031,0.329868,0.153002,0.455838,0.120094,-0.224132,-0.116308,0.313504,0.312534
0.028333,-0.003263,0.345269,0.253041,-0.003773,0.293187,0.200465,0.113624,0.561165,0.017868,-0.284167,0.059873,0.277765,0.354265
0.107844,-0.058137,0.296434,0.201266,-0.21307,0.437363,0.183213,0.285121,0.424485,0.04059,-0.274234,-0.021889,0.373667,0.174539
-0.215141,-0.202163,0.544984,0.202014,-0.070997,0.444858,0.213886,0.182124,0.619193,0.112374,-0.282244,-0.102766,0.343654,0.240952
-0.249248,-0.005724,0.479764,0.093546,0.177636,0.366566,0.114733,0.501945,0.345354,0.11247,-0.290282,-0.051338,0.321295,0.14715
-0.11743,-0.107339,0.217188,0.260104,0.136209,0.394037,0.255117,0.256469,0.547154,0.16245,-0.310312,-0.045701,0.418117,0.399633
-0.003013,0.043759,0.171901,0.091695,-0.116746,0.49255,0.281731,0.017869,0.576394,0.163066,-0.114367,-0.08232,0.451277,0.282774
-0.010972,-0.149376,0.29057,0.183796,-0.096429,0.468288,0.18541,0.305367,0.31957,0.114351,-0.308759,0.040265,0.409543,0.177422
-0.106343,-0.12268,0.325076,0.153601,-0.085214,0.452065,0.195786,0.101397,0.488498,0.199174,-0.208962,-0.045419,0.445827,0.25419
-0.160881,0.01085,0.318951,0.068078,0.002918,0.496222,0.115787,0.150633,0.679054,0.001009,-0.284868,-0.113747,0.554902,0.10221
-0.080881,0.007361,0.416471,0.147203,-0.210832,0.41395,-0.109694,0.10874,0.774549,0.15103,-0.024581,0.013595,0.442388,0.29367
-0.03596,-0.13978,0.401863,0.245955,0.038752,0.381819,-0.104593,0.08186,0.587066,0.234134,0.015403,0.000292,0.452906,-0.040523
-0.200376,0.053787,0.225525,0.079122,-0.088676,0.501465,0.164387,0.08012,0.450364,0.247292,-0.171275,-0.087223,0.503092,0.109493
-0.036818,0.113575,0.123342,0.23593,0.0285,0.403357,0.249984,0.072529,0.654989,0.076615,-0.209869,0.056259,0.373062,0.293194
0.200635,-0.24807,0.30031,0.063701,0.017001,0.405304,0.223511,0.157904,0.432901,0.127467,-0.259738,0.060744,0.293964,0.415278
-0.088846,0.166089,0.398744,0.068146,-0.137573,0.253898,0.221736,0.238767,0.383971,0.085914,-0.128223,0.124354,0.197498,0.439826
-0.259657,0.009223,0.382415,0.122094,0.128631,0.392497,0.31883,0.072505,0.80095,0.04906,-0.314533,-0.144184,0.274345,0.340271
0.166369,-0.147537,0.316887,0.203175,-0.102573,0.426136,0.238451,0.332126,0.516195,0.034735,-0.283644,-0.033728,0.507809,0.296573
-0.025006,0.00396,0.239623,0.188636,-0.112947,0.404915,0.270387,0.093025,0.626272,0.05619,-0.306446,0.093316,0.287334,0.395816
0.1293,0.095453,0.327884,0.151501,-0.091813,0.333344,0.283152,0.084528,0.579173,0.271625,-0.271612,-0.18729,0.597099,0.128057
-0.143024,-0.259959,0.430674,0.133728,0.109253,0.380766,0.022758,-0.093045,0.69091,0.124648,0.024474,-0.008591,0.348127,0.151554
-0.216797,0.097944,0.327048,0.169471,0.068501,0.310267,0.316747,0.210654,0.426212,0.106874,-0.159214,0.063962,0.100248,0.49708
0.231583,0.09919,0.145516,0.197828,-0.197829,0.341465,-0.061341,0.131931,0.745452,0.005093,-0.10826,0.106289,0.511855,0.334543
0.124668,-0.004671,0.391393,0.14043,-0.10298,0.423331,0.0868,0.15994,0.480165,0.14905,-0.216257,0.049597,0.765966,0.029397
-0.044419,0.156112,0.306357,0.13693,-0.152207,0.276268,0.174309,0.306152,0.520133,-0.007982,-0.22261,-0.129463,0.399737,0.211287
-0.008377,-0.043406,0.354486,0.046928,-0.13018,0.485053,0.286348,0.096842,0.436616,0.141788,-0.04044,-0.049557,0.479111,0.150148
-0.112624,-0.016734,0.439682,0.085633,0.046313,0.47481,0.289462,0.033151,0.516264,0.121974,-0.278435,0.035004,0.37381,0.30516
0.137134,-0.114591,0.360073,0.06206,-0.092496,0.32896,0.219155,0.241669,0.419775,0.240493,-0.209731,-0.217571,0.286427,0.033051
0.044598,0.052217,0.16428,0.226634,-0.047076,0.334682,-0.044282,0.334317,0.465185,0.170362,-0.173634,-0.034625,0.418855,0.322463
-0.058097,-0.077649,0.255152,0.178028,0.081548,0.408848,0.306356,0.209612,0.418088,0.055983,-0.200836,0.003416,0.244339,0.359658
0.255155,0.104245,0.143298,0.116067,-0.163471,0.247718,0.10716,0.101938,0.679542,0.103644,-0.186897,0.031075,0.419069,0.262299
-0.078237,-0.110713,0.398272,0.262347,-0.08471,0.376328,0.041009,0.046465,0.772511,0.14041,-0.228892,0.061304,0.366492,0.410019
-0.089745,-0.144835,0.401214,0.157453,-0.106793,0.37684,0.322963,0.225315,0.537953,0.10303,-0.353079,-0.057265,0.382764,0.273302
-0.041037,-0.052306,0.327712,0.159639,-0.051319,0.446349,0.225131,-0.074254,0.716435,0.149085,-0.217899,-0.062158,0.472449,0.083079
0.184346,-0.067233,0.19927,0.064028,-0.077971,0.317413,0.387871,0.088025,0.460052,0.060185,-0.258752,-0.13149,0.253821,0.306343
0.126001,-0.099837,0.257745,0.244439,-0.092864,0.32266,0.165177,0.389562,0.348254,0.05429,-0.217073,0.025012,0.410788,0.212403
-0.158623,0.008068,0.431705,0.143231,0.015696,0.322728,0.226361,0.27343,0.425454,0.122255,-0.156276,-0.091588,0.321531,0.17662
0.0703,-0.018313,0.282536,0.096099,-0.043914,0.473475,0.168082,0.256311,0.468296,0.136,-0.212827,0.056943,0.290461,0.325177
-0.168865,-0.221272,0.427511,0.104316,0.16614,0.563823,0.193584,0.272459,0.483915,0.119987,-0.274696,-0.118415,0.424411,0.382374
0.373826,-0.041666,0.120118,0.160683,-0.223713,0.371577,0.235859,0.130002,0.586357,0.122937,-0.219583,-0.059638,0.407997,0.149172
0.296675,0.057671,0.284189,0.172372,-0.346783,0.281646,0.114383,0.268713,0.524097,0.098209,-0.203232,-0.091761,0.376977,0.305178
-0.008016,0.103417,0.216044,0.23509,-0.156421,0.381719,-0.001299,0.25058,0.474544,0.238904,-0.068302,0.0345,0.430906,0.286924
0.048737,-0.082956,0.427366,0.216615,-0.072057,0.367302,0.382404,0.056918,0.546976,0.180337,-0.315991,-0.066561,0.402342,0.198948
0.017002,-0.089227,0.270535,0.224716,-0.015969,0.338531,0.392866,0.153933,0.369301,0.16952,-0.16068,-0.064266,0.350701,0.29494
-0.041376,0.16624,0.310335,0.012257,0.045955,0.234042,0.248237,0.436056,0.315799,0.178522,-0.296122,-0.129202,0.300007,0.164536
-0.229684,-0.014591,0.423295,0.138155,0.01211,0.514117,0.246292,0.169285,0.593647,0.181232,-0.3251,-0.050786,0.526885,0.17003
0.137995,-0.114532,0.244274,0.192709,-0.025823,0.415028,0.037856,0.247823,0.415964,0.193281,-0.098984,0.017752,0.627671,0.245529
-0.439618,0.064354,0.341363,0.184287,0.330212,0.381487,0.084975,0.249229,0.581905,0.199611,-0.192782,0.004445,0.266427,0.407464
-0.098852,0.056634,0.344601,0.051489,0.039608,0.424803,0.163166,-0.094277,0.619631,0.223104,-0.169367,0.118408,0.336368,0.294484
0.166743,-0.077958,0.287464,0.189696,-0.07703,0.227197,0.171609,0.092842,0.638707,0.078823,-0.159838,-0.015131,0.308404,0.3432
0.09878,-0.001368,0.442918,0.144929,-0.22449,0.317934,0.199274,0.060367,0.582932,0.161619,-0.332484,-0.000875,0.519442,0.134411
-0.082852,-0.007284,0.442178,0.033603,-0.022791,0.346884,0.09116,-0.051045,0.796069,0.059864,-0.121247,0.03955,0.333622,0.435983
0.139009,0.121237,0.282911,0.120691,-0.18666,0.423795,0.225858,0.063041,0.602805,0.135537,-0.251145,0.026109,0.418786,0.229218
0.086017,-0.012895,0.183514,0.048671,-0.080555,0.352199,0.384292,0.022349,0.428819,0.09544,-0.123079,-0.055712,0.337127,0.343415
-0.05768,-0.004908,0.318829,0.029337,-0.003049,0.469932,0.334708,0.334029,0.365056,0.066426,-0.115822,-0.105938,0.437405,0.179437
0.133618,-0.041513,0.480305,0.237233,-0.253745,0.309449,0.371161,0.217842,0.465262,0.284378,-0.281956,-0.144696,0.442283,0.18988
0.035875,-0.169351,0.435129,0.123899,-0.015661,0.45313,0.154139,-0.112747,0.785935,0.288189,-0.217274,-0.026207,0.57982,0.204923
0.194404,-0.187656,0.380417,0.106688,-0.034066,0.345272,0.066332,0.446614,0.440338,0.084484,-0.251738,0.054431,0.323516,0.255867
0.260468,0.009383,0.382101,-0.01637,-0.177978,0.270387,0.229785,0.268426,0.505062,0.095651,-0.281915,-0.073761,0.436327,0.197242
-0.059305,-0.050046,0.348621,0.103652,-0.033037,0.603963,0.128923,0.168801,0.511524,0.205551,-0.205234,0.04997,0.636749,0.084971
-0.35925,0.020781,0.689334,-0.003161,0.044397,0.272726,-0.016444,0.183362,0.650264,0.017127,-0.148975,0.003513,0.329276,0.317012
0.051911,-0.131376,0.519334,0.096038,-0.148902,0.259403,-0.005085,0.225101,0.620563,-0.006767,-0.132798,0.158494,0.161599,0.501084
0.05119,-0.083454,0.308497,0.069423,-0.133462,0.436316,0.035095,0.432384,0.515437,-0.007188,-0.280123,0.101276,0.345286,0.461019
0.174934,0.039245,0.117429,0.074107,-0.084001,0.38412,0.069424,0.206492,0.707611,-0.019053,-0.055616,0.022904,0.266545,0.384645
-0.029826,0.186221,0.273329,0.046239,0.044281,0.311146,0.441034,0.07098,0.511009,0.238262,-0.316858,-0.235207,0.496766,0.106938
-0.175913,7.8e-05,0.293293,0.022328,0.156487,0.381424,0.23083,0.081604,0.774857,0.064928,-0.288536,-0.037884,0.197288,0.33169
-0.011641,-0.018039,0.382733,0.192387,-0.160525,0.380168,0.136777,0.057477,0.626494,0.043902,-0.150079,0.171653,0.366197,0.302581
-0.198783,-0.192981,0.461259,0.209281,0.151003,0.380433,0.037436,0.147302,0.626166,0.168622,-0.165773,-0.003939,0.355666,0.356777
0.24562,-0.060132,0.320754,0.156784,-0.285064,0.253591,-0.060585,-0.287621,0.925448,0.329148,0.001383,-0.110503,0.365499,0.156162
0.174928,-0.126335,0.330467,0.175865,-0.135085,0.373165,0.326091,0.078387,0.478373,0.003235,-0.129861,0.040194,0.352217,0.220256
0.076471,-0.230922,0.42559,0.223548,-0.039725,0.356821,-0.078734,0.261324,0.521334,0.080673,-0.165567,0.032947,0.423728,0.154076
-0.053564,-0.026505,0.187458,0.118303,0.012177,0.589538,0.110198,0.268544,0.475524,0.042807,-0.142436,0.007204,0.549776,0.289581
-0.050951,-0.067905,0.264274,0.258508,0.050271,0.336889,0.225511,0.144104,0.709026,0.002095,-0.235763,-0.068767,0.357966,0.185806
0.131369,-0.087745,0.34882,0.125268,-0.06507,0.43054,0.23041,0.321769,0.442146,0.097365,-0.165518,-0.111879,0.541782,-0.037105
-0.274893,-0.015658,0.405939,0.180384,0.067997,0.488467,-0.167201,-0.133097,0.965995,0.117445,-0.042823,0.08396,0.384252,0.231916
0.278355,-0.036591,0.273473,0.175976,-0.277816,0.224611,0.34657,0.009426,0.637004,0.073801,-0.312629,-0.088055,0.360568,0.160294
0.275296,-0.0396,0.418995,0.136275,-0.230964,0.34771,0.118816,0.168689,0.567172,0.132326,-0.076824,0.0219,0.414567,0.081654
0.074527,0.047128,0.460106,0.038854,-0.15102,0.453433,0.096155,0.188876,0.41473,0.305711,-0.13214,-0.027507,0.720372,-0.058686
-0.050277,-0.296928,0.455525,0.243811,-0.003929,0.368775,-0.022565,0.314127,0.484827,0.276084,-0.282633,-0.024492,0.276006,0.195902
-0.194155,-0.041712,0.332517,0.1938,0.017794,0.530145,-0.018225,0.097385,0.728599,0.114454,-0.267074,0.235674,0.317854,0.340194
-0.114357,0.01035,0.283362,0.222774,0.124052,0.342514,0.340539,0.324374,0.37184,0.113179,-0.314676,-0.197428,0.391912,0.110564
-0.069126,-0.094329,0.298623,0.130657,0.019971,0.505236,0.223708,0.208405,0.398978,0.162004,-0.091065,0.079539,0.337578,0.382779
0.170458,-0.056219,0.26959,0.120562,-0.202909,0.501712,0.277431,0.133114,0.528585,0.123462,-0.274042,-0.173728,0.56959,0.052153
-0.036648,-0.041289,0.16459,0.157414,0.034203,0.376218,0.242969,0.176814,0.510323,0.196206,-0.389136,0.024024,0.384954,0.373194
0.191675,-0.051235,0.215719,0.175109,-0.142568,0.368378,0.02731,0.104303,0.835816,-0.022015,-0.222269,0.137751,0.294172,0.452519
-0.118479,-0.121522,0.488241,0.100539,0.002397,0.365106,0.074258,0.047415,0.859403,0.064509,-0.221966,0.039467,0.224516,0.352603
-0.146096,0.090385,0.253675,0.236663,0.041106,0.337709,0.129293,0.112069,0.508872,0.303584,-0.228713,-0.07579,0.372227,0.255641
-0.205832,0.032542,0.458777,0.144901,0.089609,0.329254,0.187461,0.401712,0.404919,0.02892,-0.321746,-0.030851,0.290669,0.298251
-0.176075,-0.049403,0.371744,0.025005,0.035109,0.506557,-0.089627,0.049623,0.603777,0.192672,-0.108772,0.021193,0.404403,0.242806
-0.435693,-0.069351,0.504258,0.156849,0.191974,0.443076,-0.169598,-0.207951,0.933393,0.270569,-0.050862,0.085561,0.283885,0.269945
-0.239463,-0.157358,0.652471,0.089648,0.093173,0.397454,0.066943,-0.113987,0.848649,0.073196,-0.113076,0.019199,0.347913,0.223168
-0.176906,0.054838,0.462723,0.030188,-0.034545,0.384264,0.042619,0.245713,0.39648,0.152582,-0.088602,-0.068877,0.477308,0.109688
0.108394,-0.239822,0.257855,0.190798,-0.053519,0.436773,0.175777,0.072901,0.384671,0.247131,-0.032764,0.061177,0.318441,0.289994
0.000624,0.0602,0.403031,0.198343,0.045057,0.208358,0.44033,0.402698,0.20318,0.174899,-0.377364,-0.19022,0.38456,0.09338
0.017332,-0.078588,0.386765,0.126889,-0.050894,0.40325,0.188302,0.304111,0.526457,-0.015076,-0.215982,-0.061246,0.500119,0.405679
0.064685,-0.103062,0.180733,0.149009,-0.045755,0.46286,0.155162,0.007677,0.755089,0.063795,-0.272653,0.173851,0.287131,0.391967
0.069237,0.047403,0.371722,0.087917,-0.104497,0.433394,-0.088313,0.287034,0.613398,0.144149,-0.052723,-0.023379,0.5793,0.208564
0.052518,-0.119038,0.4427,0.257575,-0.031316,0.371565,0.008729,0.433181,0.485769,-0.022155,-0.136486,0.084858,0.278144,0.454222
-0.189689,0.049426,0.316909,0.072825,0.038538,0.45342,0.02826,-0.104448,0.676736,0.218977,0.021934,0.026757,0.460222,0.198681
0.218584,-0.114947,0.340245,0.25363,-0.076032,0.297211,0.012018,0.314251,0.53707,0.17136,-0.243656,-0.050425,0.478976,0.072226
0.005208,-0.024339,0.38536,0.14064,-0.080802,0.500905,-0.030934,0.229484,0.617705,0.096448,-0.140633,0.080792,0.521055,0.118161
0.074198,-0.000291,0.380326,0.173712,-0.188106,0.335638,0.130763,-0.000895,0.717528,0.083838,-0.157757,0.008252,0.539728,0.153428
-0.000391,0.005728,0.194816,0.293014,-0.145193,0.396119,-0.093507,0.287902,0.58763,0.072479,-0.12177,0.089983,0.445488,0.334631
-0.060772,0.029064,0.270611,0.155807,-0.133659,0.310717,0.24705,0.139872,0.449762,0.238137,-0.216978,-0.041033,0.362715,0.256498
-0.013508,-0.156319,0.331432,0.150857,-0.092873,0.395478,0.434153,-0.113776,0.524134,0.245162,-0.224336,-0.228596,0.4815,0.097949
-0.024478,-0.242174,0.300918,0.226702,0.014852,0.372591,0.204013,-0.050559,0.736695,0.129524,-0.128046,-0.013611,0.200234,0.352378
-0.024205,-0.044627,0.263958,0.121311,0.164675,0.43801,0.265338,0.156337,0.63287,0.051192,-0.235205,-0.033035,0.50431,0.251642
0.330617,0.050284,0.152807,0.093164,-0.24138,0.326615,0.177526,0.286909,0.529976,0.01298,-0.219779,-0.050232,0.365668,0.240586
0.118714,-0.222112,0.25019,0.098176,-0.037428,0.363298,0.237282,0.145831,0.607308,0.054819,-0.295022,-0.105706,0.268586,0.203491
0.130602,-0.296724,0.467646,0.257706,-0.060846,0.332356,0.099488,0.045547,0.645008,0.146473,-0.168448,0.073225,0.252768,0.199899
0.016117,0.112026,0.461375,0.134813,-0.125562,0.356726,-0.121033,-0.040338,0.747805,0.338687,-0.142077,-0.04814,0.911632,-0.136627
0.162072,-0.17638,0.44278,0.121286,-0.113156,0.335017,-0.101014,-0.064989,0.799912,0.227927,-0.036997,0.104795,0.317533,0.295542
-0.050179,-0.103444,0.403807,0.242807,-0.095819,0.302207,-0.241558,-0.29859,1.002299,0.206493,-0.035112,-0.03505,0.4321,-0.007169
0.011604,-0.04985,0.430381,0.157257,-0.191301,0.229258,0.370036,0.396281,0.355542,0.068358,-0.485746,-0.239286,0.411572,0.147346
0.009933,-0.027633,0.357018,0.30037,-0.065387,0.304418,0.013492,0.226047,0.637891,0.181426,-0.293742,0.018863,0.411897,0.27753
0.069511,-0.100549,0.25857,0.1634,0.021769,0.311212,0.095629,0.355078,0.451848,0.050268,-0.246963,0.035025,0.222402,0.217649
-0.194176,-0.027688,0.282192,0.220083,0.123767,0.355451,0.018576,0.309846,0.521551,0.142974,-0.220181,-0.053374,0.254411,0.204885
0.151413,-0.05169,0.265603,0.1199,-0.031795,0.339657,0.471489,0.36626,0.166173,0.077943,-0.209215,-0.179663,0.450911,0.195783
0.153755,0.023871,0.324608,0.136651,-0.165905,0.355723,0.213475,0.090989,0.558007,0.223122,-0.220425,-0.138031,0.470834,0.04242
-0.181639,0.066272,0.256165,0.217684,0.024019,0.231267,0.02141,0.128426,0.633719,0.141132,-0.162606,0.015705,0.112602,0.323596
0.206791,-0.202619,0.426723,0.278464,-0.169879,0.228409,0.138171,-0.221718,0.817484,0.18954,-0.167945,0.025975,0.505695,0.181775
0.073784,-0.035987,0.114316,0.115424,0.008361,0.516246,0.191479,0.270326,0.50828,0.103453,-0.251827,0.074724,0.391559,0.445648
-0.232621,-0.053695,0.273869,0.112217,0.20663,0.548225,0.11714,-0.201145,0.755445,0.17545,-0.098802,0.080258,0.352065,0.418039
0.092929,-0.035234,0.357283,0.231962,-0.165117,0.364404,0.191546,0.140401,0.522862,0.191509,-0.2531,-0.052572,0.489725,0.086169
-0.01496,-0.07813,0.240139,0.102116,0.159747,0.509345,0.153492,0.244437,0.458332,0.145156,-0.159738,0.082739,0.441536,0.316652
0.20075,-0.333375,0.465568,0.257145,-0.073804,0.285809,0.08914,0.191556,0.533699,0.128392,-0.129635,0.022242,0.383541,0.323161
0.167865,0.109273,0.252348,0.123545,-0.139688,0.334322,0.073243,0.357905,0.475012,0.1412,-0.140815,-0.024944,0.34206,0.318175
0.098727,-0.12703,0.321386,0.138383,-0.114934,0.385211,0.390798,0.240192,0.54488,-0.087824,-0.366138,-0.112204,0.387515,0.185657
-0.138652,-0.102178,0.493788,0.078524,-0.031014,0.370151,0.095211,0.150421,0.616727,0.177458,-0.125221,-0.028713,0.382663,0.202714
-0.201061,0.025559,0.499498,0.247933,-0.152602,0.322929,0.320865,0.093934,0.654771,0.064238,-0.248608,0.046606,0.275215,0.218325
0.042283,-0.127009,0.420093,0.128482,0.027972,0.422237,0.055338,0.102297,0.595027,0.153375,0.004694,0.083202,0.373214,0.164501
0.064685,-0.137599,0.330519,0.127069,-0.018061,0.375399,0.106676,0.07344,0.662648,0.118393,-0.139211,-0.090173,0.372485,0.121152
-0.185233,0.009669,0.38302,0.078305,0.014394,0.473426,-0.032676,0.265169,0.705999,-0.00422,-0.223215,0.048762,0.392371,0.39653
-0.108121,-0.146964,0.501491,0.258843,-0.0571,0.271366,0.002379,0.20627,0.458472,0.295937,-0.192229,-0.069663,0.404695,0.180285
0.126961,-0.067928,0.301487,0.279462,-0.088607,0.189077,0.024806,0.170836,0.537315,0.01551,-0.09903,0.079827,0.25689,0.295605
-0.118331,-0.057192,0.242658,0.133177,0.098268,0.467439,0.164822,0.03302,0.74949,0.02943,-0.121073,0.115633,0.350222,0.264669
0.310155,-0.127055,0.339932,0.00854,-0.109906,0.406761,0.247196,0.306964,0.384575,0.05945,-0.199827,-0.06086,0.489326,0.257636
-0.059323,0.065757,0.373871,0.067916,-0.075748,0.452055,0.214224,0.317869,0.38431,0.114838,-0.207702,0.013506,0.468367,0.21395
-0.117517,0.074668,0.159112,0.147868,0.02743,0.394888,0.125742,0.280154,0.569881,0.135476,-0.260794,-0.108523,0.308636,0.346594
-0.174492,-0.065915,0.577605,0.091874,0.0184,0.280784,0.085618,0.093872,0.511586,0.198874,-0.071016,-0.108219,0.344334,0.107301
-0.193052,0.125689,0.330097,0.106316,0.049091,0.520359,0.128096,0.151005,0.595449,0.165615,-0.185494,-0.082486,0.562959,-0.099093
-0.287254,-0.247699,0.453299,0.336807,0.303392,0.384859,-0.312759,-0.133365,0.776587,0.353926,0.145817,0.114538,0.387059,0.278055
-0.085323,-0.163609,0.308668,0.164764,0.116054,0.465457,-0.034709,0.317835,0.589212,0.098939,-0.15264,-0.01013,0.384533,0.206148
0.378341,0.022308,0.304346,0.054184,-0.176799,0.302324,0.146312,0.166236,0.565517,-0.038254,-0.116877,-0.010136,0.491995,0.141186
0.075821,0.082381,0.354907,0.095507,-0.293838,0.398355,0.400823,0.135229,0.583494,0.098463,-0.339396,-0.057133,0.354838,0.185639
-0.180829,-0.092791,0.413993,0.080025,-0.051006,0.463666,0.169754,-0.001749,0.769228,0.041214,-0.36469,-0.082885,0.375215,0.313773
-0.334726,0.164129,0.092979,0.211281,0.21282,0.406508,0.183456,0.118543,0.588661,0.098437,-0.186782,-0.028437,0.25206,0.337137
-0.250533,0.156944,0.328111,0.132392,-0.082526,0.31948,0.1125,-0.00679,0.719117,0.0536,-0.185868,-0.059931,0.246986,0.241054
-0.075653,-0.160467,0.339617,0.209997,0.078589,0.361454,0.051957,0.251763,0.470716,0.21946,-0.247195,-0.050327,0.295498,0.30762
-0.086787,-0.063836,0.318198,0.015214,0.038461,0.505276,0.171605,0.234782,0.665148,0.048703,-0.271429,0.007071,0.272539,0.475967
-0.058756,-0.065943,0.271458,0.032485,0.106768,0.518569,0.198919,-0.066097,0.513486,0.340986,-0.023058,-0.046825,0.458396,0.045217
-0.195094,0.172412,0.1705,0.013523,0.070664,0.487753,0.188974,0.169617,0.623645,0.088453,-0.199134,-0.014819,0.341776,0.327187
-0.208039,-0.020064,0.375917,0.198703,0.061831,0.45624,0.03405,0.123961,0.509359,0.189937,-0.264024,0.03661,0.397439,0.354666
-0.207087,0.061858,0.464847,0.023769,-0.071905,0.457338,0.032218,0.210128,0.641321,0.108712,-0.155369,0.107374,0.378124,0.220164
0.232985,0.116146,0.27201,0.171813,-0.274325,0.2254,0.272857,0.284051,0.371345,0.209001,-0.263138,-0.09963,0.478741,0.132856
-0.166167,-0.033492,0.338396,0.307181,-0.024617,0.31283,0.069384,0.028467,0.672447,0.109458,-0.186664,0.111079,0.105935,0.519596
0.004391,-0.047404,0.250835,0.227536,0.078855,0.285552,0.178277,0.294009,0.623038,0.012325,-0.149308,-0.070902,0.153413,0.231439
-0.333976,-0.022975,0.499232,0.196124,0.078862,0.411202,-0.202897,0.174243,0.664173,0.144439,0.03055,0.041025,0.472142,0.207874
-0.145881,0.09947,0.345551,0.016038,0.068425,0.413426,0.013149,-0.027816,0.818394,0.056768,-0.143664,0.095079,0.413188,0.22947
-0.094047,-0.252143,0.391277,0.244779,0.00726,0.263975,0.036566,-0.084895,0.7054,0.211009,-0.071769,0.248997,-0.052891,0.651294
0.4144,0.068529,0.140724,0.046981,-0.322135,0.232074,0.245998,0.138376,0.519834,0.101773,-0.172484,0.063549,0.376569,0.406627
0.005925,0.163528,0.258143,0.162597,-0.035949,0.356697,0.129378,0.139627,0.565941,0.207991,-0.168633,0.067998,0.325073,0.550977
0.142018,0.217394,0.300707,0.030351,-0.360634,0.331844,0.242214,0.151075,0.596633,0.108253,-0.374044,-0.045682,0.356007,0.087261
-0.080192,0.086883,0.36756,0.079362,-0.098115,0.399025,0.276425,0.238359,0.575443,0.07393,-0.310064,-0.089991,0.457401,0.145055
-0.197669,0.074248,0.309325,0.103508,0.123953,0.307877,0.057128,0.267402,0.521818,0.027795,-0.311801,0.138336,0.214613,0.477127
0.230276,0.157194,0.194378,0.058306,-0.218445,0.311745,0.398276,0.25461,0.414319,0.04605,-0.183456,-0.119798,0.397158,0.264165
0.270657,0.049667,0.395106,0.138625,-0.3026,0.222172,0.006473,0.270393,0.655765,0.222244,-0.291056,-0.073371,0.560992,0.143099
0.183059,-0.04462,0.294721,0.156095,-0.215006,0.402925,0.294994,0.052944,0.554083,0.270171,-0.213153,-0.142531,0.5296,0.004415
-0.088774,0.137371,0.265747,0.120867,-0.032538,0.393469,0.200011,0.125909,0.619603,0.122964,-0.258621,-0.007933,0.22804,0.234465
0.204671,0.104206,0.287938,0.131068,-0.296205,0.3386,0.186566,0.087658,0.697998,0.044594,-0.232981,0.08443,0.399656,0.194614
-0.06,-0.205299,0.491486,0.262861,-0.008195,0.352362,0.14805,0.216684,0.404287,0.199468,-0.178459,-0.029678,0.42727,0.231352
0.088825,0.035078,0.313611,0.121746,-0.229908,0.317192,0.149048,-0.096428,0.78282,0.009282,-0.180921,-0.080776,0.466537,0.248251
0.202207,-0.288966,0.392608,0.237219,-0.095201,0.248345,0.287628,0.00892,0.619312,0.151949,-0.197763,0.04661,0.079327,0.45411
0.012001,-0.155861,0.313226,0.342183,-0.054731,0.296225,0.079858,0.055094,0.624443,0.239808,0.003586,0.010189,0.133167,0.433988
0.391918,-0.113615,0.419832,0.035741,-0.349115,0.433269,0.208244,0.138931,0.497065,0.105198,-0.217938,0.07704,0.554894,0.11807
-0.062331,-0.06071,0.442491,0.175158,-0.015657,0.251437,0.178426,0.197948,0.592526,0.029848,-0.204355,-0.118218,0.251604,0.13634
0.063409,-0.090779,0.429812,0.025067,-0.085676,0.488911,0.099279,0.289257,0.538227,0.170451,-0.149699,0.050612,0.40218,0.331788
-0.10617,-0.124114,0.328969,0.273925,0.067842,0.381231,0.161673,0.182621,0.457315,0.215882,-0.255741,-0.000695,0.381415,0.196796
-0.064955,0.070812,0.244354,0.15284,-0.078061,0.476358,0.126007,0.393969,0.331395,0.099607,-0.225055,-0.015475,0.516362,0.201772
-0.040509,0.048569,0.33046,0.077916,0.032038,0.33703,0.02715,0.624099,0.447965,-0.062978,-0.246833,-0.069263,0.346626,0.349997
0.179327,-0.016699,0.314284,0.141725,-0.164349,0.268205,0.308211,0.145426,0.469881,0.154587,-0.170247,-0.080113,0.265435,0.185261
-0.015952,-0.043646,0.412628,0.172575,0.036574,0.287281,0.019333,-0.079702,0.734677,0.154381,-0.042496,0.088995,0.289513,0.405573
0.09412,-0.216834,0.393079,0.168571,-0.130321,0.455146,-0.013704,0.16995,0.640811,0.142784,-0.131948,0.049792,0.373912,0.383687
0.294243,-0.202684,0.401256,0.171244,-0.372798,0.337949,0.252195,-0.002685,0.58217,0.283876,-0.245705,-0.074426,0.505352,0.205485
0.065937,-0.200032,0.306144,0.142249,0.039998,0.472959,0.064876,0.135423,0.660654,0.064684,-0.122748,0.081587,0.227594,0.354757
0.266754,-0.025556,0.299632,0.050225,-0.24188,0.462503,0.002092,0.210153,0.619225,0.13448,-0.189812,0.046625,0.563921,0.106989
0.092834,0.013514,0.248859,0.121971,-0.011405,0.419119,0.191709,0.166913,0.485153,0.186215,-0.042381,-0.220778,0.486646,0.182374
-0.133193,0.047514,0.224666,0.105135,-0.022137,0.350862,0.159256,0.150593,0.530763,0.070651,-0.095737,0.051912,0.269197,0.410084
0.213775,-0.062641,0.354606,0.185185,-0.206218,0.230365,0.14366,0.326346,0.412295,0.090606,-0.205219,-0.048016,0.347361,0.156383
-0.153076,0.164073,0.31454,0.139272,0.046858,0.261553,0.142156,0.153978,0.5172,0.1901,-0.191081,-0.107295,0.260057,0.080432
-0.085809,0.017475,0.430492,-0.029486,-0.002505,0.40417,0.064863,-0.152098,0.782002,0.134909,-0.044424,0.109112,0.435133,0.126136
0.06099,-0.120751,0.323515,0.234945,-0.06328,0.389664,0.240397,-0.050588,0.623647,0.264027,-0.284439,-0.084717,0.397323,0.064637
0.044404,-0.273686,0.512083,0.158349,-0.149149,0.466903,-0.016869,0.029399,0.639415,0.192592,-0.137244,0.118034,0.476769,0.240001
-0.079699,-0.049429,0.351758,0.159167,-0.045115,0.417805,0.264416,0.170054,0.550111,0.086579,-0.226631,0.031083,0.357797,0.343334
0.071383,-0.277032,0.49298,0.057802,-0.077311,0.50446,0.258765,0.196516,0.652369,-0.036886,-0.314772,0.109238,0.341903,0.32928
0.024307,0.153903,0.200316,0.051584,0.020385,0.361628,0.279298,0.050496,0.588336,0.064194,-0.15476,-0.122034,0.28832,0.175199
-0.145768,0.040456,0.304936,0.076612,-0.100013,0.495849,0.122934,0.191415,0.502985,0.146291,-0.223889,0.016306,0.532806,0.192009
-0.057504,0.082891,0.415511,0.074154,-0.075742,0.352359,-0.041566,0.10638,0.732909,0.149932,-0.031036,0.030471,0.391164,0.259838
-0.054727,-0.11661,0.338004,0.133401,0.022988,0.35719,0.205999,0.082242,0.51685,0.219419,-0.188794,-0.075421,0.341144,0.218938
-0.238246,0.008744,0.288886,0.238356,0.038331,0.451446,0.340915,-0.018986,0.620139,0.099473,-0.262624,-0.083616,0.429509,0.140331
0.189326,-0.0841,0.296759,0.106895,-0.118193,0.37743,0.268748,0.242718,0.597423,0.050657,-0.306937,-0.087431,0.315601,0.288727
-0.147755,-0.076747,0.214604,0.310247,0.216032,0.289177,0.259984,0.091103,0.533335,0.06878,-0.272177,0.001041,0.238079,0.237979
0.021414,-0.012235,0.304358,0.272888,-0.134002,0.398156,0.031584,0.207431,0.659224,0.238727,-0.202969,-0.049927,0.507413,0.295516
-0.102383,-0.19518,0.508928,0.173242,0.029076,0.357439,0.28475,-0.135873,0.622333,0.284364,-0.152749,-0.083506,0.271735,0.170276
-0.15596,0.139701,0.205783,0.199304,0.060937,0.398523,0.338557,0.080391,0.472099,0.181315,-0.174819,-0.045998,0.302072,0.335644
0.049001,-0.014365,0.328476,0.187759,0.020471,0.382331,-0.111675,0.572609,0.355138,0.16883,-0.209473,0.012708,0.418011,0.097074
0.133705,0.03712,0.184434,0.179035,-0.174948,0.427884,0.208352,0.174082,0.515782,0.092155,-0.256545,0.130272,0.468636,0.20535
-0.277792,-0.04814,0.376293,0.184009,0.130619,0.312428,0.185502,0.057571,0.58444,0.255491,-0.256478,0.005651,0.316887,0.429983
-0.006911,-0.085165,0.260514,0.141193,0.024291,0.411943,0.132554,-0.02305,0.546312,0.24392,0.010107,0.048455,0.317188,0.351075
0.074668,-0.227048,0.41258,0.306758,-0.186742,0.204177,-0.01518,0.176338,0.62996,0.204722,-0.134254,-0.049707,0.194321,0.452237
0.174453,0.20154,0.253666,0.104909,-0.207077,0.318442,0.398328,0.1979,0.39659,0.139231,-0.244331,-0.204442,0.767649,-0.06238
0.099386,0.127523,0.313642,0.267632,-0.095527,0.185207,0.100782,0.176052,0.656501,0.089621,-0.155915,0.085312,0.097871,0.483509
0.172488,-0.079243,0.387817,0.129183,-0.18945,0.302166,0.189057,0.371699,0.535004,0.004579,-0.286633,-0.053241,0.398894,0.208818
-0.056139,0.130702,0.408674,0.12908,-0.104021,0.297814,0.238521,0.121987,0.701231,-0.018847,-0.217024,-0.054301,0.417354,0.223877
-0.232191,-0.259452,0.563697,0.124472,0.091486,0.369871,0.153921,0.102747,0.661679,0.063891,-0.262928,-0.053478,0.12813,0.481581
-0.162448,-0.260444,0.399554,0.182466,0.144998,0.425955,0.234729,0.076078,0.584812,0.124505,-0.32727,-0.142719,0.25498,0.197405
-0.13976,0.011608,0.357265,0.0876,0.047268,0.407925,0.151596,0.161475,0.600223,0.168319,-0.241101,-0.164582,0.387302,0.176003
-0.102455,0.042184,0.316824,0.100561,-0.046634,0.231544,0.214755,0.230615,0.563728,-0.031257,-0.318014,-0.006425,0.127621,0.426981
0.03941,-0.004231,0.404593,-0.035216,0.006316,0.382594,0.173486,0.015529,0.765789,-0.153098,-0.161638,0.121956,0.333795,0.324278
0.107639,-0.17104,0.369813,0.142645,-0.164688,0.26509,0.228494,0.106148,0.628628,0.075947,-0.295921,-0.167191,0.455792,0.241737
0.222832,0.221068,0.094898,0.2066,-0.342126,0.477697,0.304122,0.171887,0.580582,0.0589,-0.219234,0.097772,0.476797,0.272481
-0.224187,-0.167675,0.482395,0.07885,0.079834,0.471746,0.15729,0.152961,0.605935,0.042128,-0.276291,0.000872,0.31062,0.450608
-0.034562,0.027352,0.357034,0.235925,-0.065643,0.160652,0.311057,0.147574,0.434319,0.253379,-0.224992,-0.191506,0.229229,0.364224
-0.100401,0.026219,0.365544,0.098511,0.048597,0.359066,0.224737,0.192692,0.541524,0.048847,-0.301495,-0.037155,0.260416,0.378745
0.070152,0.050262,0.364202,0.042654,-0.21149,0.311985,0.323997,-0.033844,0.627112,0.143981,-0.130636,-0.003316,0.180882,0.581306
-0.142069,-0.127867,0.473468,0.232159,-0.020494,0.415863,0.116308,0.151806,0.496888,0.072439,-0.128934,-0.052967,0.337045,0.065723
-0.033519,-0.208239,0.204077,0.184468,0.088291,0.541923,0.189546,0.352689,0.356341,0.015928,-0.179247,0.008684,0.329615,0.463596
-0.052464,0.095409,0.179842,0.213055,0.050688,0.335692,0.046389,0.118595,0.608422,0.172154,-0.100181,0.204608,0.185705,0.509026
-0.054254,-0.017416,0.173963,0.048576,-0.043579,0.675429,-0.071243,0.186784,0.714683,0.203812,-0.134197,-0.079979,0.435944,0.35483
-0.077763,-0.352198,0.406033,0.066286,0.036837,0.558526,-0.002021,-0.002554,0.811543,0.140833,-0.163082,-0.009202,0.275673,0.420632
-0.008523,-0.073582,0.372138,0.149922,0.029877,0.431912,-0.062614,0.176552,0.649605,0.184765,-0.24896,0.017973,0.376786,0.114829
0.03167,-0.155644,0.464997,0.137116,-0.072517,0.302295,0.14052,0.051041,0.693067,0.07422,-0.241408,0.003595,0.267781,0.178777
-0.186992,-0.16766,0.414132,0.107713,0.12866,0.406934,0.045418,0.116194,0.591402,0.229014,-0.274355,-0.02355,0.395375,0.166283
-0.066709,-0.053246,0.259195,0.226668,0.075479,0.418493,0.157152,0.136464,0.688467,0.045293,-0.198395,0.045515,0.294471,0.299419
0.036927,-0.163503,0.401435,0.304479,-0.055849,0.34117,0.229241,0.080532,0.354803,0.331788,-0.162623,-0.084083,0.526924,0.111757
-0.290201,0.047855,0.162439,0.198685,0.201135,0.455095,0.099543,0.276921,0.441967,0.135014,-0.15013,0.023517,0.252143,0.43131
-0.118902,0.068331,0.145225,0.167701,0.215968,0.437453,0.233568,-0.009059,0.710975,-0.014495,-0.320325,0.205482,0.328109,0.384575
-0.118392,-0.065521,0.441299,0.110437,0.033063,0.36396,0.21125,0.066783,0.5294,0.183305,-0.142578,0.094558,0.401497,0.160497
0.148568,-0.255131,0.388347,0.300176,-0.232714,0.335847,0.072412,0.030261,0.628776,0.148299,-0.190445,0.063427,0.472717,0.277781
0.018783,-0.061585,0.296906,0.316316,-0.023245,0.252842,0.032478,0.023481,0.796814,0.163166,-0.163871,0.013372,0.319317,0.397594
-0.30181,0.011831,0.417911,0.206236,0.075907,0.358331,-0.150668,0.075664,0.751945,0.160427,-0.11089,0.062142,0.329495,0.117388
0.19983,-0.091595,0.356349,0.207981,-0.210454,0.445296,-0.053196,0.151943,0.723587,0.147414,-0.230591,0.038939,0.590424,0.052457
0.081649,-0.098907,0.365177,0.260578,-0.104557,0.260742,0.027311,0.202557,0.559332,0.264127,-0.08464,-0.005897,0.254334,0.35193
-0.180488,-0.032769,0.49152,0.190599,-0.075538,0.412847,0.054716,-0.045314,0.645875,0.21822,-0.129661,-0.028934,0.505538,0.015738
0.127443,-0.148855,0.317313,0.186629,-0.06908,0.283072,0.162543,0.067253,0.624251,0.033049,-0.191502,0.054995,0.150846,0.473739
0.188627,-0.148584,0.378747,0.247856,-0.136394,0.28552,0.15189,0.222183,0.478954,0.170993,-0.181142,0.016578,0.247147,0.394214
-0.073542,-0.073811,0.098015,0.153364,0.03923,0.550199,0.099121,0.30403,0.372446,0.143273,-0.137489,-0.024347,0.457741,0.300067
-0.107107,0.082167,0.381112,0.028641,-0.104202,0.381361,0.129975,0.203222,0.5911,0.077611,-0.227034,-0.188035,0.440737,0.126659
-0.052792,-0.100251,0.327575,0.048654,-0.076446,0.565267,0.205466,0.153809,0.567363,0.267932,-0.275853,-0.298493,0.459807,0.081743
-0.126306,-0.038322,0.248038,0.16127,0.067072,0.47414,0.23592,0.29839,0.423208,0.153006,-0.259497,-0.076037,0.386173,0.317891
0.053026,-0.121067,0.263439,0.038662,-0.149588,0.49655,0.399058,0.324581,0.502871,-0.046406,-0.299401,-0.087343,0.317923,0.312448
-0.087227,-0.115174,0.406246,0.066437,-0.108802,0.498023,-0.060764,0.379878,0.589313,0.016761,-0.153508,0.01708,0.392862,0.268216
0.105726,-0.178762,0.292957,0.142638,-0.024261,0.330756,0.301319,0.138025,0.610298,0.017829,-0.282759,-0.051064,0.216741,0.421157
0.081554,-0.077188,0.425334,0.175832,-0.119893,0.34307,-0.048208,-0.241948,0.872077,0.135396,0.014998,0.09027,0.403997,0.16774
-0.50625,0.199846,0.284777,0.106143,0.196912,0.550655,0.186354,0.077797,0.727858,0.035951,-0.369477,-0.035879,0.43587,0.322021
0.047415,-0.098107,0.332854,0.119483,-0.125801,0.439751,0.181922,0.139538,0.511289,0.114387,-0.181502,-0.052267,0.429502,0.146251
0.015959,-0.033965,0.256018,0.17241,-0.00819,0.344712,0.068295,0.080122,0.758488,-0.006857,-0.159362,0.118415,0.303472,0.440057
-0.162268,-0.031598,0.349038,0.259954,0.017455,0.452099,-0.130204,0.109657,0.571271,0.216652,0.008442,0.115326,0.563983,0.132956
-0.026505,-0.06518,0.408385,0.076237,-0.059332,0.471823,0.306781,0.418105,0.155535,0.205775,-0.198393,-0.093784,0.439313,0.047962
0.137654,-0.198857,0.337993,0.157925,-0.122549,0.475414,0.083382,-0.164412,0.690196,0.256088,-0.06345,-0.08289,0.473922,-0.015668
-0.011181,0.000375,0.341267,0.241444,0.069352,0.237459,0.138251,0.195623,0.541196,0.154804,-0.241743,-0.010845,0.218476,0.208607
0.036396,0.031391,0.506805,0.039405,-0.264347,0.442718,-0.130307,0.190824,0.616323,0.23133,0.017217,0.036236,0.59858,0.076173
0.212099,-0.085817,0.227969,0.217955,-0.089166,0.293607,0.107632,0.033004,0.76937,0.083784,-0.19933,0.078277,0.304349,0.263511
0.114595,-0.154231,0.514944,0.137391,-0.070275,0.386847,0.038373,0.082344,0.642521,0.137991,-0.086408,0.091719,0.373863,0.238344
-0.172248,-0.230199,0.413049,0.201271,0.140036,0.424977,0.266895,0.284705,0.324869,0.180439,-0.171297,-0.063498,0.266564,0.256741
0.057952,0.034252,0.412608,0.253918,-0.148747,0.163147,0.159443,-0.180522,0.8834,0.224216,-0.221287,-0.09749,0.299944,0.345475
0.226068,-0.212767,0.278767,0.174525,-0.155253,0.371983,0.224815,0.270593,0.342702,0.120244,-0.122602,-0.107932,0.327945,0.212667
-0.155353,-0.204344,0.434368,0.133539,0.155279,0.484204,0.063524,0.41969,0.477652,0.070505,-0.267558,-0.01485,0.258322,0.32305
-0.093256,-0.261962,0.41627,0.371786,0.07177,0.392509,-0.001725,0.024635,0.564327,0.317996,-0.101371,0.137446,0.322835,0.266141
-0.066113,-0.046662,0.291478,0.159069,0.005375,0.575066,0.067978,0.145811,0.411825,0.303477,-0.078161,-0.105236,0.548809,-0.042489
-0.088528,0.034661,0.250225,0.076848,-0.034439,0.555785,0.306231,0.294481,0.508124,0.13205,-0.381423,-0.082853,0.555578,0.104241
-0.037512,0.165493,0.33409,0.028387,-0.162553,0.485981,0.395705,-0.120657,0.663342,0.13612,-0.116019,-0.03862,0.577731,0.076356
0.25069,-0.119597,0.384102,0.064245,-0.244851,0.423738,0.195784,0.313201,0.488843,0.089434,-0.300533,-0.078524,0.539823,0.203811
0.069363,0.019105,0.341315,0.172416,-0.038094,0.216768,0.040864,0.183935,0.569039,0.134074,-0.178448,0.050545,0.325823,0.380419
0.180673,-0.327892,0.336619,0.201398,-0.106031,0.451974,0.028752,0.177505,0.433949,0.249887,0.003794,0.064009,0.281804,0.254856
0.240527,-0.121069,0.293295,0.253538,-0.140576,0.254079,0.12347,0.456255,0.461014,0.001654,-0.316628,-0.008537,0.302861,0.167679
0.226709,-0.106177,0.325487,0.19054,-0.184121,0.255751,0.146167,0.04267,0.65793,0.267743,-0.201944,-0.237582,0.359406,0.201971
0.000631,0.099453,0.203951,0.094315,0.087762,0.392904,0.330407,0.036697,0.513797,0.123446,-0.212231,-0.063917,0.481383,0.078721
-0.234945,0.004626,0.253957,0.156442,0.139615,0.355517,0.214778,0.278332,0.463476,0.139338,-0.213371,-0.010361,0.140028,0.432577
0.001744,-0.236534,0.491737,0.195852,-0.065366,0.306565,0.197262,0.352459,0.385726,0.219199,-0.251177,-0.227941,0.302866,0.193771
-0.096586,-0.065487,0.454227,0.069976,-0.048816,0.353827,0.062456,0.026012,0.690777,0.057963,-0.035784,0.108603,0.227405,0.406136
-0.272747,0.120943,0.329297,0.127225,0.096952,0.38647,0.009434,0.181356,0.615234,0.316874,-0.191422,-0.168284,0.448999,0.135452
-0.230842,0.124169,0.404795,0.109789,0.140819,0.396135,0.041389,0.194699,0.535469,0.157628,-0.205769,-0.034096,0.523726,0.027236
0.231096,-0.261119,0.631126,0.221136,-0.295197,0.281308,0.04213,0.419236,0.346227,0.194786,-0.168452,-0.083545,0.426684,0.050639
0.243046,0.042123,0.171022,0.06966,-0.19872,0.422115,-0.001588,-0.281718,0.917693,0.265211,-0.069236,0.002838,0.405882,0.160598
0.273568,-0.173607,0.412862,0.227029,-0.355435,0.303742,0.173829,-0.27173,0.860347,0.233577,-0.24517,0.045719,0.48562,0.222493
-0.058888,-0.06313,0.357634,0.178361,0.027724,0.417406,0.203039,0.08379,0.654609,0.057026,-0.169486,0.044056,0.405062,0.304081
-0.110495,-0.06767,0.367185,0.003254,-0.034884,0.481154,0.071994,0.202551,0.623062,0.086838,-0.18768,-0.127513,0.555276,0.130273
-0.244597,0.065754,0.344685,0.076511,0.071851,0.48302,0.18715,0.129399,0.455082,0.110588,-0.091264,0.048007,0.262081,0.274398
-0.017515,-0.105095,0.341382,0.196388,0.041425,0.395427,0.118805,0.083284,0.369486,0.381328,-0.066061,-0.055661,0.364401,0.181705
-0.008892,-0.124525,0.38172,0.189064,-0.012864,0.353804,-0.008378,0.272464,0.451087,0.140493,-0.169423,-0.025105,0.344975,0.177874
0.038361,-0.16059,0.471404,0.112725,-0.076831,0.413665,0.014405,0.069647,0.682157,0.110307,-0.171111,0.11703,0.289221,0.320797
0.05634,-0.01549,0.586207,0.106096,-0.131118,0.342923,0.161303,0.355832,0.497679,0.055006,-0.240314,-0.063892,0.534267,0.078768
-0.051427,-0.215467,0.395928,0.205872,-0.05997,0.424187,0.227379,0.023553,0.610665,0.212951,-0.180337,0.012904,0.195186,0.394198
0.087143,0.021781,0.323639,0.191248,-0.105856,0.391414,0.09252,0.274234,0.524919,0.138481,-0.135002,-0.074826,0.466464,0.037167
-0.006806,0.055497,0.275717,0.097922,-0.060895,0.267731,0.335535,-0.072034,0.660261,0.218596,-0.309604,-0.078798,0.234682,0.245344
0.077305,-0.184125,0.350108,0.314306,-0.096984,0.282807,0.251605,0.382326,0.178148,0.164021,-0.280612,-0.074133,0.332687,0.099109
-0.153091,0.047329,0.23693,0.16436,0.138443,0.501179,0.149359,-0.000419,0.669746,0.162011,-0.115938,-0.079572,0.400796,0.170299
0.10289,-0.089984,0.380448,0.167753,-0.026361,0.289936,0.224824,0.1367,0.568661,0.053081,-0.212663,-0.104444,0.544217,-0.014347
0.155049,-0.164136,0.369975,0.323178,-0.054677,0.225325,0.149231,0.353662,0.479557,0.122743,-0.206777,-0.135861,0.377685,0.265089
-0.239701,-0.013802,0.323132,0.31949,0.140697,0.358168,0.255599,0.091748,0.211511,0.392204,-0.14954,-0.114941,0.366788,0.107138
0.288452,-0.106876,0.229563,0.244766,-0.106272,0.291746,0.233835,-0.036386,0.756715,0.112325,-0.349444,0.025599,0.223682,0.361743
0.12461,-0.188268,0.461347,0.154739,-0.16574,0.263385,0.316008,-0.022672,0.621577,0.232598,-0.236556,-0.157087,0.33866,0.174913
0.032852,-0.24678,0.508843,0.16257,-0.056887,0.25904,-0.095048,0.374281,0.532537,0.053206,-0.190224,-0.024073,0.333928,0.227947
-0.013787,0.001036,0.390322,0.199741,-0.081891,0.429034,0.409477,0.337572,0.354453,-0.001948,-0.384452,-0.048586,0.60668,0.281131
0.09917,0.102596,0.402923,0.153571,-0.164142,0.254957,0.019461,0.168101,0.549403,0.14651,-0.11427,0.079165,0.431641,0.154832
-0.180822,0.09136,0.214445,0.221437,-0.048861,0.317813,0.154973,0.201596,0.487476,0.156106,-0.177594,-0.031167,0.280678,0.322728
-0.322269,-0.149137,0.486565,0.161525,0.193596,0.426369,0.062237,-0.04109,0.834725,0.090168,-0.220604,0.136529,0.077765,0.46051
0.0468,-0.157865,0.367713,0.234988,-0.009168,0.43757,0.242263,0.260105,0.518627,-0.009938,-0.36271,-0.057921,0.560216,0.1311
-0.138255,0.07393,0.237047,0.195484,0.006735,0.296852,0.176497,0.105771,0.370504,0.188724,-0.182768,-0.052526,0.319132,0.150046
-0.152741,0.013255,0.399144,0.202755,0.031207,0.307665,0.13079,0.272328,0.538702,0.124072,-0.173555,-0.097524,0.32267,0.234142
0.01654,-0.077008,0.451814,0.032656,-0.007704,0.363419,0.034949,0.307638,0.436972,0.121372,-0.152439,0.115442,0.375134,0.272315
-0.065184,0.038095,0.099752,0.171215,0.053063,0.311914,0.130395,0.116442,0.57681,0.060401,-0.141351,0.080431,0.025714,0.395588
-0.210548,0.034442,0.473326,-0.036688,0.022452,0.356459,-0.088623,0.287889,0.708738,0.059505,-0.161456,0.047977,0.20015,0.262599
-0.138128,-0.104868,0.338462,0.12668,0.086762,0.507914,-0.104411,0.330632,0.547106,0.146892,-0.13851,0.033153,0.394291,0.175332
0.189592,-0.094049,0.358931,0.153993,-0.074397,0.241912,0.179127,0.282043,0.597969,-0.024206,-0.302863,0.05969,0.069749,0.433977
0.099391,0.001406,0.327555,0.128095,-0.01572,0.432325,0.18282,0.131071,0.495191,0.096958,-0.167701,0.0534,0.503671,0.181917
0.099213,-0.06478,0.319077,0.077052,-0.003781,0.456149,0.094514,0.386102,0.306411,0.143705,-0.129159,-0.03346,0.43188,0.24793
0.049601,-0.023091,0.363914,0.079967,-0.167882,0.371568,0.229246,0.079553,0.5199,0.164356,-0.201355,0.084547,0.386687,0.357679
0.31509,-0.161081,0.356336,0.173773,-0.267751,0.302381,0.118247,0.240769,0.344803,0.224497,-0.098588,0.060379,0.251157,0.266413
0.200979,-0.033786,0.236901,0.147157,-0.14309,0.421203,0.272679,0.055471,0.674446,0.039874,-0.230239,0.053309,0.4643,0.33258
0.031722,-0.231247,0.301366,0.204401,0.097689,0.456895,0.283662,0.313997,0.438156,0.180087,-0.2881,-0.167165,0.286657,0.218532
-0.247008,-0.09866,0.33004,0.195451,0.225365,0.470538,0.016899,0.232764,0.517256,0.255816,-0.167153,-0.023689,0.405235,0.301446
-0.160772,-0.167561,0.262971,0.260173,0.234741,0.381455,0.041565,0.21997,0.522999,0.161797,-0.123257,0.031248,0.219352,0.346791
-0.013419,-0.050995,0.179245,0.029843,0.059357,0.592761,0.233568,0.154173,0.491409,0.074961,-0.181586,0.001692,0.461846,0.382585
0.14706,-0.123468,0.416491,0.151698,-0.11693,0.291535,0.104476,0.128945,0.467499,0.108273,-0.154071,0.11398,0.346897,0.143563
-0.163186,-0.008939,0.383019,0.167503,0.014698,0.398133,0.134473,-0.011034,0.653426,0.171316,-0.111417,0.07056,0.287291,0.308625
-0.141872,0.028723,0.419764,0.115702,0.016916,0.321791,0.113997,0.380336,0.384217,0.164977,-0.379026,-0.000957,0.325119,0.235672
0.206726,-0.029876,0.204676,0.241687,-0.131789,0.331672,0.150088,0.196887,0.531416,0.090368,-0.17601,0.003143,0.413717,0.15973
0.26876,0.057812,0.327997,0.086451,-0.32881,0.38301,0.074737,0.098516,0.536296,0.278949,-0.1229,-0.16647,0.482539,0.037758
-0.136306,-0.052907,0.379903,-0.040677,0.068696,0.461685,0.212481,0.067759,0.587728,0.063522,-0.261764,-0.094822,0.482595,0.228109
-0.322986,-0.136201,0.415487,0.221016,0.141611,0.482824,0.072577,0.283952,0.616989,0.051237,-0.292591,0.001254,0.290965,0.289673
0.152846,-0.068403,0.451642,0.037432,-0.12897,0.319997,0.177904,0.297228,0.501782,0.209559,-0.187698,-0.118192,0.426827,0.149337
0.089499,-0.230138,0.418275,0.241617,-0.111575,0.376778,0.260381,0.141079,0.497822,0.067681,-0.150151,0.047801,0.07799,0.411944
0.016578,-0.190578,0.55318,0.1148,-0.091962,0.415277,0.007278,-0.055449,0.776916,0.330301,-0.113109,0.085773,0.431564,0.385642
0.148004,0.074035,0.255311,0.04844,-0.193109,0.286733,0.431272,-0.026981,0.531347,0.186285,-0.227314,-0.01291,0.287562,0.390011
0.021135,-0.136868,0.273914,0.231254,0.085856,0.26958,0.05071,0.164666,0.5814,0.012999,-0.162844,-0.038946,0.248085,0.295149
-0.095277,-0.172338,0.644653,0.149522,-0.098497,0.369413,-0.023793,0.212596,0.614349,0.064735,-0.214567,-0.0551,0.438821,0.098558
0.038199,-0.054773,0.372156,0.205292,-0.027027,0.457996,0.1578,0.252301,0.532211,0.191269,-0.361296,0.066825,0.321978,0.248384
0.302702,-0.074401,0.326731,0.078391,-0.198433,0.335557,0.144843,0.044202,0.689883,0.117733,-0.144051,0.047229,0.343351,0.221246
0.036393,-0.001241,0.207154,0.141974,-0.069591,0.415409,0.23707,0.237287,0.282425,0.100582,-0.2472,-0.075924,0.415502,0.124429
0.162313,-0.225278,0.452191,0.155645,-0.147797,0.383255,-0.22377,0.230001,0.768336,-0.039942,-0.082913,0.211286,0.285234,0.409455
-0.138424,-0.066846,0.407312,0.04524,0.042869,0.46417,0.212144,0.397053,0.339383,0.113051,-0.192805,-0.119042,0.408712,0.148143
0.160191,-0.016328,0.37815,0.214453,-0.127088,0.405459,0.264413,0.063791,0.470747,0.329965,-0.092742,-0.119302,0.589949,-0.040071
-0.231871,-0.001805,0.243694,0.221973,0.042115,0.250472,0.059771,-0.001456,0.67943,0.248119,-0.119021,-0.148465,0.085518,0.29376
-0.056893,-0.04307,0.325437,0.110409,-0.104465,0.458879,0.026148,0.304774,0.563326,-0.029601,-0.252083,0.107758,0.316792,0.442939
0.062311,0.207844,0.376859,0.055459,-0.222859,0.255509,0.043564,0.324862,0.504717,0.074416,-0.235713,-0.060657,0.418494,0.056631
-0.288466,-0.110594,0.427291,0.217312,0.181095,0.360834,0.257581,0.32521,0.363317,0.115673,-0.304976,-0.077055,0.193562,0.103908
-0.13035,-0.082742,0.397843,0.201983,-0.056363,0.495881,0.080744,0.088706,0.554525,0.226663,-0.070243,0.002685,0.367307,0.355508
-0.067847,-0.038553,0.352614,0.142205,-0.03695,0.513401,0.222422,0.103327,0.542052,0.217804,-0.27391,-0.086768,0.612056,0.235517
-0.071236,0.19879,0.162142,0.224617,-0.112948,0.291452,0.407384,-0.303254,0.771122,0.279492,-0.324863,-0.017254,0.285408,0.221809
-0.15683,-0.109594,0.465219,0.187076,0.132387,0.374575,0.255541,0.340183,0.350428,0.124414,-0.179455,-0.020786,0.401841,0.315932
-0.11609,-0.212112,0.338908,0.246327,0.068468,0.430742,0.054599,0.331983,0.467396,0.118748,-0.142033,-0.029064,0.296455,0.163878
-0.199529,-0.165561,0.573743,0.189911,0.191269,0.261608,0.20081,0.171781,0.497232,0.207139,-0.364799,-0.039116,0.460435,0.176203
0.007682,-0.245153,0.480503,0.026128,-0.026055,0.642664,0.193312,0.465245,0.381889,0.060589,-0.261432,-0.166654,0.632433,0.171471
0.021677,-0.045653,0.193714,0.239248,-0.020931,0.407513,0.087616,0.220744,0.343858,0.317391,-0.107017,-0.081136,0.476956,0.139329
-0.113484,0.001358,0.24409,0.202951,0.089374,0.400678,0.242842,0.288378,0.311088,0.148637,-0.128342,0.036261,0.306222,0.395421
0.017201,0.083885,0.216721,0.170691,-0.097725,0.383002,0.242648,0.355936,0.346324,0.134048,-0.216464,-0.038234,0.42066,0.182661
-0.099463,-0.126562,0.543431,0.054401,-0.016798,0.460478,0.220682,0.020821,0.706516,0.228284,-0.29447,0.08608,0.335872,0.414695
-0.125164,-0.0387,0.326201,0.199193,-0.015533,0.407187,0.2567,-0.147216,0.704771,0.166872,-0.143505,-0.089777,0.394517,0.234121
0.222656,-0.097517,0.28087,0.222231,-0.18841,0.252709,0.195845,0.268577,0.462383,0.118316,-0.092113,-0.033658,0.129698,0.446029
-0.046554,0.081548,0.393494,0.126264,-0.155049,0.288172,-0.077884,0.405024,0.480197,0.026057,-0.015414,0.075658,0.284447,0.2678
-0.022887,-0.096297,0.368077,0.250418,-0.113752,0.358374,0.345688,0.285742,0.478017,0.077648,-0.337059,-0.077049,0.292705,0.291326
-0.288278,0.167764,0.219291,0.035918,0.010327,0.508239,0.203442,0.121198,0.502275,0.103752,-0.18802,-0.051046,0.39578,0.242693
0.151988,0.120629,0.274846,0.112555,-0.080633,0.346937,-0.021067,0.210958,0.656619,0.120387,-0.078517,0.025819,0.27151,0.279005
-0.319695,-0.111355,0.462955,0.187969,0.093941,0.338865,0.048417,0.158327,0.685593,0.225586,-0.213412,0.053485,0.331818,0.31882
0.091059,-0.097115,0.350496,0.245645,-0.166215,0.41314,0.180912,0.175285,0.566825,0.22494,-0.222536,0.036618,0.384674,0.411746
0.095642,-0.158879,0.391982,0.178788,-0.159032,0.258342,0.083398,0.08447,0.665198,0.085586,-0.233892,-0.010437,0.360593,0.221913
-0.055729,0.083281,0.078201,0.130637,0.076045,0.479682,0.494457,0.052887,0.498193,0.107973,-0.204708,-0.058898,0.376732,0.233758
0.016003,0.041344,0.154362,0.015273,0.103943,0.420863,0.155873,0.306911,0.407878,0.085361,-0.164423,0.218272,0.253044,0.413409
0.046758,-0.034028,0.300713,0.187002,-0.06448,0.32325,0.196297,0.173076,0.491168,0.207611,-0.301509,-0.034954,0.357015,0.184506
0.13011,0.118302,0.24329,0.057891,-0.061792,0.383373,0.175982,0.221697,0.433787,0.1285,-0.101509,-0.043585,0.453759,0.130117
0.036666,-0.038071,0.435195,0.171818,-0.127997,0.436851,0.047294,0.098548,0.54667,0.19009,-0.078308,0.007662,0.539138,0.198192
0.074048,0.066372,0.189972,0.188485,-0.165443,0.384038,0.10058,0.192026,0.539799,0.165224,-0.189278,-0.198865,0.505752,-0.068941
-0.053722,-0.084666,0.406882,0.259974,-0.044346,0.27678,0.047202,0.058344,0.597958,0.132682,-0.068636,0.27775,0.020375,0.670218
0.177126,-0.083653,0.245767,0.168307,-0.044938,0.313113,0.133765,0.264537,0.610944,-0.052577,-0.179808,0.019081,0.310726,0.30759
-0.117095,-0.1597,0.639636,0.217108,-0.069246,0.272924,-0.019637,-0.05937,0.815384,0.107972,-0.079343,-0.009311,0.409025,0.174779
0.037418,-0.131946,0.435997,0.137571,-0.110031,0.375948,0.176524,0.352343,0.377909,0.181954,-0.222093,-0.037862,0.424879,0.112384
0.377587,0.037403,0.162464,0.248567,-0.160086,0.15186,0.271113,0.156924,0.588696,0.083652,-0.204273,0.008064,0.278095,0.346453
-0.032605,-0.161461,0.438163,0.122568,-0.015016,0.42069,-0.005648,0.046944,0.681005,0.106586,-0.052157,-0.019896,0.401031,0.200901
0.096508,-0.036395,0.173321,0.087676,-0.128178,0.405293,0.132227,0.23449,0.546017,0.030691,-0.266521,-0.05631,0.367467,0.266959
-0.055774,0.101031,0.289247,0.189665,0.008697,0.314866,0.070437,0.189008,0.749619,0.058213,-0.247873,0.114883,0.307667,0.279243
0.082336,-0.091807,0.381173,0.167951,-0.07268,0.35437,0.147228,0.21345,0.519405,0.122875,-0.245114,-0.061289,0.491665,0.012765
-0.096325,-0.019135,0.33888,0.070896,0.013669,0.515298,-0.002838,0.142962,0.657658,0.145531,-0.165658,0.128064,0.453612,0.370948
-0.056726,-0.035224,0.243257,0.211091,0.055291,0.392657,0.11699,0.054064,0.681929,-0.03053,-0.151973,0.083538,0.372018,0.292253
-0.268816,-0.106346,0.684469,0.000185,-0.007263,0.276077,0.039302,0.198251,0.558163,0.123688,-0.215046,0.050828,0.295869,0.403219
-0.079325,-0.079937,0.442409,0.087433,-0.025772,0.368008,0.04076,0.294672,0.46824,0.120979,-0.188959,-0.008973,0.273621,0.353655
0.006638,0.053048,0.172329,0.261588,-0.031213,0.290085,0.27951,0.1217,0.558344,0.138456,-0.268177,0.072757,0.263715,0.436294
0.133472,-0.255276,0.230105,0.233762,-0.063692,0.496674,0.302304,0.107867,0.327279,0.206331,-0.11915,-0.042337,0.395518,0.198891
-0.162823,-0.193889,0.70922,0.179665,-0.114096,0.307136,-0.038705,-0.355088,1.021751,0.250595,-0.185594,-0.000783,0.422766,0.152951
0.105624,0.037127,0.298696,0.263595,-0.221113,0.338311,0.157143,-0.032742,0.782894,0.142439,-0.215186,0.115936,0.3199,0.248537
0.044613,0.06464,0.471646,-0.006849,-0.155815,0.394818,0.189396,0.0502,0.819624,-0.034308,-0.245014,0.09459,0.48179,0.246024
-0.166935,0.113807,0.317927,0.126705,0.08898,0.352106,0.443131,0.110967,0.484061,0.209956,-0.273098,-0.174116,0.36536,0.189675
-0.017927,-0.018444,0.132512,0.253667,0.063461,0.467623,0.129932,0.255149,0.508316,0.104774,-0.198045,0.000274,0.360525,0.325793
-0.205206,0.01034,0.366036,0.159432,-0.08118,0.3717,0.041331,0.166284,0.602663,0.139061,-0.248697,-0.078963,0.424131,0.282544
-0.222742,0.010745,0.263885,0.153522,0.048393,0.572601,-0.080217,-0.038464,0.84796,0.186907,-0.060628,0.054297,0.436333,0.30696
0.188102,0.022379,0.294691,0.05751,-0.144678,0.342352,0.047265,0.216407,0.38572,0.205549,-0.204729,-0.051371,0.520526,0.0626
0.136063,-0.065436,0.336327,0.117554,-0.125523,0.373478,0.149191,0.126694,0.648374,0.106852,-0.243736,-0.044442,0.453357,0.16845
-0.221715,0.125537,0.303182,0.080619,0.084978,0.256181,0.092069,0.145453,0.594228,0.132654,-0.111671,0.067489,0.13522,0.449379
0.107648,-0.033782,0.393466,0.168213,-0.215991,0.254584,0.185172,0.021339,0.70758,0.205123,-0.220848,0.088876,0.210556,0.259408
0.207362,-0.099945,0.420797,0.138335,-0.16974,0.291926,0.135077,0.188283,0.549391,0.13799,-0.177034,0.10547,0.403653,0.154703
0.020635,0.01453,0.404357,0.116843,-0.23169,0.476097,0.075902,-0.005216,0.729774,0.210236,-0.197937,-0.008314,0.517877,0.19117
-0.052898,-0.09003,0.180672,0.051059,0.110347,0.524093,0.249052,-0.01385,0.640496,0.141609,-0.164882,0.014097,0.226027,0.322984
0.12139,-0.014365,0.380302,0.178317,-0.145443,0.279974,0.076772,-0.107184,0.916721,0.098847,-0.145121,-0.020677,0.412665,0.242437
0.096984,-0.050968,0.397586,0.113147,-0.161927,0.412936,0.229255,0.11474,0.539146,0.178914,-0.201301,-0.042383,0.49172,0.15358
0.243864,-0.108024,0.147083,0.139613,-0.056467,0.408051,0.188539,0.252961,0.505012,-0.033425,-0.173685,0.086386,0.267201,0.502519
-0.071569,-0.11999,0.437886,0.17942,-0.034276,0.467222,0.111714,-0.026648,0.716125,0.088763,-0.150271,0.007334,0.454832,0.03271
0.058297,0.034005,0.193296,0.082823,-0.11852,0.469801,0.151815,0.185919,0.580944,0.125188,-0.222758,-0.050088,0.482935,0.184532
-0.065362,-0.238301,0.285528,0.224035,-0.003383,0.46513,0.252029,0.12923,0.430014,0.118116,-0.137117,-0.060712,0.399263,0.312405
-0.16615,-0.01713,0.230861,0.068421,0.171528,0.522247,0.070878,0.124433,0.544449,0.279424,-0.064535,0.0037,0.27232,0.346553
-0.07065,-0.067338,0.397764,0.199732,-0.001011,0.360263,0.049088,0.064312,0.759052,0.236176,-0.345814,0.062938,0.442793,0.375675
0.423294,0.023402,0.420632,0.174648,-0.338795,0.238093,0.153616,0.090724,0.532878,0.248912,-0.06754,-0.098614,0.725085,-0.086733
0.180301,-0.240158,0.28258,0.19764,-0.145993,0.502922,0.094384,0.220364,0.580656,0.044598,-0.195917,-0.003428,0.400687,0.2658
-0.393339,0.12459,0.214196,0.12907,0.243865,0.530155,0.047985,0.020757,0.68639,0.173811,-0.174166,0.057781,0.331608,0.424046
-0.118714,0.092258,0.251709,0.178168,-0.025319,0.394241,0.278897,-0.108403,0.60903,0.22499,-0.168887,-0.076576,0.378431,0.09053
-0.120447,-0.050217,0.403995,0.088782,0.019103,0.4218,0.333796,0.170189,0.516239,0.096333,-0.243389,-0.065988,0.563209,0.252808
-0.319844,-0.118011,0.48416,0.179245,0.16614,0.346363,0.179868,0.007049,0.619981,0.25599,-0.10995,0.053032,0.174769,0.350265
-0.28137,0.02039,0.433956,0.18021,0.16735,0.260517,0.028807,0.185072,0.583554,0.156996,-0.240357,-0.008483,0.099826,0.321068
0.169665,-0.013847,0.375082,0.145848,-0.182698,0.400534,0.092848,0.167806,0.587247,0.014371,-0.179544,0.119939,0.30442,0.26546
-0.267579,0.036399,0.34115,0.160748,0.21125,0.392361,0.162584,0.052645,0.632154,0.116513,-0.155764,0.068149,0.183315,0.557236
0.13442,-0.078959,0.323129,0.280099,-0.162927,0.173013,-0.054884,0.198127,0.772183,0.096015,-0.160754,0.047303,0.171547,0.329791
0.004976,-0.069103,0.275287,0.067329,0.078734,0.369753,0.191253,0.122704,0.597671,0.215658,-0.261426,0.054617,0.321744,0.324023
0.110079,-0.155617,0.562897,0.148915,-0.138728,0.349966,0.195641,0.019682,0.571745,0.272752,-0.256169,-0.072984,0.553574,-0.019954
0.048195,0.085485,0.14095,0.18006,-0.014627,0.302221,0.267439,0.133729,0.643406,0.095957,-0.371896,0.041402,0.140034,0.374186
0.070683,-0.042077,0.504315,0.232491,-0.105371,0.148022,-0.00853,0.303295,0.564671,0.133256,-0.260997,-0.014924,0.375332,0.242458
-0.054124,-0.06438,0.387578,0.059771,0.014488,0.43426,0.134808,0.092406,0.70933,0.117879,-0.231892,0.107629,0.313542,0.432702
-0.167835,0.05819,0.23351,0.112576,0.108569,0.514143,0.142434,0.289663,0.3873,0.167528,-0.266882,0.050886,0.492423,0.328354
-0.174359,-0.011337,0.26093,0.11925,0.049544,0.399253,0.304772,0.279214,0.476124,-0.01754,-0.250222,-0.037967,0.27809,0.340368
-0.302985,-0.323204,0.611645,0.039666,0.018039,0.576857,0.272118,0.390888,0.272064,0.062447,-0.257581,-0.13243,0.338207,0.295227
-0.077075,-0.306671,0.526155,0.093304,0.160748,0.401127,0.344346,0.31975,0.419705,0.07077,-0.240651,-0.042413,0.359818,0.448233
-0.019134,0.155571,0.245439,0.100288,-0.060026,0.392907,0.213722,0.035801,0.488812,0.209277,-0.083838,-0.057114,0.328062,0.201732
0.049147,-0.135068,0.220258,0.149312,0.006832,0.472255,0.038029,0.307649,0.424971,0.021039,-0.036143,0.221452,0.209389,0.497907
0.248867,-0.074,0.257077,0.197716,-0.138196,0.352062,0.116892,0.159179,0.396257,0.334669,-0.087916,-0.054266,0.431147,0.037093
0.192434,-0.209009,0.367199,0.14968,-0.139981,0.400393,0.053652,0.217259,0.650753,0.016047,-0.23189,0.127484,0.199475,0.46356
-0.282959,0.078332,0.401387,0.090744,0.048264,0.329908,0.192514,0.284674,0.451333,0.185301,-0.231633,-0.068073,0.316378,0.441419
-0.316548,-0.102621,0.501664,0.166067,0.197153,0.398919,0.10877,0.023704,0.705572,0.229692,-0.249569,0.108561,0.200845,0.35325
0.440059,-0.138809,0.322058,0.015868,-0.175838,0.283026,0.375919,0.299929,0.336372,0.040438,-0.264047,-0.049844,0.44171,0.220026
-0.211479,0.177063,0.073778,0.159278,0.161762,0.444441,0.206056,0.129893,0.515499,0.160593,-0.100772,-0.063899,0.268338,0.343532
0.119344,-0.066595,0.157488,0.058354,0.022724,0.52746,0.058071,0.147378,0.637294,0.069976,-0.186259,0.06551,0.26388,0.487577
0.038298,-0.132631,0.305912,-0.071355,0.066885,0.513674,0.143453,0.369991,0.495212,0.046537,-0.223608,0.114119,0.316867,0.598218
0.075107,0.005129,0.192935,0.163671,-0.149372,0.415986,0.03515,0.116248,0.542343,0.099854,-0.128716,0.047798,0.391981,0.282264
0.08125,-0.286351,0.497128,0.128228,-0.127252,0.473501,-0.057443,0.1694,0.603411,-0.013248,-0.103433,0.166235,0.31897,0.46165
-0.003552,-0.232423,0.407104,0.203837,-0.002535,0.522175,0.127002,-0.176387,0.742384,0.163081,-0.214161,0.233801,0.464481,0.310635
-0.101112,-0.113484,0.258367,0.068866,0.001559,0.62577,0.22999,0.307459,0.419714,0.102724,-0.223156,-0.17315,0.603145,0.132479
-0.145134,-0.093676,0.279426,0.255825,0.050905,0.438195,0.086304,0.21151,0.482837,0.211988,-0.285608,-0.023758,0.340247,0.182781
-0.033781,-0.318023,0.423036,0.252148,-0.011027,0.363695,0.098897,0.03414,0.614609,0.293115,-0.175464,-0.060504,0.337856,0.165959
0.435026,-0.121384,0.241049,0.213584,-0.369814,0.342961,-0.020523,0.308514,0.47608,0.050362,-0.144946,0.169852,0.265446,0.365773
-0.315639,-0.096201,0.494327,0.206663,0.100432,0.322653,-0.131976,0.42817,0.550328,0.208861,-0.309181,-0.012275,0.221826,0.234467
0.042955,-0.210835,0.505518,0.270297,-0.106807,0.387344,0.129711,0.188658,0.529129,0.234926,-0.302783,-0.090277,0.431763,0.229457
0.150803,-0.041241,0.268381,0.175137,-0.080263,0.27779,0.159617,0.113177,0.687361,0.061302,-0.258777,-0.049236,0.369994,0.234283
0.045675,0.072129,0.35367,0.0278,-0.1909,0.366288,0.202537,0.180776,0.48203,0.182265,-0.108056,-0.086488,0.348102,0.179479
0.166146,-0.095201,0.295716,0.164849,-0.123322,0.435113,-0.004846,0.409526,0.576567,0.080559,-0.202111,-0.004132,0.394819,0.266788
-0.104023,0.048742,0.32644,0.076837,-0.066552,0.415397,0.277406,0.142297,0.450996,0.133973,-0.122703,0.075057,0.259549,0.505213
-0.167466,0.109564,0.312759,0.175551,-0.075583,0.37815,0.214228,-0.11071,0.773011,0.051313,-0.114313,0.0862,0.320696,0.319379
-0.153423,0.204978,0.221046,0.137056,0.054749,0.385961,0.269424,0.325324,0.43012,0.101827,-0.333489,0.008999,0.281947,0.346109
0.102765,0.003148,0.47785,0.101766,-0.122505,0.150762,0.150128,0.15859,0.607975,0.127042,-0.242169,-0.155382,0.349722,0.228286
-0.049553,-0.165379,0.473384,0.196369,-0.03568,0.478899,-0.114177,0.112101,0.727971,0.129313,-0.060047,0.165455,0.452991,0.404564
0.087079,-0.025284,0.331907,0.179201,-0.059624,0.440998,0.204392,-0.131293,0.789329,0.002904,-0.145998,0.066859,0.558461,-0.003204
0.093234,-0.130036,0.233903,0.227233,-0.084253,0.456873,-0.141738,0.307305,0.47876,0.219304,-0.202327,0.168911,0.32509,0.327302
-0.090135,-0.26791,0.62774,0.152687,-0.099965,0.408812,-0.122699,0.009564,0.702273,0.323096,-0.033551,0.06313,0.298203,0.144141
-0.231268,-0.178967,0.55779,0.113846,0.12756,0.319622,0.41065,0.356117,0.461995,0.096107,-0.539162,-0.150961,0.300742,0.311103
-0.171562,-0.071255,0.299088,0.158226,0.079963,0.540304,0.105541,0.054111,0.679484,0.258575,-0.229302,0.002554,0.326861,0.299156
-0.100356,-0.259658,0.495321,0.223451,-0.002025,0.512974,0.117571,0.110203,0.689554,0.145112,-0.216149,0.06203,0.378387,0.334206
0.105337,0.099981,0.257428,0.098501,-0.14355,0.319868,0.214069,0.173425,0.455006,0.129131,-0.128514,0.016296,0.359116,0.111371
-0.057238,-0.013358,0.295574,0.109618,-0.006726,0.465587,0.423736,-0.041183,0.448514,0.252205,-0.303353,0.006377,0.389634,0.327444
-0.174232,-0.020137,0.285903,0.016419,0.111836,0.409909,0.184772,0.274159,0.416762,0.146902,-0.188939,-0.08067,0.184073,0.304075
0.026325,-0.206476,0.469187,0.100606,-0.139359,0.350841,0.108752,0.021653,0.518863,0.169405,-0.189196,-0.026324,0.509311,0.100291
0.076571,-0.112584,0.289661,0.199831,-0.021835,0.324767,0.340952,0.014061,0.578581,0.11749,-0.373861,0.058759,0.184326,0.431124
0.260664,-0.059582,0.388727,0.08479,-0.078562,0.295205,0.205213,0.129946,0.656417,0.126664,-0.261515,-0.042733,0.362637,-0.012641
0.136197,-0.030666,0.480646,0.13088,-0.119141,0.348889,0.128069,0.114771,0.626669,0.096072,-0.121247,0.185494,0.390012,0.36203
0.143051,-0.049795,0.208882,0.172674,-0.055331,0.438255,0.139821,0.180452,0.551379,0.183193,-0.289186,0.044676,0.399159,0.27344
-0.03092,-0.077195,0.381243,0.118181,-0.003443,0.38523,0.155237,0.14729,0.604587,-0.005939,-0.222773,0.003872,0.385269,0.226053
0.012823,0.085439,0.263157,0.205426,0.118783,0.282047,0.167567,0.016984,0.599364,0.249677,-0.210081,-0.02446,0.341884,0.208305
0.001687,-0.092837,0.070591,0.10224,0.131726,0.412877,0.284015,0.145459,0.565688,0.10026,-0.2967,0.00338,0.269651,0.217865
-0.170656,0.121855,0.221956,0.301587,0.077477,0.358307,0.012097,0.159314,0.651222,0.069474,-0.106306,0.135129,0.156612,0.317563
0.144696,-0.152955,0.497626,0.04279,-0.2415,0.465666,0.076056,0.080246,0.594349,0.194161,-0.156663,0.112903,0.528345,0.186356
-0.071476,0.124978,0.378065,0.15909,-0.017156,0.33868,0.204184,0.214164,0.485148,0.128459,-0.182773,-0.061771,0.467307,0.172881
-0.139384,-0.000625,0.450794,0.060414,0.065816,0.318771,0.340082,0.081439,0.521437,0.178933,-0.264603,0.042266,0.202337,0.333311
-0.062434,0.032185,0.437747,0.121515,-0.02093,0.34023,0.033304,0.333917,0.552183,0.068385,-0.133463,0.015135,0.271459,0.382809
-0.268221,0.113488,0.381805,0.012193,-0.012965,0.558002,0.146985,0.087521,0.610172,0.061236,-0.222386,0.091926,0.514565,0.256969
-0.232153,-0.179785,0.728344,0.176096,-0.078826,0.314697,0.239389,-0.137823,0.896162,0.067118,-0.307087,0.118154,0.145468,0.390107
-0.172064,0.082951,0.349053,0.196608,0.006376,0.312192,0.087961,0.117323,0.623722,0.147647,-0.16139,0.006177,0.333524,0.430647
-0.027731,-0.099643,0.373239,0.124147,-0.001728,0.484433,0.139984,0.077469,0.497158,0.127305,-0.058079,0.047919,0.591701,0.056345
-0.001129,-0.125547,0.261238,0.071843,-0.070056,0.523995,0.192481,0.161317,0.459568,0.196179,-0.133447,-0.167836,0.54398,0.20191
-0.059315,-0.169093,0.546486,0.197655,-0.016364,0.261083,-0.051342,0.204903,0.581737,0.177079,-0.070238,0.063126,0.188668,0.257909
0.004408,0.012463,0.407591,0.193305,-0.045457,0.243482,0.016959,0.352286,0.450728,0.065538,-0.205281,-0.078543,0.286236,0.151624
-0.015061,0.016934,0.387854,0.070659,-0.169648,0.507084,0.194048,0.187643,0.615779,0.180363,-0.291386,0.138355,0.375229,0.397914
-0.111075,0.106753,0.184682,0.155549,-0.041449,0.45577,0.073963,-0.016768,0.679531,0.221048,-0.078798,-0.03563,0.412258,0.23724
-0.471637,0.147698,0.327926,0.215278,0.104055,0.468416,0.026304,0.416454,0.449129,0.160311,-0.276643,-0.116249,0.261069,0.16439
0.262282,-0.094161,0.218483,-0.010218,-0.019291,0.443031,-0.094138,0.146012,0.804584,0.070485,-0.104085,0.068264,0.438791,0.364455
0.016933,-0.309381,0.432664,0.108458,0.066696,0.429172,0.064588,0.346422,0.491705,-0.050049,-0.189213,-0.075264,0.290571,0.178057
-0.063347,-0.087854,0.309812,0.032462,-0.044322,0.543117,0.309421,0.194974,0.271983,0.163837,-0.146044,-0.002009,0.484446,0.27669
0.055661,-0.11208,0.287967,0.282341,-0.001118,0.46121,0.158965,0.148762,0.532202,0.110335,-0.185234,-0.117323,0.623028,0.063091
0.017857,-0.046132,0.174403,0.219271,0.014821,0.393416,0.079937,0.273915,0.463171,0.174721,-0.139553,-0.039339,0.360981,0.25096
0.151315,-0.079577,0.361669,0.160761,-0.175768,0.292472,0.144651,0.370991,0.412898,0.169971,-0.178751,-0.069073,0.413718,0.121583
-0.235905,0.0895,0.299767,0.149657,0.166181,0.345818,-0.077414,0.094911,0.696296,0.230294,-0.042656,0.201491,0.08159,0.49808
-0.149411,-0.299696,0.659159,0.083481,-0.015617,0.340418,0.146884,-0.154803,0.877998,0.032349,-0.207558,-0.00206,0.278968,0.160025
0.104454,-0.012069,0.23938,0.160943,-0.075658,0.392396,0.124646,-0.020036,0.788152,0.112582,-0.149893,-0.045194,0.56899,0.257467
-0.338868,-0.082856,0.617505,0.177566,0.102066,0.507268,0.02143,-0.14252,0.778701,0.342172,-0.206048,0.07826,0.49982,0.189976
-0.229028,-0.027262,0.482594,0.100541,0.107893,0.321934,0.179619,0.356323,0.40668,0.118821,-0.201882,-0.064385,0.289545,0.258789
-0.078722,-0.046552,0.374821,0.206562,0.036244,0.56324,0.262663,-0.038314,0.651975,0.147989,-0.210592,0.054306,0.530376,0.20664
0.208367,0.065841,0.416599,0.119684,-0.264121,0.197796,0.217505,0.269175,0.374578,0.097638,-0.145342,-0.095319,0.474188,0.127231
-0.007236,-0.177484,0.42016,0.242802,-0.106257,0.384888,-0.016894,-0.190525,0.724592,0.271125,0.025778,0.019449,0.433939,0.163237
0.189063,-0.103138,0.358762,0.197298,-0.184972,0.367727,0.056828,0.047717,0.73914,0.199246,-0.126415,0.053409,0.351602,0.217255
0.092261,0.039321,0.249799,0.075944,-0.171426,0.322398,0.354872,0.148413,0.442597,0.007606,-0.418593,-0.103348,0.386919,0.362282
-0.281632,0.017108,0.422246,0.220843,0.19234,0.303493,0.010404,0.074557,0.644845,0.206225,-0.119611,-0.008634,0.329676,0.204128
-0.020128,0.039137,0.31944,0.061315,0.077971,0.461557,0.107583,0.261919,0.557561,0.187886,-0.151363,0.058755,0.435544,0.359586
0.093614,0.042249,0.323572,0.154123,-0.077473,0.231387,0.176539,0.166483,0.607537,0.179127,-0.207439,-0.076698,0.193356,0.387934
-0.059787,-0.086225,0.505229,0.187183,-0.030092,0.291675,0.077735,0.175985,0.670061,0.051154,-0.189046,0.064466,0.331034,0.408695
-0.006791,0.057593,0.289913,0.053806,-0.009602,0.325933,0.094025,0.198605,0.408512,0.286891,-0.086825,-0.047447,0.518715,0.191878
-0.063032,-0.056271,0.425573,0.121112,-0.060341,0.485084,0.222145,0.121041,0.586375,0.212651,-0.181455,-0.020979,0.471081,0.167999
0.03772,-0.103533,0.468345,0.209493,-0.037148,0.304089,0.197298,0.207804,0.476368,0.087376,-0.104491,0.009514,0.419279,0.254052
-0.171133,0.014219,0.252233,0.1466,0.206384,0.372446,0.190724,0.179265,0.550916,-0.015589,-0.270684,0.014933,0.26826,0.283484
0.006303,0.037149,0.282239,0.106959,-0.054329,0.408122,0.207885,-0.004764,0.669868,0.089244,-0.209171,-0.072425,0.545167,0.146903
0.055037,0.016392,0.575994,0.156721,-0.179518,0.288487,-0.089313,0.201765,0.721141,0.166675,-0.189991,-0.034576,0.769291,-0.034343
0.050924,0.072792,0.164642,0.1425,-0.219867,0.488616,0.313772,0.12068,0.634651,0.117074,-0.319381,-0.149879,0.544711,0.106417
-0.243184,0.011374,0.440501,0.225215,0.077336,0.347466,-0.085516,0.268486,0.558888,0.146423,-0.120127,0.086207,0.348759,0.367878
-0.108325,0.057938,0.318757,0.123543,0.026054,0.311146,-0.04292,0.226469,0.613739,0.238058,-0.256745,0.013595,0.146958,0.251916
0.153816,-0.049573,0.311617,0.269209,-0.007584,0.254614,0.243822,0.218292,0.503646,0.104964,-0.120043,-0.020937,0.387995,0.237304
0.265171,-0.017621,0.46197,0.128572,-0.274736,0.399527,0.427107,-0.075416,0.638382,0.199843,-0.339824,-0.161763,0.765494,-0.21837
-0.008563,-0.018062,0.37298,0.129212,0.048818,0.294142,0.155375,0.304647,0.475144,0.040245,-0.239469,0.066571,0.238757,0.394986
-0.102712,0.010062,0.250791,0.219328,0.020855,0.279773,0.044282,0.070126,0.732549,0.059439,-0.219535,0.136411,0.116715,0.477595
-0.275319,0.170191,0.310889,0.070471,0.240062,0.402175,-0.019772,0.243253,0.567293,0.089888,-0.183117,0.148557,0.339994,0.339423
-0.240788,0.074665,0.240382,0.099013,0.167476,0.463238,0.291175,0.329982,0.419248,0.099689,-0.220847,-0.203305,0.333221,0.358482
0.198094,-0.146346,0.361406,0.131068,-0.15873,0.359402,0.17385,0.186894,0.607968,-0.047269,-0.198189,0.099105,0.28955,0.392943
0.11067,-0.13622,0.400932,0.149774,-0.109952,0.36899,0.406655,0.451608,0.214649,0.118061,-0.386658,-0.189936,0.526927,-0.037297
-0.168177,-0.024464,0.351313,0.286504,-0.061404,0.482622,0.002461,0.273787,0.431363,0.098762,-0.099254,0.119295,0.485662,0.217568
0.085611,0.086561,0.290517,0.155587,-0.149703,0.257919,0.119224,0.099796,0.747564,-0.036891,-0.143076,-0.021641,0.291381,0.316664
-0.08609,-0.207223,0.265388,0.057364,0.145983,0.711074,0.215398,0.056854,0.537185,0.141965,-0.001044,0.105609,0.512158,0.288622
-0.022847,0.077113,0.116291,0.183068,0.12125,0.366939,0.143003,0.11621,0.648787,0.140592,-0.226954,-0.066935,0.307157,0.428328
0.15438,0.213334,0.295017,0.17121,-0.321448,0.250054,0.466875,-0.01362,0.622362,0.122264,-0.348594,-0.07669,0.439982,0.17439
0.134001,-0.029495,0.344536,0.079731,-0.096934,0.276973,0.171787,0.256946,0.489277,0.052721,-0.164991,-0.024252,0.228531,0.345366
-0.083925,-0.044114,0.33852,0.031,0.058812,0.467511,0.108599,0.265671,0.492785,0.161946,-0.17191,-0.069956,0.501217,0.214709
-0.196069,0.004049,0.323603,0.013389,0.001387,0.523245,0.024369,0.375242,0.523724,0.139254,-0.305452,-0.018959,0.32057,0.284011
-0.002566,-0.003332,0.388722,0.15498,-0.122087,0.419771,0.217801,-0.047346,0.619484,0.121568,-0.184592,0.15599,0.475361,0.258918
-0.220022,0.006403,0.452948,0.188635,0.050938,0.367735,0.124699,0.077414,0.650521,0.286479,-0.167372,-0.046021,0.405752,0.334351
-0.190822,-0.091099,0.502359,-0.019497,0.144901,0.434393,0.319358,-0.027292,0.632225,0.083964,-0.307634,0.065416,0.212391,0.356556
0.034268,-0.115583,0.246235,0.108443,-0.04231,0.539869,0.223158,0.121799,0.531371,0.22515,-0.223307,-0.146307,0.451508,0.131348
0.00238,-0.195577,0.373569,0.252219,0.09256,0.338793,-0.164077,0.21745,0.784751,0.10121,-0.258651,0.103178,0.128755,0.458659
-0.072342,-0.035978,0.287429,0.241064,0.063299,0.303153,0.131467,0.193154,0.634501,0.099696,-0.21634,0.054974,0.136146,0.395046
0.111314,-0.12872,0.239427,0.166862,-0.074224,0.4602,0.075156,-0.034729,0.679547,0.050034,-0.083316,0.179711,0.313819,0.332909
0.116759,-0.032896,0.425655,0.169338,-0.140985,0.268352,0.151133,0.215814,0.533046,0.295554,-0.160993,-0.080876,0.361272,0.132349
-0.019694,0.050559,0.27547,0.198111,-0.15487,0.373873,-0.029375,0.122933,0.63292,0.158632,-0.119793,-0.012148,0.4186,0.160353
-0.066567,-0.060789,0.394779,0.162332,0.038447,0.368798,0.200613,0.207274,0.472903,0.178461,-0.126056,-0.08661,0.261119,0.167592
-0.001163,0.116591,0.316507,0.115939,-0.062495,0.366527,0.168798,-0.085671,0.81798,-0.043787,-0.127869,-0.06092,0.507568,-0.013176
-0.33958,0.045135,0.492521,0.071695,0.158775,0.464681,0.111383,0.279346,0.481523,0.110592,-0.214703,0.021051,0.336884,0.305071
-0.073849,-0.155639,0.414233,0.117207,-0.058374,0.460753,0.224142,0.21053,0.476876,0.195484,-0.288761,-0.160141,0.411918,0.172019
0.076162,0.033928,0.388601,0.065642,-0.049068,0.361602,0.548392,-0.165453,0.416928,0.330104,-0.240709,-0.018799,0.48629,0.105147
-0.113135,-0.081112,0.429265,0.081572,-0.016821,0.42535,0.018411,0.134091,0.677907,0.22337,-0.136301,-0.032826,0.425353,0.218421
-0.294068,-0.114372,0.399409,0.24932,0.050174,0.48702,0.097655,0.216291,0.537782,0.188413,-0.20786,-0.043469,0.357538,0.343802
-0.159389,-0.121356,0.327334,0.150996,0.045338,0.600105,0.213036,0.037982,0.636851,0.17935,-0.16698,-0.021417,0.474386,0.397508
-0.057093,-0.034086,0.35729,0.252505,0.027022,0.330734,0.224916,0.101397,0.691777,0.041717,-0.20269,0.009236,0.289037,0.23171
-0.097769,0.006175,0.374316,0.087872,-0.003914,0.41743,0.146964,0.178221,0.443069,0.222143,-0.202027,-0.062146,0.523508,0.036254
-0.127083,-0.015098,0.371267,0.123363,-0.020932,0.432518,0.144738,0.141665,0.485063,0.226915,-0.112179,0.110958,0.422467,0.345754
-0.00714,-0.153694,0.203669,0.292084,0.058891,0.466731,0.285432,0.112933,0.443358,0.147042,-0.084807,-0.084689,0.373048,0.191949
0.071957,0.018955,0.263416,0.160728,0.025945,0.401044,0.274154,0.057894,0.523134,0.188906,-0.125146,-0.12383,0.630747,-0.035458
0.216394,-0.051132,0.23883,0.162027,-0.187352,0.319669,0.306949,0.084352,0.444972,0.158958,-0.161741,0.045789,0.402776,0.384472
0.183286,-0.360446,0.499736,0.153368,-0.12779,0.354673,-0.017365,-0.04599,0.702295,0.170697,-0.012578,0.198282,0.181349,0.338106
0.085259,0.040199,0.2357,0.181017,-0.169587,0.431969,0.130808,0.028468,0.674294,0.104979,-0.237885,0.020887,0.516558,0.218569
-0.061416,-0.027308,0.188131,0.094581,-0.090979,0.4841,0.346287,0.166658,0.636611,0.079136,-0.285142,-0.103399,0.354433,0.364877
0.059051,0.032093,0.28633,0.163739,-0.030767,0.332105,0.26176,0.026126,0.651189,0.067557,-0.209484,0.136907,0.345884,0.293632
0.193295,0.047375,0.261763,0.302005,-0.114291,0.318189,0.245648,0.311556,0.44461,0.184215,-0.293103,-0.073326,0.621193,-0.055241
0.111594,-0.008957,0.182409,0.133274,-0.164756,0.450681,0.226443,0.188633,0.495932,0.016208,-0.309773,-0.019497,0.401269,0.178439
-0.116466,-0.03788,0.382217,0.111167,0.065319,0.377623,0.258548,0.022759,0.512062,0.188974,-0.16245,0.066095,0.293457,0.32193
0.106436,-0.106981,0.452989,0.2245,-0.066379,0.272099,0.122969,0.116506,0.424372,0.283084,-0.037247,0.048061,0.377713,0.238865
0.044864,0.01699,0.313211,0.157625,-0.141251,0.274171,0.446997,0.209198,0.339874,0.207048,-0.422998,-0.149676,0.237258,0.063844
-0.226119,-0.023036,0.40785,0.210895,0.072129,0.463777,0.366933,0.119321,0.464577,0.03365,-0.140516,-0.070483,0.455527,0.226312
-0.227262,-0.020043,0.493192,0.22953,-0.061622,0.394083,0.088558,0.132087,0.504462,0.257175,-0.222261,0.038405,0.239018,0.247961
-0.184042,0.13092,0.308948,0.144898,-0.072944,0.401435,0.109655,0.062645,0.703484,0.058028,-0.175754,0.060969,0.396336,0.276836
0.028809,-0.088302,0.594102,-0.055244,-0.169041,0.340941,0.226812,0.218558,0.441502,0.069466,-0.223163,-0.102273,0.536343,0.183927
0.064271,0.112703,0.256418,-0.008665,-0.143924,0.484269,0.349714,0.162232,0.513789,0.157412,-0.242895,-0.217929,0.621683,0.010761
-0.164874,-0.101783,0.320701,0.246484,0.163665,0.385643,-0.072603,0.297013,0.478625,0.173944,-0.150202,0.035895,0.21093,0.292462
0.073059,-0.191063,0.429276,0.16426,0.028523,0.406116,0.241567,0.398634,0.412206,0.039479,-0.35022,-0.118809,0.515235,0.206105
0.040441,-0.034763,0.430516,0.174215,-0.08371,0.267131,0.368571,0.096755,0.484459,0.057579,-0.276615,-0.12528,0.370271,0.212162
0.126976,-0.093091,0.388787,0.251771,-0.088133,0.347151,0.264198,0.346157,0.217068,0.193598,-0.178356,-0.011535,0.400169,0.218886
0.269631,-0.066747,0.416178,-0.038247,-0.300461,0.341644,0.152756,0.451795,0.376486,0.130568,-0.399237,-0.19113,0.477715,0.043171
0.170853,0.037717,0.293212,0.217924,-0.199627,0.300079,0.065497,0.133766,0.588046,0.122954,-0.038385,0.076048,0.430216,0.12728
0.125117,-0.029543,0.222561,0.143891,-0.076756,0.412612,0.145194,0.28253,0.479418,0.114178,-0.195374,-0.024621,0.384186,0.123198
0.068143,-0.187927,0.138303,0.019419,0.04611,0.599438,0.278512,0.166121,0.389431,0.155002,-0.232954,0.030272,0.333996,0.387674
0.051225,0.044651,0.242843,0.184584,0.040204,0.379276,0.231154,0.140222,0.537927,0.178573,-0.148216,-0.066179,0.491976,0.119199
0.005632,-0.064793,0.407107,0.160883,-0.059163,0.388962,0.306494,0.389987,0.325711,0.027877,-0.24712,0.038247,0.449648,0.363969
0.161908,0.044383,0.271549,0.177774,-0.179636,0.240352,0.165753,0.188382,0.653147,0.102745,-0.263064,-0.056249,0.351684,0.102317
0.097865,-0.073963,0.345461,0.22392,-0.136128,0.307748,0.106182,0.105313,0.906637,-0.051756,-0.255548,-0.030897,0.39318,0.364125
-0.068025,-0.008899,0.452657,0.080531,-0.09122,0.440131,0.162412,-0.045933,0.769559,0.081473,-0.205285,0.030797,0.416778,0.104559
-0.019459,-0.057572,0.398683,0.213019,-0.070768,0.493539,0.180906,0.17735,0.604261,0.045217,-0.148598,-0.002818,0.594176,0.067276
-0.135503,0.021296,0.265639,0.163682,0.171003,0.376534,0.170094,0.16068,0.524288,0.222453,-0.168445,-0.048705,0.26188,0.407364
0.035665,-0.116926,0.195739,0.245101,0.039122,0.406759,0.132733,0.14843,0.438464,0.044634,-0.030214,0.09413,0.395559,0.261399
-0.051462,-0.110699,0.385722,0.214647,0.064394,0.334642,0.316313,0.208658,0.233466,0.233949,-0.170538,-0.105605,0.391321,0.118192
0.30392,-0.066479,0.383442,0.118706,-0.268755,0.336053,0.535808,0.221469,0.34096,0.171993,-0.46888,-0.045594,0.482384,0.104492
0.096033,-0.068993,0.436302,0.205052,-0.04453,0.243585,0.153326,0.249685,0.48319,0.100024,-0.179503,-0.052844,0.5142,0.124532
-0.100837,-0.167399,0.306722,0.112668,0.172085,0.340502,0.240059,0.366755,0.379234,0.102784,-0.166895,-0.021928,0.201439,0.290492
0.061649,-0.162188,0.482648,0.083259,-0.023383,0.352371,-0.032311,0.173,0.785033,-0.028565,-0.183688,0.273685,0.103251,0.552206
0.24698,0.076992,0.234189,0.065453,-0.3162,0.398262,0.545913,0.410092,0.409887,0.087509,-0.614799,-0.147151,0.397655,0.092013
-0.125669,-0.2236,0.47708,0.081888,0.189805,0.379517,-0.035229,-0.021137,0.829015,0.05578,-0.102491,0.065681,0.213235,0.326598
0.024317,-0.135,0.499109,0.217748,-0.049589,0.261823,0.17968,-0.013962,0.674224,0.08447,-0.220277,0.047201,0.32151,0.367186
0.125386,-0.177587,0.28921,0.050788,-0.145396,0.514697,0.116022,0.185072,0.684933,0.087487,-0.135275,0.000123,0.22629,0.50418
-0.091525,0.078585,0.304961,0.051977,-0.0042,0.424336,0.287643,0.098288,0.521978,0.189655,-0.154069,-0.082309,0.462142,0.143146
-0.077458,-0.157587,0.430435,0.231574,-0.200714,0.39531,-0.093554,0.183132,0.452149,0.351609,-0.101546,-0.026307,0.515003,0.19139
-0.134042,-0.027998,0.374605,0.218333,-0.044492,0.406732,0.013252,0.1224,0.825207,-0.02044,-0.231959,0.059628,0.443316,0.271223
-0.035873,0.04006,0.331544,0.128056,-0.147974,0.376071,0.319903,0.121507,0.463195,0.143351,-0.240746,-0.142077,0.527237,0.14898
-0.152816,-0.249367,0.525716,-0.015374,0.016275,0.380493,0.021472,-0.246637,1.174008,-0.159456,-0.27669,0.112408,0.3863,0.210299
0.060527,-0.083287,0.41596,-0.027002,-0.063785,0.509058,-0.195347,0.397066,0.475341,0.133054,-0.099645,0.120353,0.517311,0.218508
0.338518,-0.2703,0.342892,0.13714,-0.029332,0.407579,-0.107112,0.470743,0.389084,0.014911,-0.096041,0.079754,0.596034,0.22178
-0.260815,0.172137,0.217671,0.094341,0.081706,0.412165,0.24387,0.200701,0.644092,0.015355,-0.17952,-0.037625,0.322574,0.496636
-0.012099,-0.047817,0.251487,-0.019735,0.155598,0.355431,0.163482,0.289063,0.489269,0.087169,-0.185625,0.076692,0.288689,0.268687
-0.159794,-0.382426,0.665698,0.193602,0.13197,0.322769,0.224167,0.206689,0.565213,0.072711,-0.27623,0.05714,0.198763,0.393082
-0.050319,-0.331057,0.476276,0.197066,0.062339,0.609851,0.218926,-0.049018,0.667494,0.10663,-0.262889,0.071223,0.34908,0.261806
0.024314,0.054634,0.160352,0.20362,-0.029684,0.364653,0.151598,-0.153187,0.769204,0.247828,-0.090901,-0.104887,0.323745,0.186409
0.100627,0.18514,0.220777,0.054266,-0.252967,0.394095,0.286018,0.198588,0.549653,0.120726,-0.31935,0.021567,0.347543,0.200983
0.021427,-0.009712,0.471638,0.126418,-0.03698,0.415478,0.242641,0.334817,0.305521,0.094319,-0.153613,-0.078481,0.561462,0.007817
0.237342,-0.040233,0.154886,0.243363,-0.249642,0.460615,0.389075,0.079905,0.470052,0.079982,-0.191548,-0.039537,0.356432,0.227896
-0.003532,0.018889,0.164918,0.204415,0.096079,0.302282,0.180197,0.347179,0.444338,0.106877,-0.305538,-0.199069,0.221148,0.226714
0.046633,-0.052228,0.272614,0.157855,-0.036835,0.285716,-0.055488,0.248564,0.512344,0.220682,-0.18145,-0.097953,0.428797,0.209265
-0.01536,-0.106874,0.39682,0.06986,-0.105433,0.489978,-0.000522,0.117161,0.505648,0.238784,-0.034168,0.099409,0.47242,0.342677
-0.168649,-0.257321,0.497128,0.110724,0.125842,0.467308,0.072727,0.308999,0.454332,0.094016,-0.175137,0.034487,0.459567,0.276488
-0.084708,-0.189511,0.56085,0.110166,-0.092543,0.335972,0.155905,0.136912,0.605043,0.098692,-0.147314,0.021766,0.195659,0.326364
-0.100908,0.013686,0.487181,0.219931,-0.024858,0.288679,0.026284,-0.002042,0.700678,0.283989,-0.071352,-0.066338,0.400205,0.081729
0.098064,-0.328961,0.541574,0.274523,-0.206555,0.387956,0.125017,0.004125,0.612764,0.188989,-0.127861,0.060669,0.386786,0.244851
-0.012109,0.050223,0.307256,0.211052,-0.123118,0.35066,0.151914,0.158232,0.550472,0.159903,-0.234686,-0.020982,0.49863,0.129735
-0.152349,-0.109029,0.636156,0.181472,-0.035144,0.360598,0.357611,0.302059,0.269145,0.032484,-0.230652,-0.031276,0.427847,0.232463
-0.16519,-0.029938,0.341386,0.270531,0.057305,0.323338,0.007946,0.125931,0.568349,0.287543,-0.101099,-0.081535,0.311122,0.156672
-0.048203,-0.102983,0.426175,0.235548,0.007942,0.163526,0.089169,-0.024965,0.758405,0.206101,-0.239347,0.016171,0.168213,0.230157
0.164344,-0.032459,0.258037,0.126838,-0.131406,0.438627,0.410543,0.103965,0.538914,0.193406,-0.292268,-0.088048,0.458824,0.16198
0.197212,-0.161936,0.338462,0.203869,-0.149458,0.356331,0.225936,0.078,0.551398,0.083295,-0.149462,0.094988,0.277898,0.441868
-0.001483,0.060733,0.27653,0.09581,-0.003638,0.447409,0.184375,0.192339,0.592063,0.070396,-0.217759,0.108394,0.320047,0.435465
-0.074319,-0.020396,0.277314,0.094191,0.053632,0.490622,0.211712,0.046309,0.50306,0.225888,-0.167863,0.013885,0.323582,0.303557
0.036417,-0.025253,0.336053,0.211682,-0.099653,0.323599,-0.005557,0.076882,0.658808,0.02808,0.068725,0.044959,0.424812,0.221743
-0.208603,-0.050833,0.392493,0.183825,0.134841,0.278311,0.071609,0.214943,0.562009,0.141529,-0.139819,-0.019688,0.145558,0.325047
-0.19218,0.055405,0.393034,0.137285,-0.004375,0.286594,-0.051079,0.176038,0.619325,0.114928,-0.160353,0.031738,0.288409,0.271496
-0.15392,0.042669,0.493582,0.060755,0.00091,0.323031,-0.024976,0.21109,0.502199,0.186781,-0.157506,-0.004007,0.443694,0.167113
-0.080473,0.103369,0.240021,0.143982,-0.087482,0.293531,-0.124005,0.297024,0.58686,0.15667,-0.007114,-0.078184,0.384509,0.215661
-0.09288,-0.301169,0.474594,0.219528,0.017408,0.528829,0.166037,0.044481,0.688922,0.150926,-0.167839,0.014917,0.296334,0.293582
0.243414,0.152948,0.195925,0.108384,-0.174026,0.345198,0.285446,0.23836,0.418551,-0.034818,-0.222258,0.012753,0.534499,0.1969
0.013832,-0.098075,0.318265,0.175349,0.017607,0.371534,0.702558,0.02696,0.374298,0.105896,-0.416254,-0.050417,0.4131,0.208763
0.045886,-0.215616,0.48822,0.139062,-0.180006,0.404359,0.03475,0.095636,0.77195,0.015546,-0.250151,-0.074688,0.473754,0.174562
0.135718,0.048796,0.322677,0.026475,-0.119095,0.364331,0.254407,0.140525,0.476578,0.166592,-0.180661,-0.075885,0.286722,0.196103
0.098449,-0.241147,0.591992,0.099769,-0.167982,0.529361,0.167976,-0.032883,0.502833,0.278899,-0.210988,0.015182,0.58418,0.06273
-0.064156,0.141166,0.231239,0.151478,-0.106472,0.309078,0.089285,0.221414,0.589855,0.089599,-0.093696,0.056742,0.292168,0.301743
-0.030071,0.042221,0.180388,0.122103,0.080388,0.415307,0.236069,0.337525,0.39792,0.081539,-0.244511,-0.025173,0.268951,0.384991
-0.096032,0.055672,0.255369,0.012574,0.017393,0.498606,0.100707,0.271057,0.560303,-0.015458,-0.150113,0.031439,0.412998,0.298387
-0.046298,-0.161537,0.333769,0.144794,-0.016335,0.554744,0.124344,0.081644,0.444459,0.150538,0.027824,0.177565,0.407629,0.371311
-0.209625,-0.202633,0.487871,0.260039,0.100674,0.340431,0.083473,0.200106,0.49478,0.249131,-0.230135,-0.113659,0.324292,0.2461
-0.028944,-0.14367,0.542034,0.036008,-0.058449,0.44494,0.090844,-0.044885,0.932493,0.045243,-0.183908,0.004455,0.397712,0.285044
-0.100905,-0.162986,0.506195,0.215277,-0.037044,0.370991,0.151312,0.308392,0.577799,0.183843,-0.247866,-0.032663,0.098123,0.612734
-0.099306,0.165605,0.347423,-0.015147,-0.124079,0.405206,0.253587,0.117549,0.553804,0.096224,-0.180961,-0.054542,0.371209,0.256305
0.225242,-0.108213,0.294324,0.11569,-0.177015,0.391064,0.293364,0.121399,0.440234,0.172974,-0.35716,0.097715,0.326994,0.214191
0.213602,-0.117752,0.395349,0.034136,-0.23209,0.347682,0.219922,0.12275,0.471262,0.21691,-0.151608,-0.081612,0.298908,0.1736
-0.072348,0.048407,0.34284,0.206824,0.048395,0.340759,0.29329,0.301302,0.357069,0.15892,-0.262293,-0.039911,0.426843,0.090733
-0.161746,0.006868,0.238558,0.213752,0.085359,0.398446,0.099797,-0.026791,0.743922,0.16691,-0.186824,0.092925,0.191106,0.511785
-0.139516,0.020501,0.296441,0.0999,0.009057,0.459391,0.018093,0.293178,0.537902,0.148214,-0.154147,-0.013146,0.38859,0.278268
-0.151002,0.076887,0.27763,0.113526,0.031426,0.438105,0.380116,0.050431,0.468481,0.179617,-0.238777,-0.184274,0.524893,0.158254
-0.14016,-0.091457,0.361856,0.25523,0.120464,0.313669,0.242547,0.042753,0.491481,0.349081,-0.240949,-0.07466,0.20384,0.328623
0.050422,-0.033511,0.32696,0.228395,-0.119925,0.296466,-0.074408,0.115324,0.636377,0.28399,-0.178777,-0.11335,0.439197,0.039338
-0.064695,-0.021892,0.404837,0.073159,0.008949,0.330243,0.241659,0.047377,0.640793,0.011463,-0.196593,-0.085847,0.372329,0.070926
-0.434665,-0.000908,0.420973,0.15791,0.230882,0.384867,0.076255,0.255404,0.691085,0.032159,-0.297343,0.027728,0.133513,0.447607
0.069584,0.062185,0.348524,0.086496,-0.095802,0.238281,0.146535,0.279707,0.588947,0.078849,-0.304292,0.033751,0.150817,0.298403
-0.022969,-0.095822,0.473458,0.165574,-0.00412,0.328469,0.253616,0.108602,0.609847,0.003137,-0.212171,-0.024563,0.228914,0.238375
-0.001951,0.122643,0.223152,0.104372,-0.028147,0.419028,0.160466,0.235389,0.581933,0.179343,-0.216062,-0.12465,0.371018,0.197204
0.039441,0.213851,0.352414,-0.075664,-0.202834,0.372681,0.308472,0.016308,0.610831,0.124133,-0.296724,-0.041874,0.440697,0.174366
0.009732,-0.054544,0.244417,0.259219,-0.039802,0.392588,0.123717,0.113646,0.589858,0.220943,-0.131176,-0.010351,0.278814,0.268637
0.155226,-0.037621,0.315168,0.249007,-0.126879,0.311552,0.091613,0.284209,0.671362,0.046255,-0.274042,0.018039,0.343549,0.176548
-0.153449,-0.200321,0.395109,0.185823,-0.036213,0.430538,-0.11751,0.008171,0.840916,0.216073,-0.046212,0.018646,0.498901,0.27989
0.144874,-0.113105,0.365599,0.011781,0.007082,0.368416,0.098857,0.252452,0.46584,0.156044,-0.200161,-0.066652,0.430118,0.217187
0.158481,-0.098527,0.370795,0.242875,-0.087594,0.294509,0.225304,0.11918,0.528459,0.193943,-0.145238,-0.090918,0.557723,-0.014784
-0.04736,-0.040941,0.29338,0.235691,-0.014483,0.378949,0.28149,0.140122,0.506328,0.163459,-0.252571,-0.056784,0.462361,0.263414
-0.131162,0.066306,0.345262,0.161034,0.019396,0.29103,0.267847,0.213438,0.483097,0.132058,-0.273694,-0.04294,0.293535,0.169387
-0.070675,-0.129263,0.467401,0.119562,0.004749,0.267451,0.105744,0.144957,0.596775,0.100819,-0.107265,0.051793,0.090216,0.534213
0.081436,0.063551,0.285683,-0.005711,-0.116542,0.329189,0.292746,0.024879,0.618333,0.046565,-0.171626,-0.057699,0.31698,0.327806
-0.176088,0.07424,0.317075,0.248602,0.018329,0.311947,0.20166,0.212306,0.499696,0.275985,-0.276321,-0.093113,0.337363,0.313965
-0.329072,-0.062781,0.517299,0.069973,0.138777,0.387967,-0.037888,0.15102,0.622277,0.215624,-0.191339,0.120531,0.295785,0.397585
-0.240028,0.038466,0.522586,0.029995,0.036983,0.455053,0.138283,0.162366,0.510157,0.134172,-0.098457,-0.014596,0.468791,0.12649
0.201993,-0.242697,0.347719,0.218162,-0.137234,0.297653,0.071107,0.140211,0.713456,0.157714,-0.258372,0.144332,0.160789,0.418242
-0.089518,-0.065322,0.386117,0.165468,0.095687,0.405328,0.198007,0.285444,0.442706,0.167249,-0.303244,-0.044053,0.35822,0.16041
0.054307,0.015791,0.272157,0.073691,-0.090935,0.395511,0.107106,0.232421,0.413531,0.196839,-0.194979,0.044358,0.281628,0.305726
-0.358815,-0.182533,0.52231,0.19294,0.11776,0.405856,-0.02206,-0.208856,0.781199,0.314738,-0.242258,-0.021112,0.253751,0.221208
-0.002831,-0.037118,0.460267,0.134561,-0.0885,0.378119,0.107569,0.453855,0.408864,0.092048,-0.142526,0.000153,0.384422,0.286096
-0.439484,0.072016,0.53357,0.15435,0.115302,0.3925,0.040573,0.048672,0.583639,0.181789,-0.074897,-0.035797,0.32156,0.188424
-0.030398,0.119823,0.381752,0.072638,-0.113876,0.345563,0.059401,0.129227,0.529323,0.177229,-0.117511,-0.112099,0.544983,0.08883
0.0546,-0.040553,0.318731,0.132959,-0.069049,0.328613,0.16687,0.079761,0.491812,0.301929,-0.127872,-0.094831,0.444779,0.132135
0.202543,0.028234,0.054796,0.14593,-0.182172,0.471192,0.276073,0.002813,0.634351,0.021374,-0.232746,0.014221,0.38584,0.389171
0.085458,-0.169617,0.39024,0.162321,-0.044587,0.40464,0.033919,0.26366,0.397774,0.214836,-0.075152,0.151396,0.281368,0.33852
0.071331,-0.088095,0.310966,0.190088,-0.064803,0.281335,0.247193,0.325847,0.46777,0.272243,-0.248376,-0.254943,0.387529,0.105982
0.00353,-0.066647,0.408882,0.077531,-0.01495,0.374219,0.219741,-0.064117,0.700704,0.111888,-0.168509,0.151343,0.243621,0.358896
0.078301,-0.08725,0.448228,0.261583,-0.130449,0.255943,0.346855,0.00396,0.583094,0.240163,-0.296336,0.041712,0.273957,0.41554
-0.019893,-0.095204,0.344927,0.186567,-0.084621,0.403689,0.223596,0.304879,0.357631,0.185068,-0.258661,0.006688,0.386322,0.098661
-0.141726,0.056651,0.249507,0.140476,0.118883,0.425879,0.047744,0.324604,0.611497,-0.06219,-0.301695,0.105026,0.377889,0.388201
0.037836,0.129771,0.303941,0.049649,-0.073395,0.392341,0.250211,-0.17644,0.714779,0.079401,-0.105378,0.067716,0.543305,0.184358
0.093843,0.120972,0.164242,0.088371,-0.092214,0.273414,0.463924,0.059246,0.489667,0.09655,-0.292962,-0.150191,0.375469,0.10826
-0.135235,0.1422,0.444054,0.141359,-0.092553,0.391099,0.036292,0.258115,0.540527,0.148375,-0.075288,0.018151,0.55875,0.09208
-0.008304,-0.060255,0.224536,0.142153,-0.082568,0.418696,0.007041,0.016494,0.769508,0.019908,-0.137273,0.064085,0.3004,0.408175
-0.196165,-0.009209,0.327141,0.129145,0.143097,0.45889,-0.057828,0.392066,0.658779,0.030488,-0.263086,-0.042953,0.303616,0.186581
0.020992,-0.103629,0.294176,0.165204,0.055209,0.362922,0.130265,0.101796,0.541025,0.096046,-0.21448,0.084761,0.177252,0.365156
-0.20053,-0.027773,0.385402,0.194578,-0.023838,0.371528,-0.015081,0.049648,0.546572,0.294788,-0.110083,-0.048015,0.443463,0.263392
-0.008407,-0.215298,0.226737,0.177133,0.101559,0.457628,0.414955,-0.022028,0.534858,-0.023759,-0.235564,0.055761,0.23935,0.351191
-0.076404,-0.167893,0.429844,0.222426,0.020572,0.479694,0.016918,0.273313,0.468659,0.116101,-0.157344,0.108115,0.255006,0.321548
-0.147282,0.024475,0.422998,0.189331,-0.079888,0.339081,-0.059924,0.235521,0.503096,0.243706,-0.107826,-0.090444,0.489138,0.009055
-0.096276,-0.143998,0.448259,0.190357,0.012529,0.406878,0.189128,-0.129986,0.719161,0.203002,-0.267536,-0.038003,0.3132,0.328017
0.08963,-0.080385,0.43426,0.161658,-0.128773,0.348881,0.225155,0.2267,0.468811,0.104422,-0.249377,-0.007246,0.513879,0.119223
-0.034939,-0.004678,0.318117,0.073308,-0.010302,0.365174,0.318978,0.097685,0.4707,0.044558,-0.154888,0.089417,0.336231,0.131162
-0.050938,0.120419,0.264472,0.138808,-0.070603,0.334464,0.196353,0.091994,0.640325,0.094892,-0.183193,-0.00494,0.282299,0.394376
0.070951,0.009963,0.173329,0.206733,0.159632,0.294762,0.145232,-0.004579,0.653031,0.04828,-0.287081,0.129946,0.208793,0.39452
-0.244497,-0.185829,0.551712,0.163166,0.064568,0.448854,0.068506,0.157033,0.601906,0.104292,-0.134366,0.005634,0.31506,0.168776
-0.221683,0.088933,0.390032,0.151308,0.076657,0.385082,-0.025446,0.112433,0.733974,0.023098,-0.163108,0.118895,0.18286,0.351585
-0.369531,0.09743,0.276717,0.201984,0.158803,0.464092,-0.045024,0.327209,0.549607,0.138401,-0.148042,0.02676,0.362403,0.371568
0.167557,-0.057865,0.313263,0.099255,-0.168104,0.38624,0.239767,0.255398,0.483522,0.119778,-0.168759,-0.092882,0.464837,0.15464
0.162023,-0.298113,0.444787,0.191002,-0.130833,0.366318,0.317966,0.307807,0.462683,0.092575,-0.215409,-0.143272,0.361758,0.146749
-0.237041,0.009274,0.328167,0.144976,0.149273,0.339875,0.143782,0.245445,0.543469,0.061504,-0.198034,-0.001513,0.213854,0.305392
-0.372449,-0.202127,0.747253,-0.027338,0.085305,0.274874,0.223813,0.013188,0.760091,0.073882,-0.279598,0.112549,0.112841,0.531812
-0.022055,0.011028,0.148362,0.180079,0.059124,0.489298,0.152321,-0.092807,0.650207,0.1393,-0.247281,0.119666,0.43524,0.25468
-0.18795,0.018212,0.340611,0.167966,0.096641,0.348776,0.005637,0.374481,0.504749,0.095313,-0.225582,-0.028743,0.368312,0.220363
0.305484,-0.029451,0.313758,0.319723,-0.185982,0.26354,0.070342,0.214461,0.489564,0.186435,-0.099785,0.063739,0.403791,0.330335
-0.139614,-0.035552,0.350461,0.223956,-0.125475,0.474534,-0.135493,0.011013,0.780123,0.253632,-0.076849,-0.099666,0.314335,0.118004
0.332444,-0.017982,0.325306,0.139817,-0.137215,0.289194,0.296039,0.17727,0.385903,0.148869,-0.145512,0.024653,0.42197,0.167003
0.054771,-0.202225,0.420603,0.056953,0.010871,0.373395,0.176587,0.286524,0.522573,0.096978,-0.260252,-0.024684,0.347818,0.461553
0.07603,0.055844,0.183234,0.170256,-0.175219,0.310074,0.385979,0.20755,0.287984,0.166724,-0.200213,-0.12705,0.436693,0.180436
0.224363,-0.01038,0.281759,0.110893,-0.004236,0.278358,0.023247,0.108845,0.623548,0.172985,-0.022099,-0.001308,0.517083,0.010964
0.08258,-0.015716,0.293787,0.183938,0.010216,0.460959,0.220118,0.234342,0.504552,0.179503,-0.286439,0.037716,0.378382,0.30092
0.423353,-0.137049,0.269365,0.111325,-0.144506,0.370703,0.143309,0.229288,0.366123,0.217408,-0.122488,0.02645,0.585273,0.046752
-0.191705,-0.171268,0.531699,0.299199,0.054624,0.388769,0.264029,0.391747,0.26068,0.17415,-0.144528,-0.173465,0.580335,0.042285
0.160544,-0.096923,0.228663,0.102276,-0.034142,0.330481,0.086119,0.298207,0.487688,0.139395,-0.109372,-0.031914,0.339482,0.424475
0.077397,-0.051406,0.406202,0.248114,-0.044417,0.245691,0.315861,-0.059219,0.64742,0.136149,-0.071518,-0.048881,0.345082,0.023596
-0.033225,0.122619,0.37423,0.091487,-0.004966,0.388777,0.267095,0.161672,0.460807,0.121915,-0.221035,-0.054503,0.588033,0.037126
0.1657,-0.054811,0.493081,0.141178,-0.164464,0.360689,0.117089,0.130368,0.657243,0.158145,-0.079909,0.0841,0.518435,0.068689
-0.174609,0.097843,0.272767,0.19383,0.06314,0.329712,0.19414,0.126776,0.557473,0.143265,-0.153429,-0.031436,0.266072,0.436873
0.037894,0.039078,0.348168,0.033295,-0.109296,0.269159,0.271186,0.168793,0.446006,0.229537,-0.159932,-0.210951,0.438743,-0.009716
0.00929,-0.016648,0.368478,0.225767,-0.100423,0.283964,0.074284,0.285168,0.473936,0.154781,-0.235856,-0.080425,0.475376,0.222686
-0.24605,0.152196,0.339045,0.10482,0.00816,0.269575,0.245901,0.24231,0.499378,0.111917,-0.22075,-0.115357,0.128646,0.396178
-0.070768,0.158316,0.354854,0.152647,-0.101175,0.434466,0.41118,0.055886,0.519751,0.166319,-0.321416,-0.090108,0.454927,0.08977
-0.212563,-0.158238,0.459983,0.263631,0.196554,0.317074,0.192488,0.089846,0.638196,-0.044528,-0.240996,-0.043808,0.286348,0.413523
-0.023388,-0.193818,0.445063,0.09565,-0.003368,0.513958,0.248527,0.222156,0.424149,0.078966,-0.196277,-0.010459,0.49334,0.271577
0.003978,-0.132208,0.41253,0.174262,0.008569,0.39951,0.103706,0.107631,0.590643,0.224643,-0.143333,0.00435,0.583897,0.193588
0.109673,-0.082381,0.157241,0.073739,-0.047598,0.490282,0.269669,0.018093,0.384243,0.283497,-0.082432,-0.015481,0.352446,0.296783
0.22441,0.057548,0.299127,0.177933,-0.194616,0.291968,0.025777,0.17719,0.574325,0.2004,-0.236227,0.066813,0.387921,0.197798
0.328524,-0.202707,0.423979,0.218405,-0.291297,0.19944,0.19451,-0.15572,0.774812,0.260408,-0.273605,-0.130316,0.366356,0.032626
0.032561,0.065491,0.284647,0.092858,-0.158426,0.42234,0.363384,0.21618,0.410003,0.083908,-0.279923,-0.131355,0.447409,0.102675
-0.225439,-0.160476,0.434058,0.215533,0.122716,0.399026,-0.01142,0.110176,0.58732,0.182946,-0.162074,0.085225,0.314577,0.315425
-0.066748,-0.182558,0.628292,0.137454,-0.030554,0.293522,0.106716,0.009356,0.695854,0.266395,-0.147852,-0.062081,0.230473,0.224145
-0.137206,-0.032839,0.400083,0.108777,-0.006533,0.403636,0.147089,-0.013519,0.60013,0.106315,-0.203495,0.022065,0.409579,0.401138
0.055004,-0.237975,0.450734,0.275361,-0.079417,0.349226,-0.042758,0.012523,0.777264,0.225906,-0.181927,0.09989,0.288636,0.324329
-0.115133,-0.045042,0.291102,0.163104,0.072053,0.475687,0.187737,0.310586,0.449965,0.11273,-0.207939,-0.115179,0.419659,0.223241
-0.114058,-0.072728,0.399185,0.078813,0.071499,0.430109,0.090693,0.217194,0.518311,0.242686,-0.185283,-0.022156,0.280095,0.297147
-0.106471,0.085366,0.258034,0.206426,-0.078211,0.337371,0.178159,0.287127,0.376407,0.243308,-0.22099,-0.082597,0.417938,0.065664
0.026261,0.02771,0.241668,0.204623,0.005237,0.454691,0.1701,0.136125,0.644498,0.103835,-0.277103,-0.048612,0.476046,0.316816
-0.125841,-0.00024,0.283915,0.21304,0.043548,0.373256,0.306266,0.079695,0.57237,0.147393,-0.228317,0.096017,0.194871,0.357121
-0.039804,0.023145,0.339861,0.148893,-0.050619,0.399275,0.107098,0.423877,0.366544,0.243937,-0.186522,-0.185153,0.482275,0.122292
-0.19804,0.039097,0.501085,0.147697,-0.078315,0.379247,0.063453,0.115389,0.695068,0.055125,-0.248568,0.032545,0.342754,0.248081
0.065712,0.178155,0.29204,0.024726,-0.128056,0.38355,0.265101,0.173492,0.44618,0.171615,-0.150164,-0.117738,0.557507,0.003147
-0.189328,0.067741,0.382599,0.118165,-0.00814,0.371294,0.058507,-0.006651,0.753366,0.184482,-0.208495,-0.07856,0.269533,0.382841
-0.083211,0.07532,0.276223,0.024474,-0.01832,0.48087,0.251557,0.173383,0.559642,0.010433,-0.227963,-0.009513,0.444066,0.201963
-0.139523,0.081517,0.406123,0.18837,0.011528,0.259535,0.031067,-0.12131,0.838445,0.184182,-0.126877,0.199028,0.085864,0.488202
-0.222823,0.073578,0.15043,0.131022,0.137079,0.382667,0.082566,0.109994,0.694603,0.070406,-0.250085,0.086735,0.208759,0.480583
0.045157,-0.218493,0.325455,0.19485,0.015403,0.343919,0.173726,-0.00719,0.65778,0.218669,-0.221873,-0.155457,0.426151,0.241155
0.052155,-0.052016,0.149527,-0.023019,0.024029,0.580615,0.384101,-0.005025,0.557315,0.033703,-0.266623,-0.05907,0.457537,0.280888
0.160131,-0.064526,0.357772,0.289217,-0.191192,0.21106,0.024788,0.303882,0.427196,0.208218,-0.217988,0.010195,0.333174,0.164095
-0.166141,0.024996,0.382216,0.069259,0.06104,0.443011,-0.110135,0.476548,0.474172,0.039191,-0.083123,0.093573,0.453528,0.432986
0.126052,-0.172747,0.448629,0.055104,-0.077392,0.513836,0.113954,0.125841,0.643243,0.143443,-0.173862,0.004549,0.618228,0.014014
0.091673,-0.067797,0.422098,0.106532,-0.050667,0.34268,0.401025,0.112966,0.486132,0.276828,-0.296511,-0.166119,0.453126,0.190223
0.267306,-0.03756,0.42958,0.139779,-0.254032,0.202121,0.244637,-0.1495,0.714808,0.061866,-0.177122,0.021544,0.419727,0.120448
-0.321641,-0.181878,0.520775,0.144632,0.206583,0.357436,0.131066,0.051428,0.626147,0.152123,-0.266698,0.122473,0.234385,0.533228
0.170524,-0.036799,0.348096,0.337373,-0.300825,0.236572,0.197824,0.190039,0.378725,0.22835,-0.107414,0.022474,0.365115,0.290376
-0.205234,-0.199874,0.547556,0.189367,0.047415,0.445237,0.192016,0.422095,0.277045,0.090567,-0.236605,-0.104779,0.323238,0.180775
0.048684,-0.20652,0.572217,0.076408,-0.085657,0.365279,0.105794,0.047937,0.731526,0.034508,-0.355809,0.047905,0.266032,0.199292
-0.409017,-0.154988,0.464426,0.295823,0.347601,0.322416,0.020373,0.320619,0.627031,0.074171,-0.234706,-0.025979,0.132327,0.559624
-0.036308,-0.155802,0.359305,0.2393,-0.025507,0.473594,0.066749,0.249709,0.570586,0.13219,-0.237289,0.081255,0.384493,0.286438
-0.116913,0.004964,0.192592,0.176415,0.022512,0.341805,0.285471,-0.026597,0.679311,0.17815,-0.220987,-0.171832,0.149738,0.265194
-0.032365,0.054061,0.361865,0.135494,-0.052234,0.338755,0.15688,0.109483,0.730892,0.126288,-0.322599,-0.073969,0.421345,0.35779
-0.016378,-0.120273,0.539664,0.122633,-0.096809,0.385111,0.419485,0.185181,0.375268,-0.005852,-0.278206,0.053259,0.503099,0.281533
-0.059436,-0.167419,0.415591,0.275526,-0.023909,0.338248,0.094847,0.038099,0.595059,0.1919,-0.179244,0.03363,0.357199,0.294126
0.017488,-0.116512,0.231742,0.222791,-0.042896,0.358307,0.414279,-0.007705,0.379542,0.212587,-0.160933,-0.036643,0.251502,0.329785
-0.061283,-0.073943,0.548062,0.168712,-0.056876,0.423842,0.072824,-0.004485,0.637694,0.307361,-0.177941,0.042782,0.627011,0.081272
-0.101945,-0.165142,0.350936,0.279446,0.10074,0.298005,0.183229,0.225215,0.455286,0.116863,-0.289639,-0.073078,0.273959,0.471962
0.050966,-0.291362,0.669231,0.14423,-0.187055,0.356099,0.054642,0.070427,0.722656,-0.058598,-0.259118,0.011796,0.608833,0.139413
-0.120676,-0.033698,0.473198,0.107617,-0.051497,0.363635,-0.030809,0.281573,0.598339,0.212838,-0.255569,-0.010576,0.380792,0.221341
0.007568,-0.118013,0.452335,0.140919,0.036725,0.29252,0.11945,0.302893,0.549766,-0.006187,-0.222873,0.070014,0.116426,0.424029
0.029334,-0.160453,0.341463,0.164133,0.096839,0.383117,0.266167,0.217127,0.463113,0.060026,-0.268541,-0.043704,0.372007,0.268601
0.120265,-0.318792,0.544234,0.04112,-0.126074,0.362389,0.289016,0.054308,0.509508,0.162123,-0.099894,-0.017441,0.350902,0.143531
0.109764,-0.098602,0.329622,0.129475,-0.04038,0.317584,0.040649,0.355559,0.462612,0.089998,-0.096901,-0.027438,0.290425,0.154417
0.046419,-0.218541,0.34479,0.192984,-0.00964,0.496501,-0.004937,0.138825,0.656612,0.140134,-0.126697,-0.037797,0.38003,0.212904
0.031526,-0.059337,0.367089,0.150126,0.032288,0.362221,0.034577,0.126313,0.644284,0.181961,-0.022707,0.027753,0.286657,0.161031
-0.093309,-0.102442,0.528379,0.198339,0.105382,0.247964,0.212359,-0.037428,0.632108,0.283095,-0.260788,-0.089694,0.371229,0.228437
-0.033438,-0.114128,0.37305,0.129113,-0.04028,0.456963,0.22488,0.359335,0.493311,-0.007897,-0.264251,-0.075706,0.431574,0.252227
-0.181113,-0.055565,0.526988,0.180547,0.007235,0.379157,0.046815,-0.007964,0.610536,0.154642,-0.15535,-0.031076,0.58818,0.069319
-0.030685,0.018432,0.362784,0.11075,-0.032302,0.310398,0.106496,0.242405,0.495367,0.155244,-0.214659,-0.037387,0.260794,0.200428
-0.166638,-0.163766,0.575968,0.148517,0.052778,0.468285,0.110775,0.186751,0.575485,0.130467,-0.257917,-0.03509,0.53538,0.328062
-0.062828,-0.081632,0.493306,0.16139,-0.07451,0.378086,0.287152,0.273302,0.359834,0.150105,-0.244812,-0.033976,0.393928,0.102989
-0.095275,-0.067564,0.371619,0.202866,0.018719,0.263928,0.183909,0.104324,0.510426,0.230803,-0.157463,-0.026851,0.201955,0.37825
-0.121641,-0.037163,0.252178,0.312118,-0.037472,0.367113,0.04014,0.215224,0.604385,0.109624,-0.269839,-0.023123,0.31827,0.12152
-0.070503,0.018649,0.279338,0.171143,-0.080895,0.470414,0.074937,-0.172026,0.676699,0.197349,0.049389,0.093253,0.499225,0.239269
0.082112,-0.01263,0.279019,0.123684,-0.053718,0.353642,0.374448,0.289828,0.249678,0.191411,-0.221962,-0.150798,0.38591,0.075595
-0.046996,-0.193035,0.505586,0.111508,0.059796,0.433308,0.211571,0.154467,0.515871,0.111572,-0.171613,-0.005003,0.409924,0.269978
0.299193,0.000303,0.200707,0.176845,-0.080658,0.281998,0.0753,0.230062,0.578082,0.0504,-0.224611,0.048841,0.397985,0.130301
-0.235552,-0.114052,0.37665,0.117989,0.25177,0.416711,0.297921,0.253854,0.363161,0.200872,-0.236336,0.00611,0.279671,0.36676
0.235048,-0.260023,0.387761,0.175743,-0.220352,0.289928,0.115007,0.023259,0.670113,0.082435,-0.307808,0.069883,0.27518,0.315115
0.014434,-0.07472,0.43601,0.201796,0.05575,0.33965,-0.069464,0.119392,0.739505,0.104878,-0.128395,0.045479,0.467701,0.225019
0.059894,-0.123222,0.445604,0.102666,-0.189067,0.419337,0.04725,0.183272,0.574794,0.135324,-0.191489,-0.04192,0.507978,0.232368
-0.165976,0.053026,0.305166,0.145272,0.017692,0.421764,0.248643,0.17407,0.531542,0.140049,-0.335694,-0.049622,0.477223,0.30278
0.066604,-0.026426,0.462878,0.247809,-0.15021,0.367001,-0.144983,0.231606,0.600497,0.236193,-0.103092,0.035294,0.507023,0.193037
-0.003783,-0.176796,0.427321,0.279379,-0.054096,0.334402,0.24853,-0.037719,0.710834,0.167844,-0.201274,-0.01326,0.496111,0.126313
0.105821,-0.165796,0.441945,0.080844,-0.078393,0.476494,-0.030988,0.172742,0.596686,0.219542,-0.123129,0.014237,0.500066,0.198183
-0.04451,0.012645,0.571861,0.180117,-0.15292,0.21824,0.01172,0.110047,0.618402,0.238355,-0.161637,-0.021562,0.290816,0.188143
-0.022722,0.134094,0.285013,0.15216,-0.120835,0.465813,0.095028,0.045083,0.701151,0.081104,-0.257894,0.193028,0.49958,0.221131
0.058257,0.031642,0.234192,0.194183,-0.027188,0.370699,0.193491,0.124165,0.452751,0.249563,-0.13375,-0.042076,0.365723,0.324351
0.028409,-0.210179,0.278741,0.167407,0.088547,0.47641,0.393824,0.093975,0.40449,0.069546,-0.175523,-0.045045,0.444927,0.276219
-0.041778,-0.081417,0.346144,0.220709,-0.041735,0.362873,0.177358,0.261843,0.543128,0.206637,-0.270292,-0.128945,0.368491,0.326191
-0.122122,-0.064275,0.286894,0.123536,0.08824,0.513009,0.104888,0.118008,0.713004,0.041792,-0.097422,0.128513,0.172977,0.492722
-0.213095,0.09139,0.112755,0.119685,0.220964,0.401584,0.196707,-0.013203,0.765392,0.139026,-0.335311,0.129406,0.228834,0.442269
-0.160954,-0.05966,0.350326,0.279993,0.071614,0.410731,0.325744,0.231359,0.631966,-0.027816,-0.324353,0.02169,0.368288,0.292526
-0.122329,-0.148878,0.423347,0.110431,-0.004673,0.392654,0.293533,0.396176,0.361645,0.122054,-0.343836,-0.116335,0.438045,0.232835
0.004202,0.035937,0.436328,0.02175,-0.254658,0.337867,0.041791,0.252464,0.59364,0.070004,-0.191959,0.027822,0.290713,0.406293
-0.081706,-0.052797,0.19456,0.237757,0.147279,0.36343,0.101645,0.24377,0.593488,0.139279,-0.213069,0.009596,0.223935,0.314837
-0.127722,-0.133614,0.381577,0.104047,0.019029,0.386209,0.327846,0.234449,0.416511,0.120664,-0.312712,-0.103518,0.22157,0.387323
0.144363,-0.072947,0.5048,0.125007,-0.130457,0.314445,0.109617,0.268784,0.54253,0.264287,-0.243047,-0.057731,0.396172,0.105391
-0.347722,-0.120972,0.380026,0.27406,0.133877,0.413783,0.377419,0.220998,0.364406,0.099918,-0.262708,-0.127119,0.310602,0.325217
-0.066806,-0.038776,0.33363,0.064844,0.075146,0.428736,0.108035,0.107775,0.675382,0.072213,-0.215399,0.027993,0.331954,0.203754
-0.046535,0.071848,0.173101,0.100465,0.125398,0.398569,0.261438,0.13794,0.523289,-0.004336,-0.204978,-0.055366,0.172205,0.130459
0.169227,-0.178618,0.31609,0.015784,0.034061,0.403667,0.185961,0.012048,0.686668,-0.001359,-0.137945,0.068462,0.254975,0.369469
-0.25996,-0.126821,0.669842,0.195127,0.042325,0.280356,0.03691,0.002774,0.603715,0.31261,-0.130045,-0.068564,0.245427,0.249419
-0.041776,-0.094987,0.388315,0.089236,-0.030895,0.377585,0.309511,0.438055,0.268984,0.139913,-0.208239,-0.179116,0.387445,0.128428
-0.202013,-0.139279,0.424457,0.154809,0.07594,0.459857,0.189954,-0.096853,0.631004,0.21485,-0.222977,0.02471,0.357391,0.365691
-0.031918,-0.063563,0.442458,0.09265,0.018246,0.270404,0.043452,0.280927,0.44033,0.177756,-0.203675,-0.09134,0.331013,0.295208
-0.035119,-0.001418,0.447088,0.049861,-0.023101,0.391902,0.099233,0.250788,0.377306,0.109053,-0.187833,0.024653,0.470259,0.148199
-0.035912,-0.031231,0.311926,0.202071,-0.006111,0.323607,0.055592,0.232611,0.627828,0.063936,-0.209434,-0.027344,0.23679,0.252516
-0.008093,-0.095675,0.364795,0.110774,-0.011509,0.465169,0.027518,0.06925,0.557559,0.107028,-0.114822,0.178695,0.395623,0.229357
-0.01018,-0.148405,0.331878,0.204554,0.098355,0.464678,0.053239,0.219502,0.624307,0.009502,-0.277252,0.097396,0.498624,0.334342
-0.151801,0.006528,0.352388,0.111312,0.091881,0.365376,-0.011397,0.115192,0.581743,0.168272,-0.130806,0.085417,0.419294,0.23595
-0.022743,-0.005204,0.405217,0.18613,-0.046226,0.293594,0.031826,0.211826,0.491722,0.19946,-0.100808,0.000174,0.375095,0.262792
0.021729,-0.05682,0.41715,0.142618,-0.109079,0.44717,0.2532,0.211591,0.496492,0.031924,-0.27492,0.016022,0.460568,0.18725
0.01104,-0.021264,0.283756,0.107742,-0.101437,0.456582,0.112254,0.246917,0.522448,0.101274,-0.136053,0.125657,0.408242,0.448588
-0.237025,-0.007939,0.195779,0.154302,0.229511,0.406383,0.028326,0.310602,0.446266,0.189934,-0.087202,0.064363,0.385191,0.373654
-0.130026,-0.17165,0.517773,0.088978,0.082168,0.443041,0.196278,0.286103,0.456503,0.193055,-0.274793,-0.102046,0.547812,0.090526
0.08635,-0.181801,0.395526,0.095573,-0.059615,0.34797,0.212165,0.020286,0.712306,0.148653,-0.274639,0.023741,0.372291,0.26571
0.055576,-0.191059,0.474984,0.19212,-0.047476,0.277773,0.134814,0.115743,0.590274,0.202257,-0.140738,0.003595,0.301264,0.330144
0.096625,-0.20383,0.460811,0.190579,-0.124922,0.317781,0.276706,-0.008904,0.588041,0.12468,-0.136033,0.031461,0.323287,0.291884
-0.161768,0.007371,0.335761,0.037368,-0.058898,0.467464,0.41232,-0.117377,0.501518,0.172478,-0.164873,0.000546,0.374168,0.326403
-0.156538,-0.140755,0.506304,0.239173,-0.094664,0.427558,0.205578,0.046834,0.697614,0.150313,-0.24424,-0.102527,0.424905,0.040769
0.12161,-0.057521,0.265948,0.123823,-0.044362,0.309947,0.472106,0.124412,0.555412,0.113401,-0.329308,-0.138707,0.318892,0.352992
0.001375,-0.201358,0.412703,0.215922,0.07163,0.523344,0.375337,0.079966,0.380069,0.242304,-0.19705,-0.024783,0.571585,0.154736
7.9e-05,-0.027214,0.360886,0.069886,-0.029393,0.369096,-0.010021,0.413767,0.44966,0.142203,-0.199062,0.091548,0.262938,0.41748
-0.181702,-0.070748,0.287877,0.263767,0.124086,0.386433,0.410536,0.057736,0.312383,0.296503,-0.230484,-0.128137,0.281037,0.183016
-0.054608,-0.055261,0.367431,0.151712,-0.040306,0.30001,0.264862,0.369627,0.312002,0.04603,-0.146266,-0.073462,0.367058,0.208412
-0.064461,-0.113338,0.394205,-0.057789,-0.02436,0.397721,0.178299,0.432125,0.45203,-0.037644,-0.344828,-0.045197,0.369914,0.2942
-0.100409,0.110243,0.304484,0.137532,-0.026783,0.349369,0.173656,0.004547,0.600384,0.077864,-0.218593,0.108814,0.42631,0.249758
0.056729,-0.107779,0.470337,0.262915,-0.121142,0.343657,0.211258,0.077419,0.655712,0.106596,-0.208693,0.033086,0.411769,0.057819
-0.374569,-0.040605,0.456312,0.129789,0.215357,0.409008,0.211836,0.025474,0.692701,0.182559,-0.21998,0.043928,0.306841,0.343876
-0.009011,-0.062792,0.225203,0.223007,0.103334,0.489094,0.258679,0.092395,0.540506,0.100617,-0.157952,0.070511,0.449666,0.241917
-0.015636,-0.195769,0.346701,0.235741,0.079174,0.387564,0.223416,0.339403,0.265983,0.166511,-0.12542,-0.151956,0.297892,0.128223
0.183372,-0.213035,0.403888,0.241296,-0.126499,0.335417,0.161861,0.191862,0.43592,0.198016,-0.111622,-0.047375,0.365525,0.159391
-0.272377,-0.086168,0.546889,0.118576,0.176029,0.218494,0.039013,0.079082,0.612345,0.167051,-0.108298,0.070559,0.174358,0.324229
0.035002,-0.040203,0.225436,0.329188,-0.088236,0.323814,-0.072098,0.060114,0.798167,0.116006,-0.14494,0.127905,0.351041,0.278944
-0.189308,-0.073426,0.431329,0.12387,0.115594,0.439067,0.097749,0.231127,0.561942,0.171863,-0.194841,0.157392,0.25756,0.450962
-0.003535,-0.045259,0.280337,0.223175,-0.05171,0.312208,0.08488,0.020903,0.602308,0.224821,-0.085133,-0.021806,0.252,0.315209
0.055024,-0.035288,0.383263,0.090159,-0.169819,0.430119,0.222329,-0.098344,0.75319,0.154709,-0.10057,0.005065,0.342097,0.301628
-0.175889,0.010139,0.257604,0.080005,0.074951,0.441044,-0.001867,0.239219,0.462867,0.192897,-0.190417,0.001639,0.264175,0.345577
0.138736,-0.04986,0.296088,0.134031,-0.221097,0.450019,0.294243,0.148735,0.49827,0.029216,-0.252861,0.083609,0.221391,0.40366
0.046132,-0.086089,0.30953,0.10524,0.019435,0.331691,0.212654,0.210296,0.406068,0.159229,-0.129634,-0.132889,0.348985,0.271636
-0.052127,-0.092302,0.425014,0.251463,-0.018778,0.276015,0.01363,-0.203661,0.973134,0.208114,-0.303638,0.018555,0.351043,0.124044
-0.217938,0.100635,0.292977,0.09331,0.113519,0.442372,0.240973,0.296014,0.43446,0.059226,-0.196434,-0.099262,0.271788,0.193139
0.159834,-0.085999,0.274811,0.284909,-0.118132,0.367356,0.211862,0.171277,0.474776,0.167568,-0.110331,0.000684,0.495368,0.238521
-0.189272,-0.038221,0.247514,0.201475,0.033915,0.318671,0.006533,0.1342,0.709624,0.124816,-0.140206,-0.011965,0.159612,0.389911
-0.082546,-0.098783,0.328846,0.250097,0.043842,0.393914,0.101785,0.243848,0.414035,0.141103,-0.173852,0.054275,0.192647,0.32934
0.104595,0.039055,0.257771,0.216001,-0.157458,0.295102,0.283091,0.037174,0.568127,0.176903,-0.186153,-0.174841,0.524929,0.173906
-0.108931,0.099627,0.350412,0.078818,-0.015031,0.18994,0.329295,0.287595,0.338038,0.025088,-0.104242,-0.113535,0.197025,0.303191
-0.367416,0.080174,0.407835,0.185789,0.25171,0.404904,0.133421,-0.023676,0.710563,-0.020325,-0.149326,0.137924,0.290569,0.321584
0.220018,-0.021006,0.262246,0.101592,-0.152659,0.363492,0.245816,0.107165,0.535563,0.166355,-0.211316,0.016058,0.536999,0.216277
0.027677,0.101429,0.219196,0.210507,-0.08645,0.326904,0.102338,0.100745,0.643521,0.208675,-0.116328,-0.005653,0.365414,0.30912
-0.059048,-0.190233,0.436413,0.126256,-0.096186,0.462347,0.109543,0.059014,0.519524,0.294697,-0.169109,-0.007445,0.338334,0.261655
0.122819,-0.110463,0.300346,0.336246,-0.028833,0.256598,0.108556,0.265789,0.59056,0.116371,-0.16289,0.074344,0.184148,0.330463
0.041588,-0.19819,0.323487,0.043156,-0.057474,0.683676,0.177378,0.344187,0.361293,0.078753,-0.150955,-0.075772,0.652089,0.327617
0.035113,-0.064333,0.337885,0.165891,-0.010091,0.256251,0.442125,0.217141,0.414914,0.05989,-0.409406,-0.182966,0.329555,0.166514
-0.151664,0.025437,0.258389,0.263074,0.03356,0.377408,0.125838,0.015608,0.557375,0.317685,-0.098193,0.036698,0.302989,0.33216
-0.042234,-0.053105,0.296358,0.21673,-0.045342,0.400351,0.046099,0.476943,0.299496,0.183802,-0.153378,-0.00314,0.378416,0.298139
0.057897,-0.125812,0.274189,0.249804,0.106993,0.337058,0.362546,0.098174,0.617711,0.121939,-0.305125,0.013393,0.200907,0.487507
0.180864,-0.139335,0.375931,0.195019,-0.112667,0.124722,0.179582,0.056161,0.660159,0.110657,-0.244703,-0.034016,0.176484,0.310533
-0.082652,0.140602,0.395858,0.110359,-0.029064,0.309191,-0.010288,0.052079,0.649051,0.068229,-0.106715,0.015146,0.448728,0.145184
0.221604,-0.039599,0.318621,0.096129,-0.206252,0.303695,0.250858,0.221572,0.591157,0.050391,-0.306337,-0.085554,0.396978,0.108611
-0.030531,-0.011695,0.48642,0.234204,-0.074112,0.408129,0.023392,0.203906,0.621324,0.051766,-0.067131,0.062035,0.453121,0.151263
-0.092926,0.046054,0.298642,0.233442,0.121273,0.239224,0.170726,0.107786,0.545704,0.299833,-0.245786,-0.036586,0.195007,0.266437
-0.036694,0.149236,0.015225,0.086417,0.070904,0.366658,0.315262,-0.068627,0.668072,0.021287,-0.175747,0.002088,0.117359,0.450044
0.100028,0.089988,0.157661,0.10548,-0.082255,0.390824,0.225112,0.163768,0.523391,0.082204,-0.171192,-0.094844,0.386692,0.131064
0.000192,-0.03896,0.272104,0.228949,-0.047449,0.331037,0.083086,0.143491,0.359785,0.263101,-0.126533,0.069377,0.310443,0.21764
-0.161594,-0.192724,0.287645,0.160277,0.037921,0.595922,0.093949,-0.166078,0.768831,0.145973,-0.120153,-0.007774,0.426496,0.210308
0.033598,-0.071325,0.182362,0.094682,0.058168,0.504166,0.343441,0.055563,0.483567,0.209067,-0.171257,-0.037563,0.344826,0.180043
-0.010056,-0.149227,0.401455,0.174554,-0.062971,0.480509,0.269325,0.352389,0.460378,0.124888,-0.305492,-0.093123,0.396531,0.298352
-0.025258,-0.057909,0.357076,0.011902,0.023519,0.462318,0.147374,0.070497,0.586239,0.11887,-0.093247,-0.029801,0.483262,0.132372
0.09045,-0.12446,0.284166,0.241221,-0.106484,0.382325,0.17686,0.163742,0.628323,0.020855,-0.165391,0.014495,0.372647,0.249159
0.060379,-0.227196,0.439485,0.137928,0.025072,0.488006,0.091562,0.094614,0.636654,0.13868,-0.307341,0.15895,0.24157,0.358128
-0.14018,-0.083256,0.394066,0.080241,0.128468,0.465562,0.401696,0.603601,-0.065799,0.090106,-0.140337,-0.084268,0.536981,0.186726
0.01156,-0.093902,0.224606,0.245209,-0.173798,0.367736,-0.051233,0.301528,0.473894,0.075023,-0.066693,0.021199,0.267962,0.306797
0.059101,-0.008088,0.189436,0.226557,0.035062,0.39157,0.296347,0.17649,0.599388,0.056233,-0.240395,-0.093397,0.406641,0.204139
-0.304077,0.064457,0.16584,0.19525,0.312316,0.390012,0.184951,0.20474,0.502235,0.019453,-0.280836,0.044514,0.153069,0.4093
-0.288384,0.102529,0.427954,0.185117,0.081399,0.393396,0.173108,0.227715,0.488985,0.248101,-0.293631,-0.108625,0.436548,-0.06691
-0.318026,-0.129491,0.535317,0.17855,0.191832,0.333856,0.343401,0.338339,0.324322,0.040402,-0.289286,-0.148131,0.261328,0.138334
-0.054533,-0.192848,0.445748,0.196721,0.020584,0.393879,0.086328,0.099461,0.622462,0.123999,-0.297015,0.018689,0.414729,0.240776
-0.216268,-0.038838,0.396061,0.150779,0.022216,0.459437,0.190838,0.181839,0.551398,0.063133,-0.213825,0.025025,0.305011,0.331278
0.052139,0.192222,0.146199,0.136883,0.049603,0.219785,0.179189,0.178129,0.56749,0.043695,-0.138777,0.056739,0.220766,0.368517
0.056173,0.047459,0.36185,0.054222,-0.195454,0.495671,0.138939,-0.056413,0.610716,0.176691,-0.019302,-0.033726,0.624299,-0.101113
-0.147168,-0.151877,0.447365,0.166045,0.01212,0.361604,0.161428,0.133838,0.643745,0.127016,-0.281253,-0.012334,0.222777,0.395266
-0.193222,0.116994,0.363295,0.10097,0.097731,0.427437,0.253975,0.0511,0.521615,0.24013,-0.190117,-0.005089,0.545965,0.175877
-0.263947,-0.318816,0.41852,0.293891,0.136195,0.496159,0.14979,0.04322,0.611262,0.173982,-0.306203,-0.070845,0.287534,0.279433
-0.178689,-0.013536,0.384613,0.210052,-0.049902,0.44603,0.125973,0.018972,0.659329,0.131878,-0.210892,-0.061122,0.51745,0.109134
-0.019311,-0.169449,0.466696,0.270414,0.042804,0.280634,-0.060383,0.126888,0.753692,0.142041,-0.182267,0.118165,0.239069,0.46476
0.058227,0.121689,0.332653,-0.040784,-0.224363,0.419689,0.330376,0.214667,0.596006,0.069501,-0.402296,-0.053759,0.474052,0.252002
-0.091965,-0.026008,0.352726,0.098708,0.120402,0.452808,0.124863,0.088844,0.515977,0.208704,-0.052766,0.1695,0.266396,0.346518
0.110199,-0.128854,0.239236,0.220709,0.048639,0.30273,0.185621,0.135042,0.623227,0.207016,-0.158655,-0.017517,0.152134,0.449466
-0.053436,-0.19108,0.556699,0.213107,0.014395,0.362213,-0.216688,0.058545,0.719402,0.226055,-0.024342,0.152915,0.468133,0.256038
-0.004281,-0.16879,0.433869,0.205448,-0.032773,0.3448,0.160096,0.059678,0.614488,0.085584,-0.199038,-0.013624,0.341953,0.11183
0.2614,-0.257197,0.198707,0.294814,0.017252,0.483196,0.302406,0.410713,0.334477,0.000376,-0.32505,-0.018091,0.381855,0.114733
0.233666,-0.052722,0.308136,0.200125,-0.186707,0.204832,0.211637,0.079269,0.625492,0.187071,-0.220584,-0.10993,0.307633,0.236628
0.015082,-0.107098,0.337072,0.075475,-0.067171,0.39564,0.293137,0.210721,0.520015,0.034767,-0.255499,-0.032086,0.426467,0.234059
-0.148131,-0.017017,0.549428,0.09635,0.07462,0.351052,-0.305689,0.316258,0.623358,0.144968,-0.047118,0.104613,0.355372,0.257077
-0.078971,-0.130051,0.403916,0.291215,0.062802,0.29083,0.197075,0.380382,0.50263,0.023069,-0.288929,-0.015723,0.257737,0.404066
0.107547,-0.137048,0.339593,0.075286,-0.057287,0.491164,0.136568,0.299808,0.224096,0.11898,-0.099611,0.100181,0.539126,0.104575
-0.19029,-0.071531,0.373154,0.279863,0.075131,0.377386,0.175467,0.077038,0.625169,0.197396,-0.179013,0.125558,0.24396,0.450484
0.078156,-0.008208,0.399313,0.212845,-0.168035,0.276206,0.137559,0.356642,0.568584,0.171515,-0.407076,-0.031995,0.362956,0.334056
0.003423,0.147482,0.206907,0.23758,-0.058544,0.323093,0.232007,0.099827,0.611541,0.160713,-0.267991,-0.13302,0.346498,0.118328
0.151282,-0.039447,0.216972,0.057982,-0.093364,0.444621,0.300456,0.120091,0.544736,0.099528,-0.267225,-0.133853,0.50181,0.049584
0.295411,0.125435,0.186706,0.165129,-0.240162,0.218853,-0.00545,0.108991,0.705216,0.108721,-0.078257,0.046315,0.304381,0.377645
0.221219,-0.025303,0.291268,0.174772,-0.257768,0.1845,0.197611,0.049897,0.437791,0.131055,-0.251554,-0.041738,0.194265,0.118668
0.06765,-0.050275,0.234711,0.171325,-0.006083,0.414523,-0.032843,0.102057,0.53501,0.149621,-0.025087,0.057145,0.347727,0.168404
-0.22825,-0.015004,0.370109,0.24563,0.104596,0.511243,0.129866,0.154868,0.460338,0.215799,-0.254203,0.044595,0.542312,0.148054
0.067967,-0.080197,0.296075,0.127132,-0.126534,0.471329,0.01745,0.279298,0.504815,0.105197,-0.128912,0.089818,0.436101,0.338253
-0.121831,-0.114432,0.197445,0.131802,0.028579,0.545895,0.044079,0.148901,0.598209,0.119305,-0.168747,-0.051473,0.394773,0.273874
-0.056911,-0.010965,0.528245,0.109177,-0.099713,0.308234,0.116426,0.149882,0.660494,0.181212,-0.341942,-0.118457,0.426082,0.248177
-0.015762,-0.156738,0.273213,0.232341,-0.013112,0.44611,0.173192,0.209834,0.556543,0.057887,-0.239711,0.122336,0.365608,0.348333
-0.092873,-0.004051,0.196413,0.257851,0.088994,0.408933,0.393474,0.198324,0.364142,0.126242,-0.288888,-0.129905,0.244899,0.305506
-0.011485,-0.201966,0.22954,0.23024,0.067262,0.428886,0.27601,0.302249,0.412574,0.060999,-0.435615,-0.090707,0.391942,0.227432
-0.318283,-0.125747,0.539958,0.197296,0.070074,0.291325,0.253065,-0.063937,0.568429,0.240627,-0.187418,0.025085,0.275037,0.340111
0.010737,-0.126063,0.21714,0.34274,0.083185,0.35316,0.141746,0.201383,0.561038,0.123608,-0.172252,-0.034458,0.205425,0.475592
0.06409,-0.081037,0.298894,0.176757,-0.086564,0.429866,0.180426,-0.071297,0.58786,0.238675,-0.104722,0.080341,0.364065,0.296402
-0.00982,-0.025437,0.226222,0.147683,0.044883,0.466964,0.098055,0.152751,0.676305,0.00151,-0.094458,0.018655,0.415161,0.15379
0.016612,0.107166,0.344623,0.157023,-0.106761,0.435508,0.074663,0.107576,0.688182,0.054361,-0.20836,0.211682,0.269472,0.300043
0.251669,0.161552,0.305218,0.155152,-0.266673,0.311769,0.231901,0.157763,0.523992,0.140928,-0.201147,-0.059204,0.504521,0.194222
-0.041362,-0.08402,0.569245,0.032925,-0.101691,0.404808,0.271077,0.067556,0.54661,0.127796,-0.195504,-0.048038,0.339725,0.278616
0.12116,-0.056003,0.319033,0.145475,-0.185982,0.326994,0.220963,0.319826,0.587342,-0.076565,-0.249858,-0.184014,0.282504,0.325587
-0.069557,-0.103293,0.295045,0.047076,0.185544,0.437893,0.283627,0.039917,0.511773,0.197867,-0.207364,-0.020941,0.221833,0.451868
0.124431,-0.105511,0.315149,0.162633,0.027298,0.326759,0.235688,0.499153,0.271116,0.078087,-0.243409,-0.135347,0.313779,0.270764
-0.125174,0.004055,0.259774,0.134287,-0.117156,0.398168,0.006434,0.189275,0.65936,0.130264,-0.172988,0.013425,0.231951,0.367118
-0.034628,0.116238,0.241382,0.003852,0.041272,0.37557,0.173603,0.314862,0.559025,0.121765,-0.189181,-0.114746,0.187339,0.234091
0.294042,-0.023175,0.354125,0.190344,-0.166327,0.347554,0.306841,0.23621,0.420916,0.108069,-0.272144,-0.041856,0.493448,0.002941
-0.008887,-0.080232,0.3615,0.249162,-0.034767,0.460599,0.17635,0.26476,0.34981,0.2432,-0.208982,-0.093703,0.58092,-0.03719
0.077669,-0.253648,0.324755,0.287678,0.012292,0.326685,-0.003152,0.037382,0.542306,0.313734,-0.153575,-0.131263,0.421118,0.278438
-0.210368,0.020993,0.302476,0.16253,0.075303,0.369663,0.303767,0.240607,0.435647,0.130144,-0.280787,-0.133455,0.339762,0.28617
-0.147276,-0.071742,0.472276,0.125403,0.04598,0.315342,0.072427,0.373979,0.456181,0.083185,-0.217923,-0.082897,0.316409,0.145029
-0.122144,-0.072872,0.442646,0.100233,0.003597,0.370185,0.173642,0.087389,0.630413,0.077036,-0.269558,-0.076345,0.391343,0.201345
0.066053,-0.084751,0.355767,0.145318,-0.110046,0.406623,0.148382,-0.09874,0.763834,0.029658,-0.160036,0.254175,0.279216,0.448723
-0.136933,0.203057,0.281131,0.077572,-0.059255,0.474228,-0.065439,0.127427,0.540625,0.228179,0.02297,0.160931,0.431396,0.322585
-0.083977,-0.072535,0.229912,0.2206,0.143025,0.367379,0.39636,0.08231,0.430045,0.205045,-0.28987,0.006833,0.290947,0.214098
-0.188356,-0.152249,0.417754,0.276483,0.128369,0.342811,0.195805,-0.124901,0.867257,0.068303,-0.220946,0.033085,0.420863,0.271908
0.069135,-0.042885,0.427705,0.1381,-0.08806,0.356955,0.329158,0.163133,0.514317,0.021125,-0.258689,-0.092448,0.436299,0.205164
0.057705,-0.013073,0.453014,0.152312,-0.09647,0.291218,0.07809,-0.026905,0.755303,0.133328,-0.161367,0.017901,0.465483,0.028165
0.013436,-0.226334,0.384745,-0.014552,0.138582,0.327755,0.231295,0.448099,0.217813,0.132956,-0.105455,-0.111199,0.425191,0.210225
0.263342,-0.091248,0.440686,-0.028467,-0.114501,0.369218,0.114713,0.154261,0.678423,0.098587,-0.207822,0.133369,0.408989,0.32192
-0.267151,0.021376,0.215162,0.187261,0.258507,0.46137,0.278822,0.198257,0.279631,0.276808,-0.160302,-0.145912,0.266129,0.142283
-0.172174,-0.016125,0.376094,0.148707,0.12465,0.335353,0.14426,0.302883,0.495777,0.094681,-0.270917,-0.040989,0.331487,0.117706
-0.018557,-0.126364,0.344006,0.20909,-0.022219,0.328597,0.220756,0.110003,0.497783,0.15854,-0.223721,-0.130207,0.414665,0.139227
-0.108707,-0.072897,0.503788,0.119249,-0.020966,0.387079,-0.197764,0.302932,0.544589,0.154871,-0.072734,0.060419,0.406002,0.282097
0.07826,-0.06385,0.237494,0.250979,-0.037866,0.376213,0.130942,0.142769,0.539706,0.100407,-0.157554,-0.09594,0.403288,0.046042
-0.070647,-0.048715,0.415446,0.154134,-0.00243,0.40073,0.006329,0.082068,0.757941,0.146048,-0.186742,0.093238,0.353428,0.249532
-0.016966,0.04273,0.444414,0.262988,-0.125358,0.117373,0.137821,0.300658,0.462813,0.212516,-0.283128,-0.227057,0.434355,0.102384
0.211834,-0.123287,0.335005,0.128304,-0.177182,0.364399,0.214785,0.445899,0.41252,0.07799,-0.328242,-0.184349,0.481779,0.175822
0.073994,0.015334,0.191889,0.118465,0.044707,0.472014,0.377947,0.021619,0.518384,0.150969,-0.310431,-0.104208,0.530953,-0.020509
-0.164085,0.115611,0.415765,0.081686,-0.070502,0.39487,0.072234,0.063884,0.574443,0.147677,-0.097571,0.048444,0.395473,0.288354
0.072406,-0.14689,0.376977,0.079193,-0.071316,0.465364,0.102084,0.193673,0.539774,0.268773,-0.170978,-0.013228,0.444717,0.200632
-0.204372,-0.071412,0.372517,0.212891,0.121197,0.445363,0.144321,0.187729,0.555658,0.043671,-0.155557,0.068863,0.398261,0.400049
-0.048044,-0.124106,0.383152,0.186706,-0.145051,0.365088,0.253104,0.096278,0.37976,0.212143,-0.147282,-0.114058,0.353789,0.206882
0.07652,-0.04773,0.310572,0.149573,-0.11714,0.413535,-0.122009,0.18464,0.76473,-0.062101,-0.117398,0.099717,0.474928,0.232861
-0.031003,-0.057838,0.410027,0.241299,-0.163639,0.34746,0.103157,0.162378,0.598945,0.208246,-0.239286,-0.056645,0.334059,0.187713
0.094521,0.112818,0.282196,0.073294,-0.258537,0.437014,0.29963,0.166822,0.385734,0.237729,-0.294678,-0.131861,0.605694,0.119859
0.082197,0.104306,0.052408,-0.065262,-0.015345,0.531721,0.190754,0.02083,0.757006,0.229932,-0.268217,-0.169594,0.399995,0.344845
0.106691,-0.075409,0.319612,0.12423,-0.042045,0.377703,0.003199,0.21971,0.577799,0.116524,-0.106774,0.029967,0.459199,0.234589
-0.142968,0.214623,0.110066,0.207828,0.005149,0.390824,0.226246,0.160082,0.50799,0.214498,-0.325945,-0.058934,0.414525,0.281241
-0.207542,-0.089725,0.443863,0.143336,0.200916,0.558648,0.019678,0.052689,0.586361,0.272022,-0.101238,0.083403,0.473137,0.282776
0.027127,0.110501,0.257259,0.25041,-0.119965,0.355036,0.069467,0.141431,0.657266,0.103878,-0.191183,-0.00204,0.540881,0.043364
0.108469,-0.113417,0.264283,0.270006,-0.029462,0.339414,0.425131,-0.024986,0.795306,-0.06112,-0.238473,-0.009248,0.185624,0.316573
0.017659,-0.118754,0.252696,0.089981,-0.006467,0.50217,0.111163,0.239477,0.496184,0.129668,-0.166602,0.023337,0.360356,0.401996
0.111399,-0.089332,0.302568,0.141693,-0.005694,0.464976,0.153725,0.369109,0.356261,0.16529,-0.04083,-0.123071,0.497394,0.006983
-0.152351,0.10704,0.454367,0.199208,-0.160841,0.155285,0.082483,0.028649,0.768913,0.077385,-0.083138,-0.079498,0.277374,0.357001
0.165351,-0.119417,0.261406,0.208669,-0.057267,0.271658,-0.094353,0.322346,0.576111,0.237839,-0.134845,-0.094631,0.384315,0.309533
0.297356,-0.233942,0.31972,0.139246,-0.216111,0.480761,0.129721,0.336786,0.417984,0.053146,-0.374298,0.078524,0.428388,0.372435
-0.131224,-0.039707,0.165878,0.234852,0.08864,0.407076,0.488433,-0.023734,0.255683,0.219765,-0.205214,-0.029927,0.311342,0.304049
0.22984,-0.101628,0.290509,0.07706,-0.14675,0.342128,0.390375,0.130111,0.512622,0.136112,-0.365062,-0.121214,0.429077,0.126848
-0.086304,-0.089338,0.467924,0.288019,-0.091651,0.293544,0.199884,0.201181,0.572842,0.042311,-0.209081,0.039435,0.282618,0.508457
0.168728,-0.191431,0.375558,0.266342,-0.189047,0.382136,0.187584,-0.102262,0.825073,0.051365,-0.198557,0.012684,0.606645,0.000224
-0.072381,-0.065782,0.409486,0.025433,0.062445,0.390677,0.340659,0.388984,0.310863,0.113888,-0.187823,-0.025637,0.320873,0.406393
0.09963,-0.156139,0.188038,0.201011,0.102999,0.388523,0.318296,-0.026418,0.593524,0.139114,-0.23065,0.228474,0.167471,0.695791
-0.028967,-0.267534,0.543356,0.180368,-0.031207,0.431752,0.219265,0.309139,0.52171,-0.002752,-0.372224,-0.082922,0.463421,0.1295
0.101497,-0.13694,0.454292,0.07672,-0.107317,0.406382,0.21965,0.243206,0.453855,0.064025,-0.277169,-0.071839,0.633672,0.065609
-0.274024,0.039376,0.323182,0.08088,0.070832,0.496357,0.016689,0.332358,0.448731,0.084268,-0.133423,0.107842,0.365978,0.356089
-0.137165,-0.046102,0.490965,0.020972,0.040974,0.348309,0.12287,0.209525,0.456196,0.20036,-0.231232,-0.09014,0.357972,0.139449
0.17423,-0.083378,0.412278,0.210162,-0.142478,0.397942,0.217662,0.483357,0.366688,0.047201,-0.293451,0.000797,0.296472,0.199949
-0.327761,0.038455,0.375019,0.247156,0.254359,0.325068,0.044919,0.333249,0.600492,0.134395,-0.260829,0.080759,0.210129,0.440841
0.158465,-0.143551,0.159549,0.186738,0.090621,0.429226,0.079623,0.033728,0.700026,0.019919,-0.112304,0.108936,0.299079,0.309485
0.161621,-0.08938,0.273631,0.283167,-0.120546,0.260799,0.105629,0.003624,0.605547,0.254503,-0.129973,0.02096,0.288143,0.12952
-0.136663,0.000129,0.24541,0.139681,0.093642,0.524094,0.276665,0.173597,0.481446,0.15835,-0.209644,0.047785,0.581642,0.268587
0.074959,-0.039425,0.299959,0.282723,0.036565,0.253014,0.15214,0.206774,0.60525,0.087996,-0.253565,-0.001739,0.187706,0.3227
-0.014145,-0.096136,0.26313,0.105977,0.037196,0.413215,0.200587,0.264754,0.438969,0.06949,-0.212299,0.002308,0.455781,0.290621
0.16181,-0.1723,0.225689,0.155292,-0.11185,0.391981,-0.074832,-0.118189,0.889327,0.078459,-0.177202,0.023146,0.315904,0.265673
-0.200317,0.202161,0.362704,0.163263,-0.05969,0.358531,0.110237,0.099894,0.634549,0.07402,-0.113874,0.059795,0.469562,0.256488
-0.094858,0.052715,0.345457,0.135613,0.065471,0.402417,-0.136954,0.445277,0.58193,0.02081,-0.253086,0.12805,0.325796,0.203416
-0.057331,0.095169,0.159989,0.149431,-0.017444,0.466431,0.073908,-0.010701,0.652303,0.216449,-0.16341,0.005202,0.57423,0.214268
-0.107773,-0.174668,0.562641,0.258506,0.032126,0.385084,0.002429,-0.009646,0.659599,0.273717,-0.006923,-0.072513,0.497966,-0.229549
0.005223,-0.179337,0.573212,0.206832,-0.005712,0.312269,0.320789,0.277642,0.359568,0.090851,-0.179842,-0.1199,0.53388,-0.079713
0.029908,-0.039482,0.213001,0.076364,-0.067586,0.420221,0.237419,0.499692,0.417561,0.081659,-0.260569,-0.074603,0.345216,0.254541
-0.027998,-0.027489,0.318627,0.137624,-0.070138,0.534112,0.165303,0.138097,0.548071,0.213206,-0.215152,-0.058182,0.682081,0.104813
0.350376,-0.143085,0.410517,0.151922,-0.31069,0.24848,-0.035716,0.136084,0.61573,0.176713,-0.133095,0.110114,0.394718,0.2522
0.092791,-0.009945,0.326659,0.230672,-0.14602,0.354074,0.044967,0.213153,0.442403,0.339956,-0.091407,-0.103795,0.482823,0.108597
-0.31628,0.050939,0.526109,0.224644,-0.066748,0.497323,0.010677,-0.059989,0.750776,0.130346,-0.043517,0.088195,0.366721,0.214894
0.124632,-0.005019,0.281366,0.074193,-0.131858,0.353856,-0.146324,0.284278,0.568213,0.049787,-0.091187,0.194351,0.231554,0.248026
-0.01975,0.173826,0.359311,0.102823,-0.140055,0.262499,0.283931,0.223763,0.638112,0.041886,-0.206449,-0.194008,0.23537,0.026548
-0.213166,0.097858,0.424892,0.134944,0.008289,0.307836,-0.151867,0.329175,0.505871,0.156949,-0.103469,-0.029412,0.502701,0.253095
0.08974,0.055729,0.290471,0.054642,-0.123556,0.369486,0.229322,0.211021,0.437406,0.231793,-0.16617,-0.168891,0.549081,0.148945
-0.140967,0.125375,0.115913,0.269983,0.183024,0.284019,0.352294,0.093511,0.629483,0.093441,-0.319379,0.090722,0.187831,0.568342
0.040275,0.030857,0.325208,0.155551,-0.076087,0.505673,-0.047161,0.164246,0.612325,0.168039,-0.145023,0.076061,0.691696,0.026579
-0.197789,-0.225472,0.526304,0.250186,0.108494,0.372343,0.171917,-0.020867,0.651796,0.243649,-0.364721,0.132158,0.233835,0.415776
-0.005211,-0.086723,0.430309,0.248575,-0.014195,0.307257,0.202484,0.047726,0.529984,0.218674,-0.147685,0.189168,0.224399,0.381821
0.05494,0.023173,0.387631,0.217349,-0.118807,0.28764,0.103861,0.196419,0.592192,0.110271,-0.224972,0.08539,0.250196,0.34831
-0.117935,-0.213995,0.367324,0.139683,0.141666,0.427414,0.220784,0.135548,0.536883,0.183091,-0.204953,-0.089665,0.144837,0.318192
-0.076361,0.049402,0.247999,0.076296,0.012528,0.403304,0.213476,0.112411,0.629798,0.07638,-0.236415,0.041747,0.296372,0.321141
-0.09012,0.058312,0.324479,0.105443,-0.033153,0.554224,0.108594,0.139909,0.525933,0.165588,-0.169337,0.03626,0.621071,0.19217
-0.335955,0.068713,0.35178,0.057725,0.097457,0.545401,0.15398,0.042303,0.604175,0.095995,-0.136286,0.103413,0.332443,0.253665
-0.059154,0.031435,0.413164,0.260737,-0.223549,0.28472,-0.010987,0.122093,0.571211,0.144263,-0.194057,0.016398,0.40068,0.191254
-0.177142,-0.030132,0.324621,0.171789,0.192306,0.329872,-0.008123,0.085785,0.792634,0.106976,-0.30107,0.211345,0.057399,0.34661
-0.019933,0.09157,0.220543,0.117194,-0.084976,0.239704,0.302969,0.28736,0.361269,0.082563,-0.170499,-0.049497,0.121812,0.397169
0.332755,0.094864,0.164812,0.093458,-0.258032,0.449872,0.385211,-0.010229,0.73749,0.030446,-0.30211,-0.065614,0.662239,-0.106853
-0.057101,-0.022835,0.227219,0.180576,0.070658,0.434319,0.111664,-0.108055,0.625425,0.293096,-0.038106,0.037255,0.3758,0.2344
-0.020907,-0.23378,0.594186,0.122783,0.008875,0.403642,0.266244,0.245648,0.431217,0.195783,-0.205037,-0.001863,0.380295,0.266941
-0.011547,-0.120121,0.358503,0.28153,0.033099,0.324657,0.277954,0.12032,0.553642,0.080068,-0.308205,-0.032156,0.41743,0.269324
-0.191487,-0.034921,0.391106,0.127696,0.016819,0.366533,0.158718,0.139993,0.558223,0.232683,-0.197434,-0.06017,0.35356,0.115986
-0.198517,0.012962,0.299769,0.249108,0.105256,0.357918,0.002305,-0.136736,0.678164,0.37264,0.006828,0.031471,0.455139,0.230143
0.085542,-0.190464,0.349915,0.168765,-0.108656,0.318028,0.21348,0.136232,0.508264,0.134938,-0.224984,0.004176,0.262576,0.366495
0.102557,-0.022713,0.179302,0.247271,-0.134428,0.490625,-0.038577,0.306965,0.520796,0.110637,-0.111332,0.020817,0.540299,0.312658
0.027223,-0.269074,0.529806,0.184584,0.031654,0.405585,0.239132,0.296786,0.41685,0.046746,-0.220961,0.036087,0.333621,0.290119
-0.407951,0.315955,0.267924,0.033257,0.054908,0.400408,0.166905,0.076758,0.662192,0.003774,-0.153971,0.050315,0.297018,0.454148
0.159504,-0.316297,0.37987,0.16304,0.03371,0.412755,0.133794,0.072407,0.722102,0.032218,-0.109523,0.003649,0.359404,0.246412
0.231333,0.027537,0.187069,0.295501,-0.168404,0.271877,0.000187,0.097822,0.706617,0.149163,-0.134348,0.115946,0.256361,0.288739
0.019969,-0.230718,0.173084,0.187224,0.263337,0.481105,0.173209,-0.008576,0.683155,0.019223,-0.091725,0.254695,0.27611,0.521116
-0.0111,-0.02695,0.245487,0.144724,0.019381,0.392073,0.245537,0.186812,0.459492,0.114634,-0.16657,-0.021752,0.297639,0.449958
0.132377,-0.152162,0.308564,0.137082,-0.087244,0.325615,0.11674,0.15746,0.588598,0.083381,-0.198338,0.091203,0.092128,0.476411
0.190201,-0.066932,0.162711,0.167879,0.048452,0.374164,0.181199,0.152216,0.518742,0.110055,-0.155845,0.084529,0.233573,0.383169
-0.106209,0.076421,0.296877,0.12384,-0.031954,0.516319,0.180971,0.275835,0.390998,0.122321,-0.165809,0.028614,0.441685,0.194522
-0.014213,-0.130815,0.404141,0.229922,-0.130445,0.434566,0.224279,0.148907,0.540216,0.226831,-0.225742,-0.091749,0.304847,0.229376
-0.030958,0.127037,0.28332,0.020587,-0.103515,0.391905,0.211051,0.132971,0.550273,0.105096,-0.193109,0.072446,0.404455,0.391941
0.077958,-0.064354,0.213992,0.167558,0.028761,0.361402,0.21421,0.149599,0.617412,0.145813,-0.282923,-0.003235,0.312724,0.167765
-0.014771,-0.07323,0.472199,0.069466,-0.199156,0.522377,0.273624,0.006001,0.67798,0.217704,-0.298529,-0.071857,0.456061,0.178735
-0.063657,-0.309483,0.668091,0.042623,-0.17513,0.367048,0.146306,0.340116,0.336281,0.095436,-0.257476,0.013146,0.264562,0.264167
-0.07687,0.064865,0.376957,0.216859,0.024933,0.251122,0.251058,0.133115,0.607252,0.061823,-0.222214,0.009636,0.341322,0.154822
0.222103,-0.099677,0.334417,0.091389,-0.097565,0.298902,0.326467,0.323593,0.560098,-0.044412,-0.279924,-0.156488,0.325839,0.261167
-0.053833,0.103465,0.280596,-0.010958,-0.070324,0.451695,0.341706,0.181589,0.363316,0.089601,-0.225037,-0.083447,0.486283,0.225257
-0.072737,-0.017456,0.331596,0.107761,0.051187,0.408767,0.103268,0.321467,0.591558,0.0899,-0.158552,-0.004675,0.205797,0.366414
-0.128626,-0.073852,0.37536,0.144279,-0.020768,0.457413,0.110913,-0.089979,0.657668,0.307771,-0.146807,-0.06665,0.519151,0.09902
0.051373,-0.009164,0.177647,0.181791,0.103844,0.404098,0.114401,0.171635,0.581284,0.019283,-0.178777,0.124698,0.320609,0.200671
-0.12533,-0.09511,0.391775,0.145612,-0.007457,0.505944,0.093561,0.21758,0.581467,0.017249,-0.249239,-0.049605,0.405401,0.164077
-0.056591,-0.018542,0.420527,0.045769,-0.080325,0.314465,0.153014,0.200433,0.632179,0.069419,-0.24554,0.061267,0.171212,0.355821
-0.004002,-0.093182,0.196582,0.180876,-0.043825,0.414468,0.226701,0.297263,0.431282,0.109224,-0.213402,-0.076535,0.296769,0.138052
-0.078555,-0.012425,0.223548,0.165581,-0.08513,0.469155,0.251447,-0.172493,0.945014,0.051568,-0.254572,0.082055,0.456601,0.224109
0.002642,-0.092901,0.187044,0.224581,0.120922,0.450081,0.039395,0.08192,0.751966,0.119258,-0.176466,0.258089,0.33296,0.551473
-0.040204,-0.238162,0.501313,0.062912,0.030799,0.394812,0.135934,0.116977,0.587279,0.09628,-0.222776,0.064558,0.371526,0.253282
0.221427,-0.092641,0.26942,0.171702,-0.009002,0.312175,0.161534,0.062992,0.573007,0.117245,-0.101013,0.170041,0.280722,0.401954
0.160241,-0.251926,0.341719,0.216651,-0.021225,0.25925,-0.024104,0.103518,0.558317,0.166598,-0.045308,0.018284,0.256004,0.145928
-0.065397,-0.048714,0.294881,0.138197,-0.060454,0.477633,0.092146,0.214469,0.581075,0.167477,-0.260959,-0.0094,0.376223,0.177791
-0.07257,-0.153222,0.536165,0.120875,-0.015886,0.325435,-0.051298,0.418708,0.357176,0.149829,-0.133937,0.005209,0.341748,0.239752
-0.095147,-0.125089,0.482725,0.147159,-0.036649,0.32637,-0.000702,-0.064576,0.797443,0.15358,-0.091872,0.130621,0.303057,0.435052
-0.095506,-0.204889,0.362739,0.269332,0.07945,0.395717,0.250702,0.257581,0.474674,0.083089,-0.273852,0.004488,0.340968,0.46957
-0.159375,-0.138404,0.312967,0.103907,0.152889,0.436853,0.140149,0.089426,0.582204,0.033598,-0.096208,0.107436,0.193413,0.515317
0.045475,-0.441458,0.500311,0.294424,0.055591,0.40814,0.253679,0.393679,0.340952,0.20935,-0.410548,-0.034762,0.429722,0.179133
-0.150737,0.086056,0.328612,0.051989,-0.07855,0.556061,0.15299,0.231112,0.523457,-0.02698,-0.23955,-0.006258,0.581564,0.110627
-0.224083,0.018153,0.35369,0.179716,0.111496,0.38576,0.055083,0.309538,0.45543,0.261124,-0.157431,0.054716,0.189003,0.447322
0.097754,-0.087521,0.33037,0.179468,-0.169603,0.418291,0.402874,0.27506,0.411773,0.160838,-0.382048,-0.044224,0.457806,0.147841
-0.146298,-0.193,0.428699,0.08245,0.088623,0.537122,0.229974,-0.042256,0.687181,0.032931,-0.241029,-0.006529,0.406821,0.23781
-0.110625,0.013515,0.3562,0.116207,0.090224,0.402772,0.301922,0.190486,0.456095,0.113843,-0.285528,-0.014414,0.295772,0.37971
-0.106581,0.040255,0.223514,0.185205,0.102722,0.487809,0.089897,0.309564,0.508771,0.049899,-0.084695,0.0026,0.470489,0.244534
0.101836,-0.038104,0.182027,0.177917,0.103098,0.275119,0.162586,0.233876,0.450438,-0.069381,-0.172628,0.068411,0.259371,0.308201
-0.015851,-0.187564,0.327975,0.276903,0.051412,0.32498,0.198939,0.35048,0.422989,0.127042,-0.292513,-0.071792,0.313642,0.304239
0.06033,0.043432,0.342972,0.093452,-0.116426,0.332762,0.184559,0.102938,0.573956,0.157301,-0.220734,-0.033245,0.307865,0.387088
-0.273273,0.029222,0.439229,0.2649,-0.062822,0.388253,-0.019012,0.171936,0.594635,0.272391,-0.114862,-0.026198,0.493328,0.111426
0.053165,-0.178663,0.402061,0.205822,0.027505,0.338443,-0.029019,0.139206,0.54784,0.327004,-0.12636,0.040901,0.255821,0.297973
-0.016202,-0.313396,0.634428,0.252433,0.012613,0.391901,0.141504,-0.144217,0.756328,0.265194,-0.013258,-0.123815,0.547576,-0.209409
-0.00537,0.004593,0.280609,0.165008,-0.120226,0.315488,0.060992,0.230489,0.562901,0.321917,-0.252023,-0.102527,0.297749,0.214553
-0.034009,-0.207267,0.354259,0.1243,0.019192,0.503837,0.32919,-0.078477,0.697307,0.001835,-0.339231,-0.075996,0.437043,0.253995
-0.332832,0.092136,0.345067,0.120905,0.283013,0.382016,0.143254,0.225661,0.430143,0.093457,-0.116172,0.130614,0.196444,0.275331
-0.222642,0.097445,0.367713,0.131318,-0.012574,0.245833,0.180722,-0.006855,0.80646,-0.027124,-0.263738,0.079976,0.044181,0.636333
-0.064118,-0.029117,0.253538,0.19337,0.019208,0.398331,0.455221,0.147005,0.314243,0.160759,-0.321335,-0.098862,0.440603,0.179902
-0.129264,-0.167115,0.324183,0.22392,0.176604,0.438748,0.222923,0.329936,0.302828,0.166407,-0.26897,-0.045226,0.279752,0.254572
-0.027349,-0.203543,0.384055,0.188633,-0.120455,0.262583,0.14287,0.155262,0.653139,0.047609,-0.302379,0.107762,0.001003,0.497966
0.028885,-0.136496,0.426777,0.09157,0.003074,0.3931,0.071573,0.082576,0.587744,0.235824,-0.106685,0.063433,0.279579,0.366663
-0.032394,-0.10415,0.34071,0.204391,-0.101562,0.530585,-0.073474,0.213388,0.685001,0.122899,-0.175497,0.028035,0.454145,0.208408
-0.008499,-0.057528,0.446891,0.158085,-0.112827,0.397928,0.069719,0.144538,0.553974,0.168018,-0.179029,-0.006726,0.480882,-0.018154
-0.001584,-0.093881,0.316564,0.129834,0.015398,0.405172,0.17138,0.16415,0.600403,0.02538,-0.202255,0.026421,0.193195,0.358845
-0.114699,0.12118,0.260767,0.159853,-0.049937,0.377223,0.20488,0.205417,0.5003,0.104115,-0.211438,0.092389,0.280855,0.37774
0.266705,-0.178592,0.377959,0.176307,-0.175219,0.314303,0.109972,0.166141,0.583899,0.150104,-0.192947,-0.113659,0.343951,0.0815
0.035198,0.026374,0.28473,0.080832,-0.119909,0.342923,0.232209,0.249643,0.539303,0.032017,-0.28091,-0.032584,0.33891,0.265785
0.023781,-0.110087,0.400111,0.348025,-0.18776,0.340072,0.173536,0.259263,0.413686,0.233122,-0.265434,-0.07869,0.415297,0.066176
-0.150359,0.106957,0.357215,0.124438,-0.075682,0.180202,0.334289,0.263421,0.348142,0.146601,-0.240407,-0.145695,0.218677,0.329806
-0.198128,-0.068525,0.349573,0.208674,0.033629,0.393283,-0.009465,0.308004,0.664808,-0.029896,-0.218283,0.081537,0.346409,0.411542
0.210525,-0.051742,0.317329,0.162705,-0.148054,0.265431,0.094709,0.276358,0.32286,0.195402,-0.026497,-0.073844,0.377088,0.069571
-0.137362,-0.011799,0.390516,0.218923,0.097042,0.346849,-0.012616,0.165251,0.741486,0.051661,-0.090296,0.011147,0.287911,0.188299
-0.089867,-0.010269,0.151047,0.056051,-0.035811,0.640514,0.355661,0.044207,0.593743,0.132338,-0.222883,0.026142,0.347056,0.404127
-0.089485,0.055637,0.430723,0.172435,-0.100074,0.337317,0.16935,0.138867,0.47484,0.102482,-0.139308,0.023977,0.429451,0.17662
0.094797,-0.098899,0.299703,0.218004,0.018818,0.393276,0.202705,0.150551,0.407807,0.13818,-0.179444,0.087358,0.336911,0.188265
0.210775,-0.098193,0.278494,0.14506,-0.249665,0.245732,0.348675,0.209449,0.549195,0.007227,-0.293204,-0.004424,0.234379,0.360224
0.17552,-0.094703,0.494384,0.168006,-0.148246,0.23843,0.108186,-0.040421,0.769893,0.063265,-0.069926,0.058832,0.198108,0.315592
-0.058079,-0.033269,0.204537,0.243718,0.010205,0.431572,0.299254,0.069207,0.57533,0.118376,-0.266446,-0.089205,0.249996,0.261594
-0.008824,-0.09928,0.365914,0.231004,0.008286,0.287167,0.419651,0.419705,0.286861,0.172867,-0.500761,-0.101608,0.348258,0.400681
-0.099037,-0.173045,0.442416,0.222091,0.179573,0.319804,0.066674,0.32439,0.421143,0.154548,-0.182084,-0.090642,0.267317,0.045958
0.123709,-0.264471,0.228048,0.140797,-0.125084,0.568182,0.11527,0.079394,0.568304,0.048344,-0.042383,0.014743,0.582189,0.243877
-0.122756,-6.3e-05,0.484115,0.089435,-0.035632,0.288257,0.163981,0.323163,0.449056,0.170765,-0.146036,-0.049342,0.393756,0.230244
-0.131106,-0.124935,0.297315,0.184619,0.080995,0.520676,0.231995,0.467875,0.396258,-0.007486,-0.245397,-0.132998,0.342781,0.3455
-0.068302,-0.046678,0.466003,0.164588,-0.212166,0.330988,0.168018,0.056506,0.61374,0.090864,-0.251078,-0.075148,0.471855,0.249464
0.142787,0.147726,0.156797,0.127488,-0.150183,0.4443,0.175357,0.103905,0.615483,0.202785,-0.241761,-0.019059,0.466221,0.149807
-0.185808,-0.040487,0.346027,0.056116,-0.052003,0.404025,0.170505,0.22988,0.5367,0.077273,-0.304684,-0.047469,0.306883,0.365835
0.020281,-0.098519,0.394935,0.165552,0.026739,0.30414,0.307281,0.345773,0.413445,0.032944,-0.241056,-0.081286,0.220282,0.353493
0.310982,-0.136289,0.271686,0.236462,-0.20015,0.325483,0.026207,0.032493,0.582468,0.23873,-0.136917,-0.01381,0.397602,0.016989
0.313397,-0.079486,0.139038,0.071461,0.029463,0.170782,0.331529,0.141359,0.504823,0.097232,-0.267769,-0.204695,0.162885,0.108589
-0.112142,-0.149737,0.397689,0.242761,0.105993,0.329469,0.064119,0.411245,0.419566,0.109202,-0.192222,0.069493,0.300891,0.455872
-0.114597,0.022935,0.207766,0.121519,0.10357,0.531369,0.216876,0.05562,0.553324,0.128779,-0.055996,0.101302,0.363861,0.287519
-0.044585,-0.03091,0.177389,0.218111,0.014938,0.400307,0.069683,-0.059166,0.843821,0.058661,-0.158538,0.040198,0.291178,0.456809
0.080627,-0.038172,0.33289,0.109488,-0.171267,0.408568,0.258792,-0.071359,0.719892,0.104342,-0.143775,0.011605,0.328929,0.343541
0.131994,-0.086246,0.355198,0.158389,-0.158546,0.486024,0.020707,0.20632,0.627551,0.073716,-0.128944,0.066529,0.497605,0.174334
0.022059,-0.25276,0.397981,0.083299,0.129589,0.452051,-0.029339,0.045898,0.683853,0.124501,-0.200543,0.045197,0.385145,0.29232
-0.069284,-0.128975,0.420662,0.214094,0.008974,0.402447,-0.004655,-0.084807,0.622814,0.222698,0.057081,0.127364,0.331428,0.226239
-0.014636,-0.416801,0.458403,0.125165,0.060636,0.487903,0.38525,0.291016,0.465723,-0.037996,-0.352888,-0.129719,0.312097,0.270825
0.01092,-0.195673,0.339808,0.208096,0.068786,0.34593,0.108503,-0.178671,0.943268,-0.054558,-0.146525,0.027302,0.285415,0.408969
0.267357,-0.514379,0.633191,0.155017,-0.078203,0.398654,0.258587,-0.17151,0.717331,0.173016,-0.243844,0.140796,0.485755,0.03008
-0.033735,-0.055208,0.437505,0.183937,-0.162597,0.294581,-0.019413,0.129078,0.604976,0.000895,-0.08412,0.125309,0.373463,0.32229
-0.101092,-0.118951,0.298249,0.329065,-0.009117,0.331993,0.031553,0.293676,0.384273,0.175148,-0.132866,0.017,0.386441,0.242228
-0.075144,0.02124,0.227669,0.107374,-0.010762,0.407134,0.323476,0.232173,0.497764,0.099703,-0.329717,0.00831,0.23036,0.463439
0.110926,0.118352,0.063372,0.101326,0.048074,0.379202,0.302854,0.373106,0.318977,-0.020719,-0.054502,0.039566,0.377968,0.323426
-0.070066,-0.052083,0.163875,0.20636,0.088161,0.337284,0.293056,0.270019,0.474992,0.002123,-0.248743,0.006371,0.336621,0.457721
0.103817,-0.089049,0.427746,0.173981,-0.139135,0.236461,0.225238,0.290041,0.39426,0.200704,-0.210739,-0.062908,0.221757,0.29428
-0.28518,-0.019764,0.557084,0.120251,0.091704,0.343508,0.181583,0.201558,0.56033,0.2104,-0.297233,0.048676,0.301357,0.426828
-0.213563,-0.276472,0.711619,0.187195,-0.023745,0.36877,0.070205,0.072462,0.53364,0.192571,-0.170009,0.010725,0.423028,0.208905
-0.033777,-0.055673,0.172157,-0.013729,0.076617,0.614674,0.104645,0.234604,0.588324,0.102103,-0.109007,-0.019011,0.431218,0.33197
0.313097,-0.107874,0.229746,0.325554,-0.111141,0.273629,0.324807,-0.001981,0.493389,0.224905,-0.244732,0.022286,0.417192,0.171321
-0.115168,0.056102,0.233738,0.071567,-0.043648,0.472352,0.145868,0.273965,0.465678,0.176309,-0.116746,-0.035602,0.367709,0.284807
0.169116,-0.146581,0.405246,0.211177,-0.266422,0.343591,0.24716,0.124531,0.439451,0.272189,-0.205083,-0.203676,0.525718,-0.000595
-0.13749,0.011028,0.336877,0.09188,0.138455,0.331515,0.146153,0.391615,0.428383,0.129053,-0.183297,-0.15631,0.402133,0.34239
0.137084,0.025099,0.359195,0.152102,-0.202305,0.323161,-0.015555,0.135661,0.63142,0.085526,-0.043513,0.141992,0.299055,0.396586
-0.129696,0.190429,0.176942,0.352567,-0.124104,0.231065,0.148364,0.0036,0.7384,0.199004,-0.176182,-0.014111,0.264979,0.390658
-0.289126,-0.059423,0.419702,0.242566,0.130065,0.425225,0.054505,0.281241,0.386719,0.295597,-0.171495,-0.069685,0.351605,0.143986
0.140826,-0.092986,0.298686,0.182667,-0.208579,0.398221,0.105854,0.022068,0.630952,0.191358,-0.099936,-0.010446,0.348926,0.241798
0.31168,-0.165558,0.290617,0.145914,-0.14514,0.423714,0.07017,0.085677,0.707274,0.108812,-0.276237,0.062209,0.341965,0.267833
-0.10355,-0.084996,0.220453,0.15179,0.086151,0.498624,0.142765,0.348847,0.327639,0.194298,-0.153044,-0.003103,0.307182,0.149156
-0.058227,-0.034841,0.25689,0.118425,0.086169,0.594504,0.21836,0.202322,0.39914,0.127638,-0.159909,-0.117214,0.547669,0.171039
-0.053293,0.07024,0.233191,0.167039,-0.113704,0.424567,0.217421,0.177933,0.516933,0.226117,-0.199584,-0.081934,0.379723,0.317589
-0.144141,0.080616,0.301938,0.16271,-0.048014,0.371687,0.106464,0.289422,0.561519,0.244132,-0.302234,-0.01785,0.306111,0.341107
-0.103108,0.090944,0.260558,0.035328,0.060344,0.448053,0.127457,0.06663,0.633084,0.104541,-0.112988,-0.08459,0.386097,0.362296
-0.153165,-0.181918,0.534086,0.211045,-0.039732,0.326126,0.266166,0.176711,0.498365,0.160676,-0.2689,-0.072515,0.337031,0.256745
-0.007827,-0.086505,0.263346,0.054794,0.048405,0.432336,0.323893,0.168333,0.469951,0.025966,-0.118201,0.02809,0.24257,0.347433
0.044913,-0.224392,0.542236,0.08192,-0.070041,0.292789,0.182851,0.275099,0.456263,0.050541,-0.276182,0.048886,0.176926,0.353591
-0.139511,0.011902,0.431485,0.025273,0.034191,0.447082,0.273209,0.288951,0.398343,0.184405,-0.245548,-0.148324,0.45997,0.160114
-0.095037,-0.053611,0.360346,0.284592,0.109165,0.363417,0.250136,0.269978,0.610605,0.05164,-0.314276,-0.020166,0.325693,0.284494
0.014944,0.062107,0.102614,0.106567,0.021133,0.531571,0.067575,0.314941,0.433062,0.091128,-0.163415,0.021939,0.436643,0.233114
0.183801,-0.203067,0.507092,0.127083,-0.218153,0.376348,0.14587,0.233338,0.464191,0.185146,-0.248563,-0.083318,0.489438,0.051569
-0.234753,0.029462,0.39191,0.053267,0.098381,0.523509,0.254395,0.035776,0.644764,0.20855,-0.176165,0.006596,0.185139,0.483544
0.150848,-0.098753,0.23493,0.208068,-0.060046,0.476066,0.152726,0.352548,0.236174,0.222448,-0.11328,-0.008704,0.398646,0.192796
0.099228,0.092924,0.254781,0.015845,-0.199012,0.501977,0.230857,0.22406,0.367231,0.126396,-0.060904,0.009535,0.39334,0.208615
-0.096012,-0.07421,0.336608,0.069623,-0.047291,0.43282,0.166071,0.137375,0.524549,0.238878,-0.173219,0.043584,0.312401,0.384206
-0.035752,-0.082576,0.309304,0.224262,0.007681,0.390666,0.201568,0.100376,0.499365,0.128921,-0.104253,0.015181,0.369234,0.125606
0.122258,-0.089388,0.188614,0.103199,-0.080364,0.338733,0.240734,0.299014,0.443521,0.159618,-0.354666,-0.026841,0.249572,0.347704
-0.090116,-0.016598,0.300295,0.233476,0.107643,0.336697,0.041131,0.062241,0.593749,0.190862,-0.133668,0.07649,0.305442,0.32416
-0.060357,-0.20854,0.503577,0.161543,-0.027868,0.445141,0.342491,0.317993,0.348634,0.111642,-0.427278,0.082023,0.420598,0.265792
-0.126254,-0.188762,0.529145,0.297519,-0.077614,0.320706,-0.029236,0.132152,0.618736,0.246336,-0.119714,-0.032739,0.416391,0.253816
0.040838,-0.187871,0.477834,0.20979,-0.059969,0.358365,0.014028,0.231828,0.736994,0.103,-0.316558,0.016045,0.302427,0.507032
0.159122,-0.134359,0.388272,0.27554,-0.198147,0.251603,0.164754,0.005959,0.601534,0.260657,-0.18675,-0.091519,0.363787,0.140838
-0.281539,0.031615,0.26614,0.155551,0.304395,0.351705,0.194843,0.021531,0.769043,0.025069,-0.261756,0.136821,0.146685,0.434313
0.097105,-0.054603,0.230523,0.147746,-0.161416,0.54737,0.219602,0.06353,0.568839,0.099805,-0.172035,0.031563,0.389764,0.327824
-0.089492,-0.050755,0.403615,0.21421,-0.016515,0.359431,-0.045205,0.332367,0.487846,0.223198,-0.175166,0.00782,0.313107,0.297163
0.116511,-0.130115,0.387279,0.174641,-0.145356,0.409494,-0.378024,-0.092969,0.88126,0.041417,0.115319,0.239747,0.409511,0.388246
0.199228,-0.036213,0.368257,0.101489,-0.186561,0.258755,0.088755,0.023173,0.67671,0.037311,-0.139506,-0.032713,0.350391,0.198572
0.130669,0.004675,0.518919,0.086856,-0.152136,0.278444,0.142272,0.198674,0.38065,0.188952,-0.119341,-0.166311,0.645351,-0.128314
0.043061,-0.055755,0.448776,0.078,-0.114496,0.317978,-0.075111,0.075756,0.707968,0.074326,-0.051526,0.196749,0.270342,0.41896
-0.27543,-0.113606,0.455341,0.117995,0.213973,0.433792,-0.018819,0.218995,0.557332,0.216225,-0.234074,0.055568,0.300413,0.425349
-0.148323,-0.129596,0.455717,0.201116,0.223776,0.337063,0.22989,0.180665,0.611493,-0.003582,-0.234439,0.015775,0.185601,0.195126
-0.118353,-0.138224,0.455104,0.166803,0.094772,0.40739,0.349213,-0.144378,0.607511,0.260138,-0.184187,0.03748,0.341977,0.227119
0.006672,-0.102394,0.276667,0.14686,0.042442,0.536393,0.136096,0.253987,0.517365,0.128153,-0.27596,-0.058649,0.579939,0.155595
0.006173,-0.261079,0.481,0.283875,0.022917,0.467794,0.05019,0.058246,0.605131,0.305692,-0.061052,-0.057568,0.336578,0.042864
0.009085,-0.085705,0.315091,0.15617,0.0743,0.353028,0.183703,0.008388,0.603204,0.185505,-0.179926,-0.030518,0.366331,0.217223
0.112707,-0.217702,0.404651,0.24997,-0.146151,0.350849,0.300502,0.486781,0.238812,0.197449,-0.363779,-0.15679,0.465645,-0.003064
-0.123093,-0.090956,0.224744,0.11296,0.17816,0.502052,0.263531,0.24236,0.343137,0.086048,-0.262538,0.000803,0.338136,0.282428
-0.322553,-0.282754,0.959008,0.081215,-0.107781,0.453581,-0.113985,0.297801,0.493916,0.05285,-0.105647,0.101733,0.409002,0.072481
0.116524,-0.135037,0.247669,0.318753,-0.094237,0.379914,-0.063323,-0.146533,0.833759,0.300008,-0.068088,0.02622,0.418255,0.134576
-0.041087,-0.070623,0.440065,0.122702,0.152614,0.294412,0.425487,0.105204,0.453956,0.049267,-0.289302,-0.007385,0.264884,0.250613
0.032082,-0.117793,0.355438,0.122463,-0.032215,0.384792,0.070837,0.220873,0.562493,-0.030535,-0.166402,0.170023,0.24128,0.426229
-0.067178,-0.123507,0.566666,0.098394,-0.058251,0.463455,-0.085347,0.303594,0.572328,0.247062,-0.250344,-0.042651,0.611131,-0.098418
-0.131429,0.082214,0.422502,0.131669,-0.030425,0.447124,-0.030862,0.476377,0.502829,0.087003,-0.095218,0.006601,0.373263,0.120161
-0.111545,0.11452,0.336549,0.075062,-0.018829,0.37656,0.291874,0.254302,0.539644,0.099559,-0.408874,-0.016948,0.336559,0.296134
-0.247799,0.205876,0.101212,0.149172,0.050617,0.449104,0.138267,0.037985,0.729071,0.164919,-0.236637,-0.028085,0.324963,0.269231
-0.080991,-0.061602,0.360484,0.256438,0.012706,0.416818,0.156312,0.144005,0.64168,0.056579,-0.235491,0.069467,0.337519,0.19041
-0.181947,-0.071494,0.316177,0.128116,0.065198,0.441263,0.125457,0.013167,0.712012,0.150981,-0.079203,0.020839,0.309125,0.327637
-0.389947,0.088653,0.489542,0.249112,0.058477,0.302287,-0.008822,0.314509,0.487722,0.202495,-0.308444,-0.147296,0.415492,0.210432
-0.224248,-0.04121,0.242946,0.24084,0.070821,0.427085,0.197107,0.168108,0.488962,0.22113,-0.236814,-0.018605,0.432937,0.338254
-0.099402,0.015481,0.553076,0.06726,-0.02976,0.270065,0.36872,0.133666,0.461317,0.210654,-0.322085,-0.087391,0.420473,0.235657
-0.062152,-0.253792,0.458746,0.144567,-0.034838,0.369157,0.241785,0.147569,0.567207,0.070555,-0.257414,-0.099192,0.25253,0.190397
-0.256193,0.125478,0.239972,0.179021,-0.02855,0.466049,0.021728,0.200005,0.63241,0.180872,-0.250373,0.094256,0.279548,0.451177
0.069874,0.045137,0.340551,0.100287,-0.161306,0.438412,0.10939,0.123497,0.571525,0.138544,-0.027781,0.053779,0.490847,0.083085
0.040603,0.038814,0.323774,0.156187,-0.135791,0.327478,0.090155,0.287541,0.499025,0.202769,-0.170712,-0.043128,0.476609,0.003546
0.008076,-0.079167,0.244203,0.163536,0.072677,0.324313,0.171851,0.409797,0.485831,0.034341,-0.303079,-0.059489,0.351714,0.163787
-0.220097,-0.040406,0.458358,0.072298,0.073741,0.495395,0.371563,0.11697,0.459096,0.020143,-0.194605,0.071136,0.415535,0.264827
0.5011,-0.066935,0.177297,0.102891,-0.338814,0.123682,0.324499,0.235732,0.515179,0.090822,-0.342454,0.032952,0.129957,0.444035
-0.11071,-0.075356,0.303395,0.115376,-0.009756,0.53789,0.056423,0.103874,0.567941,0.13091,-0.033805,0.017336,0.448914,0.204699
-0.12624,-0.293664,0.710041,0.230646,-0.036736,0.380295,-0.251303,-0.515799,1.307351,0.159048,0.047036,0.108161,0.377246,0.133322
0.039251,-0.105275,0.395283,0.118349,-0.138325,0.349532,-0.061106,0.25369,0.579759,0.118576,-0.104335,0.100295,0.369507,0.361528
0.000965,-0.061956,0.269715,0.063479,0.058619,0.413813,0.313185,-0.01643,0.512797,0.213468,-0.259501,-0.094873,0.44903,0.087652
-0.049631,-0.044857,0.29528,0.192429,-0.063502,0.538382,0.005902,0.134903,0.686215,-0.009887,-0.074395,0.039623,0.505199,0.178005
-0.127867,0.069789,0.307769,-0.026288,0.032006,0.488988,-0.061468,0.256691,0.615748,0.149887,-0.083341,0.008066,0.381506,0.232679
0.067363,0.054376,0.379042,0.133876,-0.140401,0.303235,0.068317,0.210773,0.553965,0.152734,-0.139675,-0.031996,0.395225,0.206229
0.052712,-0.08565,0.340554,0.13518,-0.052311,0.369108,0.483544,0.13968,0.614719,-0.004034,-0.532088,-0.09352,0.455742,0.233338
-0.043869,0.059975,0.223749,0.169091,0.009857,0.335979,0.208471,-0.055745,0.782563,0.0952,-0.201965,-0.048343,0.311611,0.205613
0.017199,-0.003916,0.187867,0.182901,-0.153914,0.52195,0.024049,-0.376662,0.928565,0.256019,-0.197387,0.053205,0.48061,0.190652
-0.127547,0.066775,0.355791,0.077554,-0.033215,0.422281,0.147773,-0.264882,0.802571,0.085092,-0.140506,0.156944,0.358963,0.294099
-0.223822,-0.089285,0.28783,0.273342,0.178938,0.362959,0.168845,0.048286,0.646517,0.144629,-0.107684,0.052978,0.217305,0.499871
-0.078472,-0.117627,0.383897,0.173238,-0.025764,0.394658,0.107602,0.225209,0.45846,0.243445,-0.22502,-0.109317,0.428172,0.187886
-0.181731,-0.026551,0.310291,0.057413,0.219694,0.480909,0.15625,0.094137,0.61993,0.087822,-0.177295,0.037292,0.306715,0.304815
-0.123072,-0.379826,0.707847,0.22335,-0.069182,0.372129,0.039976,0.170358,0.456375,0.32767,-0.251931,-0.094591,0.474392,0.037224
-0.195619,0.348643,0.34436,-0.075691,-0.076288,0.27101,0.086778,0.093451,0.643205,0.027922,-0.138121,-0.031933,0.294446,0.225228
-0.138557,-0.171718,0.388276,0.044378,0.105063,0.450361,0.191758,0.242334,0.516177,0.087299,-0.332525,-0.026324,0.279958,0.294731
-0.317705,0.136581,0.329677,-0.025442,0.24619,0.385042,0.041228,0.351303,0.375729,0.216077,-0.014758,0.03627,0.31221,0.269228
-0.142263,-0.066178,0.33514,0.200191,0.01175,0.363311,0.031837,0.095749,0.685441,0.220807,-0.21077,0.015277,0.234116,0.387184
-0.100136,0.03942,0.393996,0.214247,-0.122354,0.342046,0.111359,0.153982,0.68825,0.169388,-0.320268,0.03509,0.384671,0.370053
-0.030252,-0.17241,0.324004,0.380337,0.068916,0.337924,0.092056,0.304875,0.490375,0.230913,-0.334003,-0.001498,0.233801,0.264981
-0.184911,0.074718,0.33007,0.046434,0.103833,0.470706,0.283788,0.077305,0.587942,0.068324,-0.298026,-0.036894,0.305841,0.308448
-0.046496,0.003419,0.322187,0.133747,-0.001131,0.462381,0.255195,0.067886,0.636044,0.07127,-0.048892,-0.050418,0.433202,0.221236
-0.075066,0.110575,0.254031,0.079824,-0.013759,0.446515,0.126524,0.167264,0.518983,0.106618,-0.184913,0.060866,0.377821,0.27618
0.015551,0.108114,0.252393,0.067378,0.01785,0.313717,0.451358,0.024168,0.531867,0.160342,-0.365288,0.03614,0.181913,0.402882
-0.179626,0.081872,0.382226,0.19411,0.099137,0.216368,0.137765,0.380075,0.354598,0.062812,-0.099036,-0.03167,0.224085,0.379995
-0.3441,-0.015378,0.429924,0.161705,0.134046,0.479233,0.050494,0.318194,0.440033,0.088069,-0.169451,-0.043787,0.440166,0.303033
-0.392021,-0.046389,0.407448,0.202895,0.31469,0.41132,0.088076,0.022245,0.635432,0.243783,-0.1776,0.013427,0.299583,0.367999
0.241127,-0.246081,0.395483,0.200122,-0.041569,0.264136,0.19515,0.431284,0.429112,0.044717,-0.255522,-0.063003,0.384847,0.248087
0.096129,-0.120141,0.249104,0.265483,-0.015692,0.433071,0.023953,-0.035457,0.810924,0.150582,-0.194159,0.153834,0.315078,0.33749
-0.450671,0.052391,0.370701,0.139947,0.270574,0.572196,0.081607,-0.012459,0.615842,0.241149,-0.236445,0.109413,0.36115,0.400913
0.320335,-0.462968,0.434028,0.335577,-0.11403,0.186026,0.233683,0.269488,0.449625,0.131676,-0.275818,-0.022945,0.17374,0.423042
0.096991,-0.061142,0.372343,0.102914,-0.201383,0.376719,0.26837,0.212187,0.349463,0.197887,-0.245815,0.028455,0.402162,0.303081
0.248805,0.075617,0.255755,0.029225,-0.175009,0.392047,0.383925,0.184942,0.450367,0.069757,-0.310762,-0.073645,0.52052,0.048003
-0.241053,-0.110491,0.476694,0.290161,0.075608,0.296737,-0.006251,0.175745,0.483012,0.326929,-0.144362,-0.044969,0.400895,0.219025
0.032155,-0.053167,0.31959,0.203739,-0.047782,0.476004,-0.033708,0.083606,0.700892,0.110131,-0.071107,0.154239,0.467897,0.257139
0.154736,0.047923,0.35587,-0.003334,-0.129594,0.395024,-0.06063,0.014029,0.959024,0.02026,-0.144188,0.081105,0.236303,0.446486
-0.102489,0.020654,0.435572,0.179471,-0.067202,0.416907,-0.134634,0.174256,0.631787,0.201809,0.033933,0.09445,0.501121,0.269971
0.050984,-0.085733,0.331888,0.050314,-0.062403,0.481192,0.076793,0.198095,0.614612,-0.075182,-0.186564,0.155208,0.476409,0.421191
-0.192834,0.025528,0.260176,0.110907,0.271238,0.395459,0.132948,0.237708,0.515384,0.185748,-0.200067,0.060363,0.287244,0.398177
-0.2165,0.043329,0.39644,0.090733,0.048765,0.425956,0.166279,0.260696,0.49911,0.133391,-0.292501,-0.074642,0.408927,0.116677
0.054767,-0.026655,0.273077,0.151471,-0.047189,0.465764,0.250934,0.094332,0.519543,0.165264,-0.191655,0.097002,0.364978,0.300256
-0.146024,0.060867,0.309817,0.187455,-0.047208,0.305979,0.073359,0.365142,0.333965,0.217917,-0.155185,0.034307,0.258793,0.383827
-0.256879,-0.111365,0.29286,0.217485,0.174277,0.486718,0.105206,0.201636,0.502315,0.110938,-0.227616,0.038486,0.321142,0.182632
-0.046116,0.171729,0.408096,0.081019,-0.22142,0.291537,0.01696,0.074208,0.668917,0.106074,-0.045495,0.059638,0.322827,0.132167
-0.034707,-0.229477,0.388602,0.099988,0.008234,0.415086,0.068608,0.226743,0.585931,0.026568,-0.287722,0.10453,0.337661,0.484378
-0.043478,-0.096758,0.311456,0.100521,0.016068,0.491372,0.129792,0.288547,0.392122,0.039168,-0.2041,-0.001768,0.491896,0.209312
-0.283348,-0.133513,0.554111,0.208142,0.025255,0.382752,-0.137343,0.141407,0.63851,0.23112,-0.042821,0.011238,0.5045,0.085141
-0.168193,-0.067502,0.435623,0.131301,-0.002656,0.374328,0.184806,0.14586,0.499232,0.128422,-0.16079,-0.026749,0.242893,0.354779
-0.025674,-0.051537,0.211535,0.182866,0.014425,0.40604,0.348199,0.244056,0.375899,0.175305,-0.318918,0.009551,0.486009,0.26727
-0.012035,0.012784,0.215882,0.248746,-0.071431,0.293852,0.397889,0.316601,0.391112,0.159348,-0.338176,-0.005889,0.289887,0.358679
0.053267,-0.10555,0.510057,0.1403,-0.093472,0.319723,0.146509,0.235662,0.436515,0.271852,-0.370882,-0.191893,0.42067,-0.047543
-0.029704,-0.117156,0.374319,0.137159,0.076719,0.43696,0.110179,0.115076,0.560156,0.237656,-0.179984,0.009461,0.403264,0.13426
0.096631,-0.077129,0.343446,0.124094,-0.108301,0.275432,0.233259,0.121543,0.578126,0.171557,-0.215853,-0.078929,0.252375,0.392659
-0.045255,-0.008744,0.345286,0.254997,0.023774,0.386011,-0.008254,0.266123,0.426963,0.242721,-0.033868,0.134968,0.336389,0.241347
-0.094925,-0.05489,0.414318,0.10234,-0.066297,0.375022,0.172559,0.080827,0.552559,0.094363,-0.133,0.06656,0.409222,0.327278
-0.17753,0.083794,0.250082,0.129392,0.039337,0.379883,0.102256,0.17048,0.533768,0.084734,-0.236204,0.124921,0.288853,0.288084
0.071205,-0.197907,0.403001,0.215542,-0.151703,0.271533,0.370442,0.251121,0.411418,0.092395,-0.244016,-0.096151,0.335554,0.300451
0.230618,0.080848,0.019665,0.227683,-0.027915,0.350899,0.25491,0.179805,0.546898,0.224824,-0.146078,-0.046718,0.281643,0.321099
0.345561,-0.007721,0.220438,0.293924,-0.275117,0.251195,-0.018103,0.099717,0.567723,0.320951,-0.128504,-0.075354,0.446879,0.016705
-0.437344,-0.18084,0.601292,0.273931,0.08865,0.42609,0.222332,-0.01757,0.711399,0.103424,-0.235547,-0.021241,0.274622,0.192878
0.203034,-0.063131,0.307475,0.159955,-0.08221,0.465726,0.407024,-0.137129,0.507019,0.228503,-0.10721,-0.034464,0.613032,-0.068972
-0.003832,-0.231145,0.511028,0.127635,-0.092169,0.428737,0.03857,0.243686,0.609804,0.073849,-0.231816,0.005904,0.480501,0.251487
-0.151409,-0.020294,0.376861,0.250569,0.073301,0.414537,-0.07281,0.140783,0.615343,0.187506,-0.114078,0.062924,0.471152,0.224592
-0.127802,-0.044739,0.299713,0.206848,-0.051203,0.362006,0.088663,0.121176,0.691337,0.096323,-0.167813,-0.062275,0.354055,0.24738
-0.211149,0.057325,0.42251,0.156432,0.12384,0.269982,0.051073,0.211525,0.470784,0.181326,-0.116585,0.074544,0.241055,0.211975
-0.221402,-0.002638,0.367965,0.178343,-0.014831,0.432909,0.083823,0.21944,0.472008,0.279928,-0.125313,-0.110516,0.540653,0.101014
-0.019296,-0.445958,0.659618,0.204691,0.030979,0.345758,-0.078819,0.251559,0.687183,0.099199,-0.29774,-0.046403,0.447152,0.13256
-0.043019,-0.220405,0.375308,0.111211,0.044299,0.613348,0.141585,0.291736,0.37248,0.069621,-0.199169,-0.018572,0.548434,0.165993
-0.0286,-0.07516,0.393164,0.070104,-0.015979,0.512935,0.122754,0.184626,0.603305,0.068124,-0.267858,-0.0847,0.559812,-0.067669
-0.282701,0.023939,0.302305,0.184815,0.044116,0.338815,0.19692,-0.040766,0.780041,0.078385,-0.172556,-0.06965,0.272547,0.276215
0.088993,-0.172486,0.379694,0.188238,-0.037638,0.389415,0.121002,0.184716,0.580325,0.129232,-0.111776,0.026214,0.359567,0.199154
0.036333,0.113648,0.277691,0.214846,-0.147982,0.331965,-0.003447,0.175765,0.834221,0.073546,-0.326261,0.016783,0.290041,0.263147
-0.114967,-0.295822,0.57839,0.138209,0.048109,0.311831,0.169195,-0.001873,0.634098,0.1669,-0.161227,0.014535,0.150479,0.397593
-0.099279,-0.079638,0.338976,0.079698,0.131794,0.46718,0.165691,0.304037,0.329887,0.128896,-0.180186,-0.129911,0.420592,0.160254
-0.135752,0.13906,0.439826,0.084409,-0.004594,0.314688,0.097997,0.085741,0.676607,0.233114,-0.129519,0.015835,0.413877,0.28375
-0.27526,0.087262,0.314958,0.129959,-0.020995,0.467459,0.419599,0.082526,0.355975,0.193939,-0.276141,-0.10636,0.44947,0.150473
-0.053009,0.010265,0.289926,0.142932,0.051885,0.433055,0.085263,0.337409,0.665689,0.000375,-0.285647,-0.023528,0.384803,0.230118
-0.234201,0.163687,0.303018,0.097482,0.048102,0.27279,0.036825,0.425503,0.530506,0.067345,-0.333499,0.011918,0.157509,0.452764
-0.344566,0.045817,0.357986,0.218449,0.100167,0.198942,0.166552,0.073342,0.543802,0.133625,-0.321679,-0.075518,0.182798,0.196088
0.019436,-0.06309,0.238409,0.180153,-0.050929,0.433967,0.068681,0.210229,0.524077,0.219979,-0.136775,-0.123069,0.385051,0.152369
0.117588,-0.086577,0.355641,0.134475,-0.248033,0.480046,0.308633,0.003484,0.540969,0.125156,-0.224076,0.013904,0.404168,0.213165
-0.17396,0.063518,0.388553,0.198885,0.093469,0.274157,-0.01871,0.205778,0.589756,0.142706,-0.020395,0.001242,0.218478,0.116533
0.37521,-0.040778,0.312775,0.060114,-0.154254,0.341079,0.20739,0.213857,0.454869,0.064072,-0.164485,-0.047321,0.504483,0.139363
-0.046639,-0.080459,0.505866,0.151694,-0.114709,0.394338,0.301437,-0.235148,0.845114,0.044008,-0.317978,0.150036,0.484434,0.169436
0.058983,-0.160156,0.381418,0.182772,-0.130183,0.385827,0.293436,0.102563,0.408805,0.208174,-0.337994,-0.184859,0.598972,0.113985
0.080169,0.085236,0.262263,0.216587,-0.175358,0.323433,0.205116,0.264941,0.533136,0.02068,-0.213578,0.020472,0.487965,0.193311
0.209314,-0.120696,0.37303,0.220005,-0.089617,0.282416,0.008316,-0.047588,0.770237,0.185398,-0.127736,0.053199,0.406881,0.306733
0.003212,-0.021275,0.314532,0.046725,-0.071282,0.358052,0.257767,0.265963,0.432112,0.200081,-0.26612,-0.057833,0.241185,0.199524
-0.056698,0.003452,0.276071,0.097768,-0.02753,0.430618,0.323247,0.153511,0.461924,0.267149,-0.160017,-0.181708,0.410535,0.204638
-0.10174,-0.097946,0.331465,0.159774,0.033378,0.494892,0.315484,0.206584,0.432011,0.137768,-0.313114,-0.032162,0.446853,0.36113
0.021958,-0.147119,0.264943,0.223147,0.007706,0.393882,0.191501,-0.016031,0.561479,0.341356,-0.058315,-0.119769,0.368157,0.165959
0.163667,-0.180963,0.276501,0.201405,-0.119165,0.383411,0.24565,0.478775,0.253755,0.127714,-0.189203,-0.029785,0.3337,0.220608
-0.143865,-0.038564,0.322891,0.12164,0.00672,0.453209,0.092997,0.06714,0.571913,0.270259,-0.064202,-0.071911,0.324773,0.234858
0.106476,-0.133589,0.441466,0.180687,-0.16305,0.263854,0.247818,0.207656,0.475148,0.1776,-0.120463,-0.1211,0.291992,0.250309
-0.027499,-0.148248,0.458036,0.304298,-0.064574,0.381286,0.243216,0.235247,0.401281,0.241567,-0.194966,-0.131953,0.497491,0.141334
-0.176495,-0.148385,0.386413,0.238433,0.108249,0.472255,0.081105,0.279152,0.488138,0.062299,-0.034243,0.061529,0.35353,0.287066
0.20543,-0.109809,0.473606,0.110649,-0.159084,0.323892,0.294989,0.138089,0.514399,0.073748,-0.237814,0.065939,0.291369,0.354824
0.141376,-0.146319,0.297661,0.190669,-0.072802,0.416413,0.384339,0.004029,0.577407,0.075979,-0.143313,-0.06916,0.342707,0.218473
0.156742,-0.021199,0.398687,0.115319,-0.189413,0.266717,0.090151,0.437692,0.546211,0.022967,-0.260321,-0.067892,0.398556,0.24499
0.016056,-0.091611,0.29992,0.219584,-0.116747,0.363956,0.116367,-0.10231,0.718644,0.204728,-0.217834,0.01946,0.31761,0.129263
-0.038334,-0.212389,0.536538,0.053277,-0.039562,0.423795,0.233867,-0.02273,0.57447,0.09488,-0.132058,0.134527,0.25533,0.380162
0.123385,-0.036224,0.336527,0.090049,-0.1985,0.445928,0.235768,-0.021389,0.768555,0.0344,-0.292448,-0.006729,0.459597,0.188717
-0.151001,0.004793,0.197345,0.080522,0.254175,0.376566,0.184493,0.303995,0.401599,0.028941,-0.120532,0.091485,0.238699,0.41725
-0.163253,-0.020698,0.186419,0.227476,0.05205,0.42881,-0.084581,0.243409,0.619851,0.222231,-0.118026,0.011705,0.253409,0.463807
-0.259279,0.016346,0.342102,0.088424,-0.021377,0.457247,0.24042,-0.076973,0.83297,-0.008619,-0.21044,0.028104,0.175193,0.33357
0.021693,-0.104827,0.422406,0.04451,-0.069081,0.437807,0.144116,0.314483,0.484894,0.115813,-0.217191,-0.064928,0.426226,0.247445
-0.094242,0.147211,0.254033,0.133397,0.063895,0.292733,0.25369,-0.159823,0.716954,0.176665,-0.131379,0.043592,0.220278,0.574034
0.02789,0.031906,0.230979,0.119771,-0.036942,0.395456,0.172295,-0.023597,0.725696,0.074486,-0.163401,-0.027197,0.43283,0.257915
-0.025237,-0.189876,0.461786,0.058301,0.016446,0.473677,-0.068211,0.092945,0.758292,0.136489,-0.104351,0.186897,0.230747,0.277183
-0.052689,-0.085193,0.413075,0.158996,-0.074146,0.35862,0.260119,0.239534,0.422204,0.198423,-0.262537,-0.177228,0.311337,0.14788
-0.109455,-0.034618,0.314599,0.17043,-0.017795,0.431425,-0.020546,0.244566,0.508562,0.119376,-0.103208,-0.003354,0.479946,0.239259
0.141064,0.113479,0.067973,0.172219,-0.068407,0.369552,0.242351,-0.021679,0.729143,0.121733,-0.16925,-0.041261,0.413626,0.221224
0.270759,-0.016619,0.210554,0.000879,-0.170702,0.449739,0.241911,0.231636,0.410556,0.073477,-0.211597,0.060679,0.402404,0.311531
-0.083936,0.037533,0.236018,0.194272,0.121102,0.324639,0.110569,0.155217,0.525462,0.114946,-0.18703,0.147427,0.181374,0.529339
-0.270015,-0.087164,0.490524,0.112355,0.094474,0.24007,0.292334,0.108869,0.383173,0.02525,-0.207824,-0.034895,0.105211,0.338521
-0.087378,-0.13194,0.404123,0.08583,-0.017587,0.537088,0.162054,0.100997,0.500509,0.20754,-0.196839,-0.105503,0.528422,0.128139
-0.027739,0.01053,0.249,0.079634,0.072318,0.452049,0.158364,0.234552,0.559594,0.029124,-0.226842,0.178297,0.157733,0.508532
-0.091553,-0.032239,0.249311,0.058657,0.113242,0.477487,0.024583,0.245659,0.53805,0.0824,-0.128587,-0.092809,0.424251,0.115284
0.044326,0.155401,0.21417,0.167497,-0.197183,0.321059,0.243818,0.014979,0.549392,0.075562,-0.170625,-0.057949,0.486644,0.098579
0.008102,0.051072,0.375037,0.16772,-0.119487,0.309673,0.244554,0.234125,0.450648,0.138109,-0.258731,-0.025857,0.453678,0.028407
0.135213,-0.195159,0.330019,0.142574,-0.132733,0.414419,0.27405,0.157272,0.457043,0.094326,-0.339382,-0.020675,0.423146,0.15707
-0.031168,-0.082969,0.183799,0.167513,0.024959,0.370201,0.047697,0.354664,0.464897,0.066342,-0.226627,-0.087239,0.28011,0.423833
-0.284917,-0.157709,0.260838,0.137488,0.257133,0.55227,0.13295,0.228623,0.608596,0.131433,-0.211975,-0.044093,0.156227,0.517214
-0.231796,-0.168734,0.370105,0.080676,0.143471,0.557143,0.094825,-0.118372,0.81787,0.092148,-0.223421,0.035333,0.48247,0.348827
0.210559,-0.036043,0.165268,0.146996,-0.062055,0.414401,0.222854,-0.022532,0.674843,0.172463,-0.126275,-0.051053,0.405355,0.445101
0.235904,-0.081998,0.301635,0.134003,-0.059356,0.331846,0.057107,0.290295,0.559034,0.111036,-0.295969,0.020932,0.421074,0.294893
-0.293697,0.161171,0.285096,0.133993,0.094944,0.491951,0.262466,0.092658,0.656129,0.01818,-0.256219,-0.200741,0.394518,0.085903
0.045704,-0.099184,0.247854,0.243317,-0.000164,0.480477,0.021458,0.178412,0.690802,0.061666,0.010045,0.115211,0.406402,0.310065
0.002469,-0.043759,0.308203,0.219992,0.03061,0.275642,0.212289,0.140171,0.508917,0.121415,-0.220813,-0.064838,0.291029,0.180047
0.060777,-0.002483,0.346732,0.058023,-0.108955,0.380246,0.272386,0.399247,0.42587,0.090807,-0.237834,-0.104117,0.410305,0.440784
-0.074249,-0.092576,0.400234,0.105839,0.017643,0.500644,0.222147,0.239229,0.449028,0.157261,-0.228088,-0.127122,0.480562,0.052862
-0.123793,0.008588,0.352833,0.205309,-0.038202,0.278643,0.092078,0.046393,0.798351,0.002991,-0.334528,0.044076,0.261652,0.369789
-0.142026,0.200652,0.406798,0.011774,-0.117458,0.429326,0.269724,0.140935,0.491523,0.205972,-0.279993,-0.066819,0.515969,0.00276
-0.04414,-0.316114,0.574976,0.246335,0.09892,0.309072,0.22832,-0.001394,0.842812,0.142523,-0.390298,0.028932,0.149995,0.466503
-0.065283,-0.122509,0.305803,0.253809,0.105776,0.378271,0.213296,0.363116,0.312499,0.117686,-0.121585,-0.002321,0.361283,0.302653
-0.027278,-0.121644,0.24743,0.248263,0.091704,0.365665,0.145519,0.387519,0.388519,0.107844,-0.313277,-0.060513,0.274905,0.259033
0.057051,-0.129554,0.264388,0.251997,-0.156106,0.348743,0.15964,0.06462,0.614765,0.159294,-0.16948,-0.000513,0.286961,0.332787
-0.140739,0.012646,0.368677,0.087487,0.048767,0.408507,0.342828,0.114437,0.469571,0.002945,-0.236039,0.033589,0.384005,0.290225
0.069268,-0.109634,0.371057,0.174632,-0.009781,0.331836,0.182446,0.32414,0.360179,0.22956,-0.184293,-0.148208,0.487288,0.182949
-0.18192,-0.179161,0.347884,0.275027,0.128578,0.432242,-0.06843,-0.050104,0.603011,0.319289,-0.048585,-0.094954,0.477219,0.089153
0.247448,0.048103,0.314913,0.106931,-0.199863,0.403749,0.231092,-0.017031,0.587299,0.181175,-0.20011,-0.044149,0.562257,0.034322
-0.122168,0.018119,0.171201,0.135634,0.152193,0.53593,0.329487,0.073255,0.494504,0.183673,-0.251867,-0.045787,0.436992,0.25676
-0.375488,-0.025967,0.326304,0.293528,0.189504,0.375101,0.006589,0.125879,0.722539,0.072199,-0.241973,-0.015821,0.28944,0.268822
-0.133796,0.046585,0.328771,0.168039,-0.04003,0.330111,-0.033018,0.052245,0.731324,0.156298,-0.160846,0.115641,0.281792,0.307503
-0.034992,0.070294,0.278741,0.15529,0.005767,0.424518,0.143472,0.160376,0.524857,0.125759,-0.207682,0.140098,0.233512,0.425207
0.120211,0.011932,0.36873,0.24282,-0.124822,0.322341,0.447923,0.257462,0.252995,0.188929,-0.318589,-0.10686,0.52973,0.139664
0.047468,0.04397,0.327317,0.132642,-0.056686,0.322204,0.195745,-0.010418,0.687784,0.135844,-0.212581,-0.047531,0.338632,0.210487
0.016704,-0.205214,0.396873,0.193579,0.015127,0.308611,-0.011175,0.192224,0.695354,0.113632,-0.24344,0.035174,0.257696,0.387716
-0.275524,-0.499317,1.043754,0.159621,-0.249639,0.522222,0.017689,-0.475561,1.160464,0.274024,-0.265498,0.032752,0.598774,0.017946
0.050712,0.059238,0.3119,0.09551,-0.147614,0.402363,0.16558,0.07794,0.683909,0.031671,-0.259014,0.018395,0.432542,0.205848
0.052634,0.077256,0.200256,0.083528,-0.098103,0.349469,0.2027,0.081953,0.697198,0.150133,-0.172354,-0.095422,0.367909,0.189526
-0.042214,-0.082439,0.48484,0.024765,-0.066729,0.435088,-0.02696,0.315789,0.4682,0.149952,-0.189325,-0.051581,0.573979,0.117779
0.258981,-0.087764,0.263422,0.101969,0.070165,0.336234,0.533816,0.000899,0.610124,-0.021166,-0.353277,-0.078009,0.412142,0.090667
0.229961,0.095279,0.388305,0.125486,-0.234983,0.310767,0.384684,0.144978,0.547296,0.032221,-0.299621,0.018627,0.57829,0.035289
-0.061934,-0.037301,0.302823,0.033828,0.000562,0.398106,0.21953,-0.028348,0.762322,-0.001578,-0.290528,0.026741,0.175912,0.466821
0.470947,0.013917,0.469601,0.134833,-0.524489,0.169484,0.348539,0.181142,0.65328,0.204585,-0.495494,-0.180335,0.326883,0.166986
-0.316227,-0.035952,0.376385,0.192466,0.230458,0.410984,0.137655,0.215021,0.464162,0.220952,-0.232289,-0.056706,0.455305,0.214388
-0.135573,0.09251,0.311915,0.078254,0.039023,0.404579,0.285881,0.101197,0.644536,0.1398,-0.190287,-0.081601,0.260435,0.262935
-0.040186,-0.119796,0.366231,0.248084,0.094443,0.34316,0.299074,0.268608,0.401252,0.175296,-0.253362,-0.034734,0.162985,0.317146
0.162967,-0.148729,0.383392,0.250255,-0.135502,0.276058,0.210163,0.200513,0.535821,0.158254,-0.204948,-0.077159,0.35118,0.207832
-0.090542,0.025666,0.301214,0.135141,0.04658,0.403856,0.063883,0.163194,0.57348,0.053412,-0.204563,0.164525,0.410968,0.415803
-0.256908,0.044726,0.358813,0.246212,0.18266,0.249563,0.027117,-0.045112,0.556417,0.25249,0.007552,0.01899,0.212003,0.195792
0.212895,-0.232046,0.528531,0.098224,-0.17928,0.278204,0.281453,0.064348,0.636022,0.037124,-0.126046,-0.103578,0.376626,0.325285
-0.139826,0.074605,0.218726,0.07788,0.005769,0.447187,-0.019904,0.159122,0.666152,0.052783,-0.159737,0.034562,0.434698,0.225371
-0.056787,-0.181658,0.471911,0.260735,-0.027274,0.516693,0.179556,0.129647,0.685071,0.009959,-0.2788,-0.031159,0.559195,0.138246
-0.127496,-0.025307,0.561909,0.195636,-0.145747,0.273017,0.040665,-0.118492,0.776735,0.381232,-0.20345,-0.109884,0.475252,0.17347
-0.300259,0.056159,0.315217,0.119424,0.108408,0.528355,0.223406,0.125715,0.533325,0.071405,-0.070455,0.035785,0.361529,0.23181
0.131448,-0.097352,0.297909,0.166524,-0.213555,0.373544,0.31468,0.086346,0.58498,0.097995,-0.308307,-0.080799,0.367306,0.228636
0.122881,-0.252646,0.445949,0.122476,-0.01833,0.375458,0.084879,0.114114,0.702546,0.065887,-0.159464,0.031392,0.231401,0.470037
-0.073344,-0.189082,0.434135,0.120365,0.039567,0.462758,0.021174,0.050282,0.606333,0.108344,-0.048505,0.141856,0.426832,0.344974
0.067378,-0.082135,0.313842,0.12972,-0.100992,0.421049,0.328878,-0.008289,0.483341,0.307875,-0.255895,-0.072242,0.359153,0.202237
0.228848,-0.059551,0.497287,0.119913,-0.167306,0.24411,-0.076883,0.217782,0.726081,0.133839,-0.162106,-0.051065,0.547263,0.179572
-0.054872,-0.129715,0.319335,0.070399,-0.006306,0.462359,0.326971,0.011694,0.588371,0.171038,-0.261141,-0.09273,0.329841,0.351932
0.073262,0.105095,0.35132,0.072461,-0.139958,0.41621,-0.115161,0.212876,0.643768,0.142497,-0.154755,0.116218,0.460015,0.298437
-0.092658,-0.194579,0.393404,0.314529,0.039067,0.384533,0.122568,0.288155,0.526775,0.042163,-0.152352,-0.037611,0.340239,0.231512
-0.141008,0.059438,0.222055,0.151554,0.058239,0.40999,0.216047,-0.01765,0.469879,0.212781,-0.0589,-0.032358,0.33486,0.177024
-0.326258,0.124534,0.265413,0.113458,0.177002,0.502407,0.263153,0.351943,0.425367,0.076764,-0.276529,-0.011394,0.262786,0.339312
0.076222,-0.08528,0.275044,0.105424,0.057775,0.446723,0.453609,0.017619,0.448896,0.136822,-0.210387,0.04488,0.407732,0.364707
-0.234328,0.085814,0.35419,0.231818,0.119264,0.300361,0.254275,0.191132,0.473203,0.075564,-0.356221,0.011812,0.303385,0.301295
0.13718,-0.029286,0.317253,0.037653,-0.238997,0.47077,0.1651,0.175789,0.557003,0.172925,-0.217063,-0.064094,0.424451,0.164572
-0.005476,-0.236957,0.408349,0.19165,-0.041104,0.369202,0.153353,0.193072,0.619502,0.198805,-0.276625,0.000667,0.169636,0.485323
-0.028509,-0.204207,0.63431,0.146842,-0.033978,0.160215,0.033843,-0.241039,0.963218,0.082456,-0.146732,-0.018925,0.190854,0.23358
0.06893,-0.089417,0.267076,0.190397,0.009589,0.404187,0.284314,0.126377,0.504779,0.153392,-0.243673,-0.084103,0.4586,0.226487
0.04372,-0.091414,0.398774,0.111319,-0.142265,0.429409,0.037056,0.078253,0.608112,0.169962,-0.087764,0.093974,0.400252,0.298303
0.407336,-0.030921,0.228667,0.110641,-0.21288,0.315037,0.221548,0.169238,0.586214,0.018456,-0.267105,0.018244,0.334132,0.157853
-0.007779,-0.078164,0.275902,0.143702,-0.126383,0.563051,0.02297,0.094541,0.606212,0.087488,-0.129963,0.135954,0.361129,0.316688
0.104885,0.039485,0.285978,0.152675,-0.079296,0.157557,0.259889,0.194112,0.428168,0.027196,-0.163368,-0.108089,0.398273,0.107921
-0.136301,-0.070088,0.513135,0.130201,0.050906,0.39766,0.275641,0.160186,0.420381,0.231074,-0.160925,-0.100359,0.40119,0.069158
-0.096299,-0.214514,0.43449,0.244233,-0.003931,0.313103,0.296574,0.212472,0.513563,0.069876,-0.280372,-0.07454,0.353127,0.226229
-0.155541,0.016693,0.485797,-0.006317,0.025865,0.528364,-0.096849,0.198598,0.612421,0.205183,-0.083755,-0.00967,0.516752,0.079136
-0.199329,0.029267,0.321258,0.168403,0.13933,0.396295,-0.107157,0.242607,0.676556,0.083896,-0.032902,0.175568,0.32053,0.413665
0.131936,-0.043295,0.310532,0.1963,0.02924,0.200413,0.140319,0.211687,0.626129,0.094234,-0.169515,-0.051134,0.185642,0.436769
0.006799,-0.149016,0.286235,0.245769,0.143075,0.189658,0.161809,0.215147,0.347641,0.173868,0.016111,-0.148407,0.217163,0.246888
-0.019696,-0.067379,0.553322,0.103857,-0.166323,0.425455,0.239845,0.114124,0.546182,0.061872,-0.12695,-0.001232,0.603007,0.180005
-0.046432,-0.103759,0.471543,0.083115,-0.021141,0.396918,0.221078,0.263663,0.419279,0.09861,-0.166933,-0.024339,0.449224,0.183678
0.268864,0.002656,0.358687,0.003876,-0.279309,0.296334,0.055702,0.297042,0.46684,0.158279,-0.028742,0.042308,0.245111,0.412738
-0.095757,0.13902,0.522161,0.118804,-0.134982,0.314962,-0.132917,0.362099,0.564471,0.127073,-0.135547,0.01345,0.646729,0.036943
0.088945,0.049012,0.238072,0.156957,-0.048427,0.398844,0.020096,0.088647,0.683732,0.081113,-0.080443,-0.001167,0.337494,0.106587
-0.022065,-0.306117,0.463798,0.183419,0.01051,0.495854,0.249467,0.440055,0.362856,-0.017734,-0.384942,-0.043591,0.318484,0.544732
-0.003124,-0.295741,0.446968,0.204438,-0.105371,0.397209,0.210143,0.253393,0.522666,0.13846,-0.353401,-0.020717,0.335817,0.145227
-0.021222,-0.051326,0.404646,0.175651,-0.135222,0.454153,0.234745,0.062571,0.587821,0.075126,-0.211319,-0.055321,0.508026,0.139302
0.242624,-0.055823,0.261221,0.092272,-0.145565,0.326039,0.45381,0.032386,0.55223,0.19438,-0.243198,-0.172311,0.350992,0.221433
-0.345197,0.180178,0.318963,0.021868,0.052598,0.350736,0.287698,0.122192,0.475703,0.284021,-0.277361,-0.033471,0.321225,0.246015
-0.098708,-0.18206,0.310657,0.289491,-0.021086,0.501006,0.185559,0.368117,0.486804,-0.000766,-0.259315,-0.037513,0.597933,0.217284
-0.098228,-0.118999,0.497096,0.216195,0.032353,0.414998,-0.049282,0.335276,0.487979,0.042279,-0.194618,0.066912,0.576212,0.234135
-0.039996,0.118558,0.215292,0.114917,-0.063445,0.408133,0.101146,-0.069315,0.719176,0.137205,-0.068669,0.044467,0.384826,0.261954
-0.093485,-0.063332,0.404088,0.255452,-0.103228,0.204945,0.124815,0.280226,0.514213,0.115525,-0.228935,-0.075064,0.186669,0.307168
-0.033421,-0.026526,0.244651,0.225011,0.067929,0.420275,0.261093,0.094971,0.57534,-0.015056,-0.244701,-0.046318,0.322371,0.194642
-0.310992,-0.000823,0.470339,0.198404,0.13186,0.335824,0.06079,0.200383,0.665341,0.077799,-0.24691,0.032754,0.343621,0.343845
-0.04556,0.12297,0.321051,0.104477,-0.143356,0.459739,0.121287,0.064793,0.72805,0.114751,-0.255866,0.045508,0.324994,0.275829
-0.036006,0.048209,0.349023,0.057736,-0.106457,0.352433,0.030903,0.102783,0.470405,0.147076,0.057027,0.036042,0.373033,0.176684
-0.086088,0.034712,0.256652,0.042225,0.077992,0.545868,-0.023917,0.177771,0.545265,0.04034,-0.104651,0.149838,0.38257,0.276913
0.102395,0.049518,0.397166,0.219694,-0.12726,0.114726,0.239138,0.19711,0.587078,0.044451,-0.261868,-0.103743,0.234751,0.348703
-0.317492,0.034892,0.383531,0.167103,0.029996,0.366536,0.206156,-0.098516,0.757008,0.291044,-0.340139,-0.058313,0.3857,0.176176
0.020637,-0.427028,0.479642,0.257407,0.066233,0.485647,0.278001,0.104857,0.573572,0.104714,-0.372734,-0.012359,0.409831,0.202343
-0.070694,0.199859,0.37158,-0.041956,-0.024617,0.443206,0.301742,0.234131,0.421302,0.103188,-0.154263,-0.123828,0.462825,0.004349
0.18795,-0.082018,0.306646,0.168277,-0.206943,0.312774,0.216868,-0.001129,0.548633,0.258217,-0.084248,-0.082052,0.395286,0.311171
0.197954,-0.372013,0.359565,0.343514,0.03709,0.240885,0.062609,0.225129,0.566439,0.064779,-0.215028,0.058815,0.243998,0.35771
0.150372,-0.132491,0.352303,0.146436,-0.075528,0.417297,0.202622,0.1794,0.476961,0.124034,-0.144736,-0.023491,0.311104,0.145842
-0.367936,-0.11686,0.576802,0.163561,0.026281,0.443851,0.105914,0.067659,0.704327,0.177664,-0.208056,-0.091813,0.368174,0.359815
0.140976,-0.072428,0.269528,0.20482,-0.151988,0.39204,0.163787,0.088078,0.46589,0.278113,-0.174424,-0.042569,0.491888,0.008188
0.040729,-0.066869,0.328154,0.178788,0.008054,0.393908,0.256773,0.343553,0.457151,0.0284,-0.333181,-0.108544,0.382676,0.167231
-0.052049,-0.016332,0.335785,0.097355,0.007781,0.429342,0.350916,0.193653,0.471657,-0.138963,-0.157236,0.160418,0.267161,0.434452
-0.096472,-0.161425,0.487991,0.222166,-0.011369,0.390553,0.06413,-0.032047,0.69341,0.175019,-0.13455,0.055771,0.272354,0.254597
0.07659,0.107504,0.210119,0.049887,-0.094653,0.399357,0.374254,0.0805,0.622832,0.060959,-0.285353,0.000304,0.307632,0.193727
0.245889,-0.103174,0.280059,0.19197,-0.143714,0.395046,0.11878,0.23749,0.529069,0.109733,-0.089785,0.002027,0.440932,0.292692
-0.258308,-0.084146,0.41764,0.024241,0.166221,0.518444,0.282739,0.003884,0.665162,0.036601,-0.230591,-0.081947,0.293177,0.297006
0.088178,-0.135591,0.309719,0.091132,0.090208,0.450544,-0.058417,0.163637,0.679181,0.160266,-0.115873,-0.015186,0.449878,0.155618
0.191188,-0.168888,0.437416,0.144716,-0.113986,0.277112,-0.182874,0.172427,0.637701,0.100625,0.131349,0.162014,0.400829,0.44111
-0.012518,0.06576,0.1511,0.093326,-0.000966,0.515241,0.374561,0.217026,0.477192,0.141067,-0.247994,-0.175131,0.431499,0.34474
-0.115814,-0.148088,0.427427,0.143599,0.076832,0.494849,0.168282,0.064801,0.631063,0.095725,-0.174259,0.07004,0.339952,0.306159
-0.38335,-0.095328,0.449311,0.143103,0.143726,0.482114,0.076649,0.134196,0.483424,0.309539,-0.140545,-0.103054,0.540426,0.16987
-0.086813,-0.057488,0.246897,0.239832,0.035547,0.295834,0.119752,0.247377,0.629619,0.131383,-0.348793,-0.029722,0.35603,0.293453
0.009593,-0.043935,0.321815,0.147682,-0.11852,0.44442,0.109224,0.206216,0.571455,0.075855,-0.109016,-0.002484,0.413425,0.234299
-0.09148,-0.071325,0.315413,0.074111,-0.022575,0.504613,-0.033286,0.409569,0.464032,0.065151,-0.216051,0.077492,0.42958,0.436222
-0.016392,-0.099714,0.383394,0.081302,-0.000552,0.471097,0.370734,0.00109,0.541882,0.146485,-0.21465,-0.068845,0.478132,0.240709
0.067093,-0.381747,0.698491,0.112265,0.003536,0.403332,0.350129,-0.073603,0.537462,0.096641,-0.218116,0.160352,0.472112,0.31058
0.007077,0.04967,0.326702,0.223714,-0.09707,0.297922,0.10175,0.551701,0.285947,-0.008299,-0.19816,-0.126865,0.438979,0.133129
-0.124826,0.062376,0.378038,0.073408,-0.077757,0.460772,0.183573,0.157435,0.436658,0.059588,-0.140115,0.127294,0.354622,0.36262
-0.283346,0.067253,0.147124,0.183328,-0.03142,0.487475,0.311915,0.196764,0.665363,0.02343,-0.243067,-0.09154,0.307049,0.46382
0.126056,-0.032119,0.345181,0.11172,-0.110192,0.39052,0.284292,0.167258,0.610708,0.140354,-0.295585,-0.071055,0.47008,0.227907
-0.117603,-0.175606,0.538391,0.147933,0.013821,0.302177,0.133272,0.047046,0.627066,0.151247,-0.138001,-0.0877,0.215936,0.296945
-0.065437,-0.238799,0.557219,0.25094,0.09497,0.350124,0.047233,0.196843,0.544563,0.146234,-0.168213,0.034856,0.295126,0.258019
-0.298201,0.224799,0.255925,-0.037005,0.118917,0.392377,0.25626,0.010917,0.627152,0.069325,-0.241661,0.012672,0.305191,0.345422
0.107957,-0.0868,0.389527,0.068558,0.002721,0.379772,0.177312,0.230127,0.450117,0.208798,-0.083286,-0.104312,0.368829,0.240296
0.125251,-0.076653,0.364452,0.180409,-0.091994,0.409162,0.024718,0.024538,0.600188,0.238745,0.002277,0.080154,0.482409,0.123996
0.252762,-0.17823,0.37373,0.133425,-0.114745,0.290668,0.008145,-0.079206,0.833587,0.267465,-0.122164,-0.001955,0.316426,0.282055
-0.109812,0.048764,0.282547,0.199031,0.038569,0.23779,0.152697,0.20928,0.583237,0.091832,-0.184245,-0.112147,0.301242,0.291512
0.044063,-0.171745,0.396748,0.154661,-0.056819,0.40235,0.210153,0.232431,0.504504,0.089192,-0.081676,-0.086289,0.435185,0.269163
-0.023906,-0.184215,0.502162,0.091019,-0.087417,0.280072,0.190119,-0.124247,0.716176,0.162741,-0.276293,-0.097899,0.298488,0.206858
0.06342,-0.043695,0.295804,0.039178,0.071702,0.518986,0.099342,0.359285,0.323681,0.043742,-0.052474,0.077994,0.625029,0.141067
0.092767,0.026564,0.330046,0.148534,-0.201916,0.364874,0.16914,0.176862,0.57015,0.082369,-0.168783,0.058595,0.359031,0.366232
0.21578,-0.190416,0.348899,0.278785,-0.159325,0.356454,0.087433,0.037738,0.590861,0.088387,-0.156606,0.066509,0.426232,0.205159
0.11154,-0.235605,0.301826,0.198541,-0.049185,0.486189,-0.051007,0.198069,0.647903,0.074349,-0.093176,0.034479,0.393222,0.306956
0.149584,-0.042866,0.369794,0.078834,-0.171221,0.29133,0.26512,0.163879,0.597649,-0.033733,-0.413663,-0.028219,0.343778,0.271317
0.126095,-0.047734,0.358024,0.296623,-0.228883,0.308499,0.132136,0.08062,0.688174,0.140946,-0.240669,-0.044676,0.349197,0.19027
0.12052,-0.072508,0.343791,0.154964,-0.073757,0.318574,0.38513,0.124391,0.349428,0.185806,-0.187849,-0.122285,0.473772,0.058927
-0.171361,-0.016531,0.372117,0.11998,0.030348,0.401507,0.117842,0.224218,0.630088,0.106318,-0.345196,0.066222,0.257795,0.328033
0.021262,-0.178478,0.394748,0.093089,-0.001487,0.45408,0.09203,0.210925,0.450367,0.069927,-0.192235,0.009676,0.463429,0.271538
0.174941,-0.260069,0.418098,0.246432,-0.135974,0.333907,0.209957,0.07857,0.598208,0.087436,-0.362906,0.009406,0.46479,0.145789
0.217273,0.089458,0.25744,0.074987,-0.135394,0.272904,0.181264,0.088348,0.567339,0.087349,-0.214961,-0.073133,0.306959,0.112727
0.171005,0.147708,0.294206,0.125826,-0.080349,0.209889,0.126694,0.246441,0.577651,0.09562,-0.18313,-0.06285,0.288478,0.322102
-0.042875,0.073872,0.252828,0.116951,-0.068732,0.365921,0.112008,0.102878,0.808329,0.036495,-0.152617,-0.030576,0.428793,0.403724
0.193009,0.026041,0.233931,0.082662,-0.078185,0.231251,0.134525,0.486865,0.209649,0.083448,-0.183091,-0.03732,0.316406,0.376411
0.055632,0.053253,0.181865,0.136535,-0.017985,0.3979,0.16399,0.422278,0.38728,0.080316,-0.178174,-0.02013,0.355774,0.321621
0.017997,-0.034918,0.447282,0.122578,-0.145162,0.291671,0.245978,0.263181,0.29747,0.22776,-0.186717,0.043435,0.459528,0.284342
-0.143151,-0.103407,0.249903,0.231236,0.17532,0.491263,0.074987,0.405112,0.432011,0.09086,-0.147829,0.098738,0.317579,0.392502
0.176411,0.01033,0.30167,0.171856,-0.193538,0.350961,0.250193,0.22388,0.593973,0.176376,-0.28178,-0.083077,0.402394,0.262826
0.073391,-0.045063,0.279967,0.279824,-0.074445,0.473301,0.268468,-0.043262,0.651993,0.185332,-0.194213,-0.060833,0.582974,-0.017781
-0.180635,-0.117588,0.160886,0.137789,0.15199,0.601586,0.005877,0.177704,0.722156,0.087381,-0.142741,0.079714,0.141483,0.487058
-0.161861,-0.174313,0.61898,0.205465,0.18924,0.2601,-0.042114,0.289819,0.573128,0.086697,-0.250444,0.025092,0.312775,0.309436
0.203413,-0.352757,0.550683,-0.00629,-0.127307,0.444655,0.163832,-0.033798,0.651553,0.129131,-0.10801,0.082575,0.442858,0.199625
-0.124892,-0.265885,0.425228,0.28277,0.158298,0.292863,0.38875,0.063803,0.559901,0.111675,-0.320173,-0.060287,0.311006,0.365369
-0.151442,0.235036,0.270258,0.070442,-0.097945,0.446915,0.24166,0.166945,0.426805,0.281252,-0.210838,-0.095383,0.572916,-0.079066
-0.199612,0.032659,0.425098,0.257163,-0.017231,0.332787,0.24384,0.122687,0.563147,0.201495,-0.229687,-0.031279,0.318587,0.188208
0.103286,-0.156461,0.443021,0.276253,-0.161362,0.258414,0.282906,0.143422,0.588438,0.157474,-0.279993,-0.0178,0.160356,0.182625
-0.197254,-0.206511,0.549164,0.172628,0.035197,0.42318,0.062274,0.154892,0.3701,0.274562,-0.120743,-0.125857,0.523091,-0.103785
-0.136031,-0.203472,0.478955,0.129379,0.089046,0.478299,0.031539,0.228339,0.525472,0.157552,-0.239933,0.028943,0.280961,0.390084
-0.114116,-0.063612,0.205884,0.073382,0.127931,0.558409,0.299374,0.019765,0.540143,0.159119,-0.185283,0.026285,0.300238,0.32652
-0.133026,0.133414,0.262329,0.056947,0.024312,0.393117,0.225857,0.344791,0.317696,0.086746,-0.169641,0.002867,0.389119,0.299129
0.040926,-0.110756,0.34643,0.21112,-0.020325,0.43824,0.253185,-0.14076,0.805613,0.057848,-0.23964,0.116524,0.493381,0.318836
-0.199063,-0.189285,0.532797,0.083593,0.10871,0.469532,0.140184,0.053343,0.58528,0.000218,-0.016662,0.211987,0.372216,0.336715
0.011666,-0.067171,0.282553,0.245021,-0.144089,0.394469,0.016067,0.254366,0.606199,0.08883,-0.116219,-0.032849,0.365955,0.318443
-0.084501,0.185945,0.373887,0.056178,-0.064583,0.449411,-0.020692,0.220285,0.587376,0.049662,-0.142118,0.043134,0.568292,0.122479
-0.18916,0.300198,0.145272,0.090589,0.225824,0.232044,0.128941,0.11066,0.628462,0.078261,-0.145711,0.040214,0.106364,0.341769
0.169141,-0.046019,0.302571,0.159526,-0.164537,0.299513,0.121056,0.050069,0.774803,-0.02644,-0.300687,-0.064741,0.357848,0.167621
0.008139,0.035501,0.318132,0.040932,-0.082046,0.309739,0.404899,-0.04934,0.628507,0.105178,-0.221469,-0.059084,0.271293,0.18374
0.015919,-0.212429,0.2472,0.206963,0.062573,0.330441,0.209345,0.357073,0.29736,0.196636,-0.138319,-0.180995,0.468106,0.237338
-0.052315,0.084761,0.308053,0.132401,-0.055262,0.422143,0.375926,0.145228,0.263676,0.351512,-0.190345,-0.121562,0.538951,0.020807
-0.010855,-0.084316,0.470095,0.055998,-0.21189,0.366317,0.192907,0.09315,0.640257,0.080992,-0.212146,-0.028222,0.433694,0.190679
0.088822,-0.206796,0.468553,0.142745,-0.051353,0.277194,0.157878,0.280324,0.369207,0.01022,-0.202933,-0.013434,0.396545,0.220782
-0.045263,0.00151,0.334621,0.126318,-0.077212,0.342302,0.205544,0.283294,0.452966,0.145483,-0.215984,0.071231,0.22579,0.528448
-0.237093,-0.192376,0.310148,0.15145,0.292842,0.357943,0.04863,0.04642,0.696229,0.079599,-0.139444,-0.063455,0.220983,0.250229
-0.146512,0.030878,0.173153,0.161599,0.162392,0.401419,0.531259,-0.20686,0.830324,0.144322,-0.562226,0.009164,0.310094,0.389583
0.079065,0.059863,0.234838,0.167466,-0.02129,0.351597,0.125668,0.154573,0.753029,-0.019306,-0.090295,0.010008,0.309678,0.28072
0.102995,-0.08321,0.253852,0.216992,-0.148933,0.279731,0.000288,0.230498,0.597883,0.12051,-0.177002,0.02642,0.309708,0.276881
-0.164999,0.014692,0.20183,0.223434,0.040175,0.470854,0.34856,0.276788,0.387044,-0.035195,-0.251409,-0.106985,0.455943,0.145861
0.066135,-0.072421,0.255201,0.119264,-0.006792,0.372677,0.007242,0.319341,0.472516,0.066741,-0.061737,0.210539,0.230463,0.340149
0.105728,-0.154496,0.365155,0.211545,-0.0809,0.415042,0.071911,0.000753,0.656367,0.085407,-0.108927,0.068687,0.530689,0.181735
0.009715,-0.156195,0.338854,0.170594,-0.076309,0.35893,0.108557,0.166342,0.442905,0.305042,-0.141604,-0.037345,0.323085,0.25407
-0.019358,0.025597,0.36999,0.026715,0.000158,0.360089,0.128258,0.018617,0.751418,0.087162,-0.137483,0.037022,0.288493,0.31886
-0.110057,0.045969,0.313455,0.15936,-0.00411,0.408289,-0.096309,0.408742,0.383383,0.16395,-0.029849,0.17711,0.345875,0.298726
-0.252122,-0.009925,0.27179,0.191872,0.175208,0.33547,0.046746,0.124621,0.605843,0.13268,-0.127551,-0.017766,0.248329,0.358824
-0.116164,-0.357916,0.689015,0.216255,-0.064821,0.413687,0.077357,-0.142162,0.764115,0.062488,-0.219709,0.158939,0.350548,0.251513
-0.174743,0.082471,0.330694,-0.013684,0.015257,0.436626,0.188673,0.017601,0.612542,0.284314,-0.223703,-0.007425,0.430384,0.349573
0.034923,-0.051342,0.328663,0.175001,-0.010796,0.377689,0.2335,-0.03638,0.618845,0.23525,-0.15079,-0.079693,0.425305,0.120517
-0.256521,0.069378,0.257772,0.196235,0.232313,0.38163,0.058728,0.116044,0.633576,0.055489,-0.16605,0.0809,0.283784,0.258079
0.207645,-0.029067,0.329707,0.069365,-0.136395,0.508764,0.1962,0.084359,0.57348,0.158911,-0.183999,-0.152419,0.81219,-0.225328
0.033186,-0.091679,0.384754,0.233498,-0.043254,0.268299,0.259653,0.227845,0.446416,0.154038,-0.261468,-0.124721,0.303561,-0.001244
-0.038824,-0.08253,0.332709,0.307807,-0.018206,0.307304,0.259922,0.286795,0.319147,0.200362,-0.193525,-0.060871,0.121736,0.318797
-0.004555,0.024777,0.368143,0.231764,-0.019063,0.231397,0.210757,0.419864,0.349726,0.100759,-0.254269,-0.065523,0.292266,0.229104
-0.113643,0.180522,0.253467,0.203494,0.027865,0.216324,0.171331,0.132303,0.546535,0.138729,-0.19007,-0.064278,0.288731,0.325348
0.055698,-0.229669,0.305937,0.118223,-0.036258,0.529021,0.351552,0.368428,0.289724,0.125075,-0.341887,-0.024857,0.530851,0.248455
0.132949,0.074215,0.302286,0.101702,-0.167775,0.190185,0.35206,0.405197,0.252028,0.210085,-0.276328,-0.163575,0.353552,0.175332
-0.182385,-0.007743,0.250449,0.258759,0.113992,0.374408,0.162791,0.227746,0.406919,0.395579,-0.250817,-0.058925,0.388877,0.203416
-0.035686,0.052417,0.236458,0.179104,0.015738,0.373378,0.20003,0.082516,0.631512,0.15098,-0.137094,-0.015035,0.418863,0.287492
-0.289847,-0.088311,0.519529,0.240157,0.099841,0.411983,0.160488,-0.073266,0.671144,0.114721,-0.155042,0.090322,0.296467,0.354591
0.064368,-0.06499,0.321486,0.111035,-0.064767,0.431256,0.053226,0.181473,0.595982,0.268855,-0.259277,-0.039143,0.279761,0.254275
-0.062233,-0.009128,0.31909,0.158628,0.173967,0.324949,0.195912,0.096326,0.642262,0.210748,-0.212898,0.026323,0.358428,0.33444
0.64856,-0.082977,0.175424,0.011418,-0.341954,0.288486,0.12028,0.281149,0.550463,0.028461,-0.130332,-0.012253,0.37927,0.349546
-0.097114,-0.108537,0.453719,0.171733,-0.05621,0.406479,0.26167,-0.226167,0.866168,0.162638,-0.243298,-0.08808,0.384226,0.163243
-0.108358,-0.169381,0.333459,0.154837,0.104823,0.604741,0.36821,0.326117,0.325277,-0.010884,-0.318266,0.003698,0.414631,0.409323
0.126521,0.017306,0.204806,0.117468,0.008769,0.350416,0.087313,0.339328,0.448288,0.065352,-0.140206,0.070611,0.27184,0.310171
-0.206285,-0.089495,0.223962,0.189565,0.154457,0.505846,0.311918,0.259379,0.372372,0.14423,-0.347424,-0.087475,0.493272,0.218936
0.032205,-5.3e-05,0.286905,0.2207,-0.013377,0.326669,0.191586,-0.077456,0.668276,0.157,-0.179003,-0.045886,0.436693,0.144068
0.003217,-0.11152,0.427893,0.099851,-0.162347,0.420137,0.058165,-0.030503,0.843028,0.03662,-0.288528,0.117598,0.203871,0.322587
0.097557,-0.070714,0.184174,0.098015,-0.037148,0.524494,0.366665,0.21543,0.379952,0.089131,-0.253866,0.104737,0.394324,0.346424
0.350511,0.050554,0.11496,0.071491,-0.194746,0.405372,0.356871,0.265672,0.41543,0.107464,-0.221317,-0.202358,0.509146,0.05662
-0.044129,-0.079255,0.324469,0.125794,-0.027048,0.456588,0.145039,0.064589,0.739377,0.127387,-0.254441,0.011435,0.368026,0.314471
0.160893,-0.169798,0.290594,0.180822,-0.013699,0.459417,0.273614,0.227549,0.381336,0.087622,-0.16033,0.047758,0.388936,0.337837
-0.2909,0.069454,0.257734,0.207458,0.142405,0.446878,0.181522,0.08326,0.661777,0.177386,-0.300859,-0.027884,0.28754,0.418025
-0.162177,-0.178525,0.288366,0.239682,-0.053175,0.4533,0.115269,-0.148611,0.771405,0.089932,-0.144545,0.082662,0.396264,0.332829
-0.078674,0.044834,0.237945,0.232697,-0.052695,0.425769,0.051777,0.022085,0.703723,0.193937,-0.069693,0.020145,0.420966,0.239687
-0.18145,0.003324,0.429638,0.205076,0.075727,0.318883,0.012057,0.186273,0.706575,0.04676,-0.169435,0.102017,0.22976,0.330131
-0.000306,0.005766,0.135126,0.118771,0.055457,0.401099,0.250756,0.086904,0.395855,0.233583,-0.276646,0.002095,0.351944,0.336534
-0.04221,-0.046504,0.342088,0.026478,-0.021224,0.425304,0.092833,0.252757,0.520593,0.161476,-0.077795,0.076549,0.351395,0.380168
0.041767,-0.002966,0.342616,0.234546,-0.068925,0.38894,0.009979,0.184234,0.612567,0.106432,-0.130772,0.140118,0.520797,0.192636
